0,dipyridamole-thallium
1,angiotensine
2,contexte
3,myxome
4,zone tropicale
5,physiologiques
6,ccc
7,volémique
8,hémorragies
9,superposé
10,arrêt de l' embryogenèse
11,asystolie
12,enquête transversale
13,obstétricales
14,couplées
15,pouls
16,centres expérimentés
17,contre-pression
18,interauriculalre.
19,transition
20,ralentir
21,nitroglycérine
22,minnesota
23,différenciation
24,sinusal
25,septum
26,corollaire
27,syncopes
28,biomarqueurs
29,constituer
30,dérivés
31,suite
32,natriuretic
33,amyloses
34,pneumothorax
35,cmipp
36,sénescence
37,perdue
38,médiastinale
39,immunologiques
40,covariables
41,protection rénale
42,entraînent une amélioration fonctionnelle
43,bioélectrique
44,externes
45,obstructive
46,rénine-angiotensine-aldostérone
47,patients
48,syncope
49,oxymètres
50,amlodipine
51,malades
52,société
53,cr
54,reins
55,indices fonctionnels
56,b purement carentielle
57,staphylocoque
58,bénéfices
59,électrodes
60,scd-heft
61,états-unis
62,myocardiopathie
63,sénile
64,étiologique
65,géogra
66,tapse
67,vle
68,positive
69,diabete
70,phosphodiestérases
71,échographie
72,irréversible
73,immunohistochimiques
74,bronchopulmonaire
75,kpm
76,étiopathogéniques
77,contraintes
78,carcinoïde
79,éducatifs
80,extrasystole
81,logistique
82,dispositifs
83,attaque d'
84,unité
85,urgences
86,ejection
87,score
88,résonance
89,entité
90,tout-trans-rétinoïque
91,npr-a
92,cellulaire
93,thallium
94,ivoire
95,rupture
96,corrélations
97,affection
98,sclérose
99,réanimateur
100,japonais
101,prédominance
102,vitro
103,épuisement
104,obstructifs
105,basse
106,répétées
107,cardiogénique
108,côte d' ivoire
109,lier
110,coûteuse
111,thromboembolique
112,résumeé
113,aboutissement
114,medos
115,a-t-elle
116,gains
117,étendue
118,soulagement
119,hypokinétiques
120,frais
121,filtrations
122,entourées de fibrose
123,moelle
124,dysfonction
125,molécules
126,lourde
127,aorto-cave
128,endovasculaire
129,infirmière
130,littérature
131,étiologies
132,exacerbations
133,aps
134,de séjour
135,associés
136,indirectement
137,échographiques
138,élimination
139,dérivé
140,satellite
141,cellulaires
142,adénovirus
143,approche-t-on
144,mitraux
145,réseau routier
146,nécrose
147,correction
148,effets
149,transculturelle
150,retenu
151,atriale
152,cent
153,fraction d' éjection
154,retentissement
155,clampage aortique
156,pilier
157,hémorragie
158,valeur prédictive
159,transplantation
160,génétique
161,vascularisation
162,hypotension
163,para-annulaires
164,régression
165,auricule
166,nécropsiques
167,télésurveillés
168,effets immédiats
169,agressive
170,profit
171,interféron
172,précoces
173,fabry
174,trioxyde
175,coronaropathie
176,ivabradine
177,malformation
178,marché
179,atteints de sida
180,qt
181,auparavant
182,hypersensibilité
183,hémorragiques
184,irradiation
185,recul
186,néphropathie
187,transgénique
188,ménopause
189,squelettique
190,oncopédiatre
191,diastole
192,angio-œdèmes
193,ampoule
194,hyponatrémie
195,principes
196,écoulées
197,cardiorénal
198,marche
199,cabinet
200,flux trans-mitral
201,nord-est
202,anticoagulation
203,bmd
204,vih
205,péricardiques
206,aiguillés
207,quatre-vingt-quinze
208,néprilysine
209,précoce
210,inadvertance
211,résumé
212,marqueurs alternatifs
213,poussée
214,cyclophosphamide
215,sfc
216,protéines contractiles
217,traitement optimal
218,asynchronisme
219,agents antitumoraux
220,fermeture du canal
221,induits
222,hf-action
223,néonatologues
224,échocardiographies
225,pompes
226,auriculaire
227,anomalie
228,implantable
229,thrombolyse
230,réadmission
231,mesures périopératoires
232,survie
233,inserm
234,turbine
235,nodule
236,antibiothérapie
237,socio-démographiques
238,transoesophagienne
239,approche structurée
240,récepteurs
241,radio-induite
242,légères
243,clampage
244,prise
245,thérapeutiques
246,transductal
247,entrevues
248,contre-indique
249,droite
250,endothéliales
251,immunosuppression
252,mutations
253,coronaires
254,avk
255,entraîne des perturbations
256,d' assurance
257,récupéré
258,paracliniques
259,fistule
260,rénine-angiotensine
261,micro-angiopathie
262,pharmacologiques
263,pronostic
264,traiter
265,voisine
266,acv
267,souffle continu
268,effets de l' occlusion
269,vitesse
270,hypocalcémie
271,pente
272,comparateur
273,élément déterminant
274,21e
275,droites
276,pré-mortem
277,éloignement
278,tort
279,prédictive
280,prédictifs
281,sujet
282,vo2
283,thromboses
284,metformine
285,postopératoire
286,cd4
287,vasculaires
288,vieillissante
289,syndrome de takotsubo
290,cardiologues
291,score de qualité de vie
292,prévention primaire
293,mitoxantrone
294,péricardites
295,économique
296,1'icc
297,chlamydia
298,quatorze
299,épanchements
300,cellules musculaires
301,surmortalité
302,financiers
303,conseils diététiques
304,évolutive
305,précordiales
306,défibrillateur
307,löffler
308,valvulopathies
309,dupliqué
310,diurne
311,hypercapnie
312,neutrophiles
313,endothéline
314,comité d' experts
315,abidjan
316,desmosomes
317,mécanismes de changement
318,heart
319,érythropoïétine
320,icc
321,athérosclérose
322,177000fcfa
323,porteuse
324,éliminées
325,thromboemboliques
326,hautes
327,coronarienne
328,obstructives
329,pédiatrie
330,avantages
331,associées
332,traités à la heart function
333,prématurité
334,furosémide
335,canal
336,chimiothérapie
337,asservie
338,démographique
339,valsartan
340,inhibé
341,lôffler
342,machine
343,endocarde
344,endoprothèse
345,inotropes
346,thrombo-emboliques
347,cérébrales
348,rhumatoïde
349,entrepris
350,cardiospécificité
351,réfractaire
352,co-morbidité
353,grossesse
354,contre-indication
355,résistine
356,ischémie
357,contre-traduits.
358,pharmacologique
359,volémie
360,hémodynamique
361,courant
362,incapacités
363,etics
364,systèmes d' assistance
365,échocardiographiques
366,rats
367,tour
368,prédialysé
369,bronchique
370,aiguë
371,climatique
372,prometteuse
373,aide d' un logiciel
374,hypertrophique
375,peptidique
376,circulations
377,mco
378,chg
379,rsus
380,agressivité
381,post-partum
382,oxydation
383,crt
384,prétraitement
385,périphérique
386,cardiac
387,tsm
388,manquant
389,pistes de recherches
390,intoxication
391,économiques
392,pallier
393,tension
394,affections
395,organisation
396,hta
397,prévention
398,physiques
399,hypertensive
400,béribéri
401,cérébraux
402,cardioversion
403,antipaludéens
404,mâles
405,santé
406,endoprothèses
407,rhabdomyomes
408,reverse
409,stratification
410,dynamique
411,révélatrices
412,compensées
413,neurologique
414,févg
415,stimulation
416,flux
417,cim
418,cytotoxiques
419,rapportés
420,cmh
421,précarité
422,événements indésirables
423,oedemes
424,congestive
425,biopsies
426,général de yaoundé
427,paclitaxel
428,multiplicité
429,cnamts
430,protéomique
431,souffert
432,npr-c
433,congestion
434,activés
435,différenciant
436,ultérieure
437,système de conduction
438,diabétiques
439,contractilité
440,princeps
441,classe iii
442,tentative
443,carences
444,natriurèse
445,lutter
446,etp
447,gémellaire
448,cardiomyopa
449,malade
450,vingt
451,prématuré
452,anti-chronologique
453,non-diabétiques
454,pédicules
455,groupe de travail
456,contraction
457,endocarditiques
458,indésirables
459,ruptores
460,déplacements
461,système de santé
462,pédiatres
463,régime
464,responsable
465,contrecarrer
466,stratégies de réduction
467,ras
468,foetal
469,masson
470,anormalités
471,percutanée
472,antéroseptales
473,classe ii
474,autopsie
475,hospitalisations
476,partie
477,non-peptidiques
478,bpco
479,pontage aortocoronarien
480,nodulaire
481,ré-admission
482,abdomen
483,dépressive
484,méthodes
485,constrictive
486,septal
487,récidivé
488,post-hoc
489,toxicity
490,matrice
491,itraconazole
492,remplacement
493,accord de l' institution
494,lorraine
495,congestives
496,distendre
497,double chambre
498,électrolytes
499,électroencéphalogramme
500,cardiopathie
501,norépinéphrine
502,ecg
503,gauches
504,amylose
505,poumon
506,subtotales
507,décision
508,bévacizumab
509,récupération
510,déficit
511,énalapril
512,sonde
513,sources de données
514,dénutrition
515,secondes
516,communications
517,électrocardiographiques
518,à long terme
519,bcl-2
520,contrebalance
521,preuve
522,trois
523,enceintes
524,poussées
525,oxygène de pointe
526,apnées-hypopnées
527,pic de vo2
528,mcdi
529,péri
530,diabète
531,toxocarose
532,or
533,anthracyclines
534,probnp
535,tolérance
536,antibiotique
537,périopératoire
538,logistique multivariée
539,rendement
540,extracorporelle
541,endopelvienne
542,elle
543,éosinophiles
544,ieca
545,toxique
546,congénital
547,système cardiovasculaire
548,trichrome
549,infarci
550,isomérisme
551,igg
552,é.-t
553,normes de soins
554,restrictions
555,bioprothèse
556,implanter
557,peptides
558,natriurétique
559,auto-questionnaires
560,elite
561,codes 428
562,réversibles
563,pneumologique
564,hypertensives
565,intubation
566,conclusions
567,desépisodes de détresse
568,bactériologique
569,fréquent
570,résulte
571,points essentiels
572,compétence perçue
573,hypertendu
574,fatigue
575,courent
576,thoraciques
577,combler
578,sombre
579,fibrose
580,facteur
581,réactives
582,anp
583,admission
584,décompensation
585,vieillard
586,montrant
587,tiers
588,micro-immunofluorescence
589,effets bénéfiques
590,échelle mondiale
591,discale
592,thyroïdienne
593,β-bloquant
594,auto-immune
595,palliatifs
596,facteur rhumatoïde
597,sécurité
598,défibrillateurs
599,anatomopathologique
600,mauvaise
601,indice de masse corporelle
602,sphinglopidose
603,électrocardiogramme
604,auriculo-ventriculaires
605,medline®
606,poursuit
607,stress
608,aortiques
609,anamnestiques
610,freinent
611,récidive
612,démontrant
613,traitement
614,bactériologiques
615,urgence
616,profil
617,diastoliques
618,rhm
619,ventilatoires
620,hyposodé
621,logique
622,éjection du ventricule
623,contrôler
624,portrait des maladies
625,épidémiologie
626,dyspnée
627,agressif
628,bav
629,québec
630,congolais
631,entraîne des hypertensions
632,roc
633,colombie-britannique
634,parrainage
635,réinductibles
636,circulant
637,révélateurs
638,conduction
639,objectif
640,préopératoire
641,coefficient de corrélation
642,infructueux
643,retardée
644,force musculaires
645,binaire
646,éviction
647,haute performance
648,arrêt définitif
649,facteurs de risque
650,cardiovasculaire
651,stimulant
652,néonatale
653,rhumatologique
654,méconnues
655,administratives
656,métastatiques
657,cinétique
658,coûts
659,dominé
660,imputés
661,grossesses
662,antihypertenseur
663,e / vp
664,athéroscléreuses
665,gestité
666,gcest
667,essai loyal du traitement
668,électrocardiographie
669,inférieurs
670,constriction
671,traitements antiangineux
672,macrophages
673,statines
674,réhospitalisations
675,crâne
676,myocardites
677,fraction filtrée
678,péricarde
679,supérieurs
680,pathologiques
681,thérapie
682,dilatation
683,prudente
684,pontage
685,cmd
686,méta-analyse
687,destructrices
688,effractive
689,hypertrophier
690,polymédicamenté
691,cutanées
692,auto-immun
693,broncho-pneumopathie
694,ralentissement
695,mé
696,cardiaque
697,réciproque
698,ponts
699,éducative
700,éducation
701,doré
702,icb
703,corrélation
704,aide au diagnostic
705,inexpliquée
706,saharienne
707,exégèse
708,hmg
709,élevait
710,pré-hospitalière
711,icad
712,myocardiques
713,effets à moyen terme
714,hémoculture
715,éjection ventriculaire
716,néoplasique
717,appareil
718,thiamine
719,programme d' entraînement
720,qualité de vie
721,autorité
722,réduisant
723,intensité
724,occlure
725,lyon
726,codes de données
727,enceinte
728,pointe
729,séquestration
730,état de santé
731,new york
732,extracellulaire
733,courantes
734,méthode
735,déoxyribonucléotide
736,ulcéronécrosante
737,antiplaquettaire
738,av
739,sous-cutanés
740,effets indésirables
741,etude française
742,oxygénothérapie
743,congestifs
744,sollicitation active
745,aortique
746,explanter
747,dépendance
748,toxiques
749,ara2
750,ouédraogo
751,point de comparaison primaire
752,morbidité
753,technologiques
754,radioactif
755,stimulation biventriculaire
756,échocardiographie
757,vingtaine
758,inopérable
759,vd
760,inactif
761,obstétrique
762,complications à moyen terme
763,aspergilloses
764,prostaglandines
765,indépendante
766,antécédents
767,métabolisme
768,régresser
769,groupe de rythmologie
770,conférence consensuelle
771,séquestrationextralobaire
772,socio-économique
773,ventriculaire
774,destruction
775,sarcomes
776,duodénales
777,esthétique
778,compression
779,contractiles
780,ventriculaires
781,défaillance multiviscérale
782,non-répondeurs
783,critiques
784,étude multicentrique
785,endothélial
786,grand intérêt
787,facteur socio-économique
788,d' étude
789,surrénales
790,peptide
791,questionnaire de qualité
792,noradrénaline
793,questionnaire de goldman
794,passées
795,oncologues
796,contre-indications
797,calculer
798,courante
799,discriminant
800,machines
801,scannographie
802,dysfonctionnements
803,radiologiques
804,association
805,état des connaissances
806,iodée
807,dues
808,torsades
809,constitution
810,endocardites
811,rétablissement
812,correspondance
813,audit
814,globalité
815,programme de médicalisation
816,pronosgtic
817,france.
818,du séjour
819,fibrilation
820,subite
821,gauche
822,biologiques
823,infrahissien
824,oncotique
825,agressions
826,greffe
827,tsh
828,fe
829,faut-il
830,d' évaluation
831,artériopathie
832,syncopal
833,contre-indiquées
834,limitent
835,système
836,stratégies thérapeutiques
837,précocement
838,active
839,destructrice
840,traitement génétique
841,double aveugle
842,est-ce
843,augmenter
844,endocardique
845,prédicteurs
846,sance
847,périopératoire des antiplaquettaires
848,accouchements
849,foetale
850,insuffisance
851,insee
852,angio-œdème
853,churg-strauss
854,affection inexorablement
855,péritonéale
856,paramédicaux
857,système rénine-angiotensine
858,réticulohistiocytose multicentrique
859,autologues
860,capacité fonctionnelle
861,cyanose
862,dépressions
863,endoluminale
864,endomyocardiques
865,récepteur
866,coût
867,stéroïdes
868,irréductible
869,force
870,myocytaire
871,pressions
872,résonance magnétique
873,tad
874,agissait
875,tci
876,relation étroite
877,polymorphisme
878,néonatales
879,vaptans
880,castration
881,clés
882,hémodynamiques
883,maîtrisée
884,remplissage
885,répercussion
886,suivi
887,g·l–1
888,β-bloquants
889,infarctus
890,angiomes
891,dépression
892,normalité
893,technologie
894,vs
895,impact
896,repos
897,flux aortique
898,bronchopneumopathie
899,supraventriculaires
900,mise à jour
901,stratégies de traitement immunomodulatoire
902,contrepulsion
903,care-hf
904,dominantes
905,dysmétabolismes
906,prostacycline
907,angiographie
908,découpée
909,rhumatismales
910,ventricules
911,prothrombine
912,non-compaction
913,post-hospitaliers
914,radiographie
915,prophylactique
916,budget
917,rapport
918,immunofluorimétriques
919,auteurs
920,catabolisme
921,tolérant
922,réanimateurs
923,crpus
924,endopeptidase
925,usik
926,intensités
927,vecteurs
928,angulaire
929,biomarqueur
930,perte
931,propriétés
932,antiarythmiques
933,rattachent
934,angioscintigraphie
935,whipple
936,toux
937,veineux
938,paroxystique
939,protocoles de réentraînement
940,meadows
941,répandu
942,osmolarité
943,ablation
944,capillaire
945,régurgitation
946,volumineux
947,isolée
948,investissement
949,glitazones
950,acc
951,hypo-osmolarité
952,services de pédiatrie
953,services de cardiologie
954,jeunes
955,eas
956,cancérologie
957,défibrillation-resynchronisation
958,cutanée
959,contrôles
960,pompe
961,livraison
962,poids
963,bradykinine
964,unités de soins
965,assistance circulatoire
966,i-care
967,hypertensif
968,ans
969,embolisation
970,vacuolaires
971,système de soins de santé
972,bloc opératoire
973,3e
974,cpk
975,ira
976,retard
977,poursuivi
978,rénale
979,paramédicale
980,thyroïdectomie
981,subites
982,origine
983,accumulation
984,tertiaire
985,secondaire
986,avitaminose
987,oculaire
988,intriquées
989,hamilton
990,icfep
991,décubitus
992,famille
993,montré
994,amyloïde
995,emploi
996,coûteux
997,placebo
998,tricuspidien
999,traumatismes
1000,déshydratation
1001,absorption
1002,azolé
1003,coronaropathies
1004,co-morbidités
1005,cancer
1006,hypervascularisées
1007,propos
1008,récidives
1009,apports
1010,cycle de calcium
1011,commercialisées
1012,échocardiogramme
1013,pourvoyeuses
1014,épanchement
1015,quarante-quatre
1016,santé publique
1017,cardiologue
1018,énergie
1019,cardio-vasculaires
1020,diététique
1021,vitesse de propagation
1022,cérébral
1023,vérapamil
1024,obésité
1025,palliative
1026,cim-10
1027,pro
1028,anesthésique
1029,lourdes
1030,rémission
1031,fistules
1032,spondylarthrite
1033,facteurs
1034,cardiotoxicité
1035,rouen
1036,fil du temps
1037,guider
1038,adrénergiques
1039,miracle
1040,fdv
1041,auto-soins
1042,non-invasive
1043,inhiber
1044,souffrances
1045,néo-angiogenèse
1046,biventriculaire.
1047,myxomes
1048,cardiomyopathies
1049,critique
1050,pah
1051,diurétiques
1052,agent antiprolifératif
1053,traduction
1054,systèmes
1055,rétention d' eau
1056,implantés
1057,oncocitémie
1058,boissons
1059,rr
1060,précliniques
1061,nigeria
1062,trente-trois
1063,écart-type
1064,adrénoméduline
1065,sud-est
1066,anémie
1067,resynchronisation
1068,multicentriques
1069,cardiologique
1070,icd
1071,surcharge
1072,délai d' apparition
1073,epical
1074,d' oxygène
1075,igm
1076,échographie-doppler
1077,isotopique
1078,hypokinétique
1079,anticorps
1080,peropératoire
1081,agents alkylants
1082,cardiomyopathie
1083,décès
1084,système rénine-angiotensine-aldostérone
1085,épidémiologiques
1086,minéralocorticoïde
1087,transcriptase-polymerase
1088,assurance-maladie
1089,osf
1090,neurologiques
1091,soutenue
1092,recombinant
1093,taux de réhospitalisation
1094,pac
1095,éthiques
1096,physiopathologie
1097,stimulateurs
1098,rétablie
1099,sous-jacente
1100,lignes
1101,thrombopénie
1102,sénégal
1103,pénurie
1104,physique
1105,aspirine
1106,cim-9
1107,urinaire
1108,transposition
1109,action directe
1110,malnutries
1111,ventricule
1112,antimétabolites
1113,mécanique
1114,etats-unis
1115,interventionnels
1116,voyages
1117,effet indésirable
1118,règle
1119,transduction
1120,carcinoïdes
1121,supplémentation
1122,postopératoire immédiate
1123,occlusions
1124,fibromes
1125,expansion
1126,rang
1127,poursuivra
1128,induite
1129,hépatomégalie
1130,goitre multinodulaire
1131,stimulation double chambre
1132,sacrococcygien
1133,ecmo
1134,hope
1135,lymphocytes
1136,maladie
1137,indométacine
1138,autosomiques
1139,cnp
1140,paraclinique
1141,mitro-aortiques
1142,prometteurs
1143,génitales
1144,amoindrie
1145,forts
1146,vg
1147,préservée
1148,horner
1149,diurétique
1150,rétrospective
1151,française
1152,équimolaire
1153,apyrexie
1154,biopsier
1155,plainte
1156,mcd
1157,angioplastie
1158,preuves
1159,pneumoniae
1160,exérèse
1161,oxydatives
1162,scintigraphie
1163,justifier
1164,dilatées
1165,énergétique
1166,administrées
1167,épisode
1168,déclampage
1169,invalidantes
1170,arn
1171,antécédents thromboemboliques
1172,interatrial
1173,transferase
1174,résultats
1175,interstitielle
1176,électrique
1177,cause primaire
1178,antécédent
1179,auc
1180,biventriculaires
1181,septale
1182,saines
1183,fin de vie
1184,incitent
1185,persistante
1186,transfusion
1187,pathophysiologie
1188,couplée
1189,irm
1190,inhibiteur
1191,sous-utilisés
1192,décès annuels
1193,induites
1194,antihypertenseurs
1195,myocardiopathies
1196,dilatée
1197,systèmes pneumatiques
1198,embolique
1199,postéro-inférieure
1200,artérielle
1201,composite
1202,morbide
1203,apoplexie
1204,d' intérêt
1205,apnéiques
1206,peripartum
1207,projets
1208,protéines
1209,traitement immédiat
1210,toxicité
1211,fractionnelle
1212,imc
1213,cardiomégalie
1214,désaturation
1215,radiotherapy
1216,france
1217,tropheryma whipplei
1218,cardiothyréose
1219,rennes
1220,entraîner
1221,médecine
1222,dysthyroïdies
1223,remodelage
1224,tritronculaire
1225,service des urgences
1226,hypothèse
1227,tissus
1228,fédération française de cardiologie
1229,extrêmes
1230,tachycardie
1231,fractions
1232,hémangiomes
1233,leriche
1234,génétiques
1235,induction
1236,prometteur
1237,somnolence
1238,cim)-8
1239,cox
1240,hyperéosinophilie
1241,sous-groupes
1242,plan de traitement
1243,afrique
1244,éliminer
1245,thrombus
1246,technologies
1247,contre-indiquer
1248,intriquer
1249,actifs
1250,systèmes de soins
1251,comparaison primaire
1252,endocardite
1253,dt2
1254,cardiowest
1255,troisième
1256,bétabloquants
1257,valvulopathie
1258,hyponatrémies
1259,infectieuse
1260,ordre général
1261,thrombi
1262,implantée
1263,circulatoire
1264,distension
1265,à titre préventif
1266,orthotopique
1267,europe
1268,marqueurs de sévérité
1269,cancers
1270,risques évolutifs
1271,étiologiques
1272,ordre
1273,service de médecine
1274,obèses
1275,réadaptation
1276,polyarthrite
1277,occident
1278,rendant
1279,type-b
1280,soins de santé
1281,collège national des cardiologues
1282,micro-éveils
1283,charge
1284,anti-aldostérone
1285,remodelling
1286,pertes
1287,endomyocardique
1288,cd8
1289,excrétion
1290,obstétricale
1291,transthoracique
1292,hypertoniques
1293,actif
1294,transrénale
1295,statut
1296,cellules
1297,duke
1298,revascularisation
1299,trachéale
1300,nouveau-né
1301,rhumatisme
1302,thrombolytiques
1303,surveillance
1304,colligées
1305,hospitalisation
1306,pluies
1307,groupes musculaires
1308,fibroblastique
1309,traduisant
1310,bosentan
1311,objectifs
1312,hyperpigmentation
1313,squelettiques
1314,analyse multivariée
1315,mécanismes pathologiques
1316,coeur
1317,révélateur
1318,groupe d' insuffisance
1319,assistances
1320,brutale
1321,group in chronic heart failure
1322,iie-de-france
1323,antiviraux
1324,pression
1325,inflammation
1326,antivitamines
1327,responsabilité
1328,insuffisance rénale
1329,réentraînement
1330,écho-doppler
1331,paris
1332,ic
1333,fréquence
1334,dépistage
1335,lètalité
1336,mitrale
1337,autodétermination
1338,rénal
1339,rééducative
1340,faisceau
1341,hydroxychloroquine
1342,sommeil
1343,lombotomie
1344,avant-bras
1345,réelle
1346,anévrisme
1347,introduction
1348,électrocardiographique
1349,principal de dakar
1350,justification
1351,hla
1352,systolique
1353,surpoids
1354,congénitales
1355,péri-opératoires
1356,ventri
1357,mesures préventives
1358,hypoxie
1359,révélatrice
1360,démence
1361,entourage
1362,héparines
1363,cardiovasculaires
1364,littératur
1365,agent immunosuppresseur
1366,laryngée
1367,approches thérapeutiques
1368,phase aiguë
1369,étalant
1370,arythmogène
1371,validité
1372,thoracique
1373,double évaluation
1374,syndrome
1375,étiologie
1376,multivariée
1377,altérer
1378,latéral
1379,lourds
1380,stratégie thérapeutique
1381,clairance
1382,circulantes
1383,pool de cardiomyocytes
1384,thiazolidinediones
1385,abdominale
1386,ac / fa
1387,biosite
1388,16s
1389,agricole
1390,créatininémie
1391,tunel
1392,bisoprolol
1393,congé de l' hôpital
1394,péripartum
1395,agressifs
1396,asa-1
1397,porteurs
1398,apnées
1399,soins tertiaires
1400,moléculaire
1401,arrêt des médicaments
1402,leucémies
1403,auriculo-ventriculaire
1404,arythmie
1405,ischémique
1406,post-ischémique
1407,d' avenir
1408,réanimations
1409,hypothèses
1410,nucléaire
1411,subitement
1412,passive
1413,hypertension
1414,réanimation
1415,aggravation
1416,hyperkinésie
1417,dnp
1418,cardio-rénal
1419,conclusion
1420,indemnes
1421,lipomes
1422,cavité
1423,rfc
1424,intoxications
1425,plasmatique
1426,rétention
1427,complexe
1428,pharmacologie
1429,valves
1430,cavités
1431,privés
1432,congénitale
1433,commentaire
1434,ac - couchement
1435,mécanismes de transition
1436,précharge
1437,ventilation
1438,cardiomyoplastie
1439,alternative
1440,natriurétiques
1441,angor
1442,hématopoïétiques
1443,prescriptions abusives
1444,igs
1445,outre
1446,stimulus
1447,cohortes
1448,volets
1449,incapacité
1450,dyspnée aiguë
1451,admissions
1452,mécanismes de signalisation
1453,t-elle
1454,pas
1455,anti-vitamines
1456,propositions de stratification
1457,léiomyomatose
1458,soixante-dix-neuf
1459,stade
1460,mimant
1461,système de soins
1462,élevée
1463,chlamydia pneumoniae
1464,cardique
1465,soixante-trois
1466,chute
1467,stimulation multisite biventriculaire
1468,réversible
1469,doppler
1470,endothéliale
1471,indices combinés
1472,victime
1473,réfractaires
1474,cohorte
1475,sodium
1476,ethniques
1477,endormir
1478,entraînant
1479,dialyse
1480,distance parcourue
1481,rapportons
1482,droit
1483,cardio-vasculaire
1484,décisions
1485,diabétique
1486,value
1487,croyance
1488,comas
1489,stade évolué
1490,lutter contre l' ensemble
1491,hémoglobine
1492,perfusion
1493,pro-inflammatoires
1494,feinstein
1495,anomalies
1496,intérêt
1497,atrioventriculaires
1498,thrombose
1499,uyo
1500,caractérisée
1501,programme de réadaptation
1502,tricuspide
1503,hypo-albuminémie
1504,goldman
1505,insuffisances
1506,hémoglobinémie
1507,statistique
1508,companion
1509,retardé
1510,résiduels
1511,atteintes de cancer
1512,auriculoventriculaire
1513,valeur
1514,historique
1515,alternatifs
1516,iv
1517,foie
1518,éducatif
1519,méthodologie
1520,anesthésie
1521,malignes
1522,hypokinésie
1523,muqueuses
1524,radiothérapie
1525,physiopathologique
1526,indépendant
1527,tableau aigu
1528,inférieure
1529,irt
1530,sous-clavière
1531,antiarythmique
1532,néphrologues
1533,somatique
1534,nésiritide
1535,buts
1536,multidisciplinarité
1537,électromagnétique
1538,pré-pectorale
1539,morts
1540,innocuité
1541,rétroaction
1542,programme d' assistance circulatoire
1543,défaillances multiviscérales
1544,mécanisme
1545,classifications fonctionnelles
1546,fréquemment
1547,galien
1548,traitements
1549,pulmonaire
1550,adénoviraux
1551,peropératoires
1552,prix
1553,arrêt cardiaque
1554,centre hospitalier
1555,valve
1556,cronbach
1557,conversion
1558,facteurs de mauvais pronostic
1559,quelquefois
1560,hydroélectrolytique
1561,séniles
1562,assurance de la qualité
1563,adénosine
1564,grand obstacle
1565,transfert
1566,courbes
1567,microcirculatoire
1568,ivig
1569,fevg
1570,mauvaise conformité
1571,aldostérone
1572,sociétés
1573,biochimique
1574,parité
1575,mort
1576,hypothyroïdie
1577,renaal
1578,dilaté
1579,fa
1580,aggravants
1581,thyréotrope
1582,lisinopril
1583,polygraphie
1584,infusions
1585,collège
1586,administration
1587,échappement
1588,technique
1589,inotropisme
1590,basses
1591,alpine
1592,profité
1593,quarante-six
1594,champs de codage
1595,etude
1596,handicapés
1597,emboliques
1598,étalent
1599,appel téléphonique
1600,inhibiteurs
1601,sepsis
1602,postcapillaire
1603,élévation
1604,leucémies secondaires
1605,d' autonomie
1606,planimétrie
1607,implanté
1608,suites
1609,calcul
1610,cardiopathies
1611,tonus
1612,centrales
1613,secondaires
1614,isoprotérénol
1615,propriété
1616,oxygène d' appoint
1617,lymphomes
1618,post-infarctus
1619,orthostatique
1620,directives
1621,conduite
1622,liée au sexe
1623,épidémie
1624,électromécaniques
1625,dysplasie
1626,sondes
1627,iga
1628,expérimental
1629,étiopathogénie
1630,pouvoirs publics
1631,vieillissement
1632,pulmonaires
1633,sains
1634,immunodéficience
1635,incapacité fonctionnelle
1636,décisionnels
1637,échocardiographique
1638,hommes
1639,boîtiers
1640,interruption
1641,plaques
1642,quarante-huit
1643,périphériques
1644,sa
1645,troponine
1646,insuffisance tricuspidienne
1647,myocardique
1648,relations de causalité
1649,non-spécialistes
1650,électriques
1651,obstruction
1652,précipitants
1653,hyperthyroïdie
1654,filtration
1655,ľinsuffisance
1656,implantation
1657,épidémiologique
1658,tensionnelles
1659,mustic
1660,unité thérapeutique
1661,créatinine
1662,scores globaux
1663,grenoble
1664,nébuleuse
1665,asymptomatiques
1666,panne des dispositifs
1667,immunoglobuline
1668,éosinophilie
1669,pmsi
1670,maternelle
1671,périodique
1672,connectivite
1673,échocardiagraphique
1674,inciter
1675,hypoxémie
1676,musculaire
1677,car
1678,interrogés
1679,incertain
1680,reprise
1681,hypoxies
1682,dépressif
1683,reçoivent
1684,oreillette
1685,point de vue
1686,hémocultures
1687,cardiologie
1688,série de cas
1689,système rénine–angiotensine–aldostérone
1690,mtor
1691,aériennes
1692,rapporté
1693,enoximone
1694,anténatale
1695,australie
1696,fumeurs
1697,organes
1698,battements
1699,mécaniques
1700,chimiothérapies
1701,reposant
1702,télésurveillance
1703,pharmacovigilance
1704,ankylosante
1705,fréquente
1706,réseaux
1707,sténoses
1708,évolutifs
1709,psychomoteur
1710,codes
1711,couplage
1712,réclamations
1713,hystérectomie
1714,sousjacente
1715,révéla-tion
1716,pré-implantation
1717,ml
1718,métastases
1719,délétères
1720,après-midi
1721,syndrome d' apnées
1722,indemne
1723,systèmes d' information - médecine
1724,celles-ci
1725,diastolique
1726,atrioventriculaire
1727,télédiastoliques
1728,réseau
1729,semi-précoces
1730,thyrotoxicose
1731,autres
1732,myocardite
1733,chloroquine
1734,pronostique péjoratif
1735,iec
1736,techniques
1737,stimulateur biventriculaire
1738,sub-saharienne
1739,xxie
1740,a.f.
1741,rentables
1742,secondairement
1743,cardiaques
1744,mortalité
1745,ventriculographique
1746,musculaires
1747,trente-huit
1748,cutané
1749,éjection
1750,mönckeberg
1751,implantables
1752,valvulaires
1753,médecins
1754,goitre
1755,pléthysmographie
1756,alitement
1757,montréal
1758,dépenses
1759,peptide natriurétique
1760,épaisseur des parois
1761,v3
1762,révélation
1763,énoximone
1764,isotopiques
1765,myocarde
1766,niger
1767,différentielle
1768,agents antiplaquettaires
1769,hypo-oncocitémie
1770,témoin
1771,maison de retraite
1772,règles
1773,handicap
1774,sel
1775,sus-hépatiques
1776,transfert génétique
1777,autopsiques
1778,adénopathies
1779,quatre-vingt-deux-patients
1780,cérébrale
1781,cibles
1782,rémittente
1783,antithyroïdiens
1784,immunodosage
1785,tolérables
1786,canada
1787,fibrillation
1788,somme
1789,adulte
1790,cockcroft
1791,thrombophilie
1792,échocardiographie-doppler
1793,génique
1794,fibroblastes
1795,classification
1796,mal
1797,anse
1798,circulation
1799,masse non grasse
1800,non-prescription
1801,répercussions
1802,élimine
1803,extralobaire
1804,responsables
1805,éprouvés
1806,ischémiques
1807,fréquents
1808,défibrillation
1809,pharmacocinétique
1810,f. e.
1811,psychologue
1812,stimulateur
1813,évolutif
1814,héparine
1815,pharmanet
1816,organisation multidisciplinaire
1817,biopsie
1818,aveugle
1819,bilan
1820,ascite
1821,dépendante
1822,biventriculaire
1823,protéolyse
1824,réabsorption
1825,insuffisance cardiaque
1826,hémiplégie
1827,contrepulsation
1828,induit
1829,htap
1830,600fca
1831,bnp
1832,redoutables
1833,utérine
1834,plateau
1835,extracardiaque
1836,hypertendus
1837,cardites
1838,lien de causalité
1839,juvénile
1840,valvulaire
1841,échocard
1842,prophylaxie
1843,macro
1844,pré-probnp
1845,homocystéine
1846,amsacrine
1847,des muqueuses
1848,radiologique
1849,classification internationale des maladies
1850,métastatique
1851,extra-corporelle
1852,aspirine®
1853,protéine
1854,élucidée
1855,synergique
1856,inexpliquées
1857,trachomatis
1858,fonctionelle
1859,somnologue
1860,remède authentique
1861,toxocara
1862,pronostique
1863,blocage des systèmes
1864,avantageux
1865,cnchg
1866,cinquième
1867,doubler
1868,postpartum
1869,sécuritaire
1870,contractile
1871,quatre-vingts
1872,centre de cardiologie tertiaire
1873,hypertrophie
1874,fraction
1875,antidiurétique
1876,revue
1877,répertorier
1878,amyloïdose
1879,prenantes
1880,autonomie
1881,anticorps anticytoplasme
1882,immunosuppresseurs
1883,entérocolite
1884,galectine-3
1885,mesures de poids
1886,polynucléaires
1887,gravité
1888,renouveler
1889,hydrosodée
1890,génériques
1891,hémangiome
1892,résolution
1893,plaquettes
1894,financier
1895,multiviscérales
1896,onéreux
1897,diabètique
1898,angine
1899,indice apnée-hypopnée
1900,rénales
1901,traitements spécifiques
1902,coronaire
1903,témoins
1904,ajusté
1905,cliniques
1906,hémopathies
1907,abcès
1908,cehr
1909,antithrombotique
1910,résistances
1911,avec
1912,post-charge
1913,étude non contrôlée
1914,endocarties
1915,physiopathologiques
1916,péricardite
1917,péricardique
1918,systèmes de santé
1919,insuffisance ventriculaire
1920,effets secondaires
1921,premier
