0,méconnues
1,sélénium
2,endothéline
3,tolérance
4,infirmière
5,supérieures
6,électrocardiographique
7,restrictions
8,conduite
9,soins
10,anamnestiques
11,enfance
12,diabétiques
13,différences de réponse
14,myxome
15,survie
16,règles de gestion
17,hyperkinésie
18,endothéliale
19,grossesse
20,interne
21,fin de vie
22,elle-même
23,portrait
24,dépistage
25,traitement classique
26,rentables
27,dipyridamole-thallium
28,immunodosage
29,veineuse
30,autosomiques
31,torpide
32,fonction de la taille
33,maîtrise des symptômes
34,tardifs
35,cardiopathies
36,déplacement de sonde
37,diastolique
38,macrophages
39,hospitalisation
40,graves
41,évaluation des preuves
42,avant-bras
43,nécrose antérieure
44,race noire
45,coronaropathies
46,actifs
47,réinductibles
48,forts
49,étude des lymphocytes
50,alternative
51,récupération
52,aorto-cave
53,leucémies
54,desmosomes
55,cd4
56,antérieur
57,diététique
58,épidémiologique
59,index
60,igm
61,contre-pression
62,assistance circulatoire
63,hypo-albuminémie
64,état des connaissances
65,montré
66,couchement
67,augmentation de la fréquence
68,muqueuses
69,ivabradine
70,induits
71,post-infarctus
72,vecteurs
73,analyses
74,dépression
75,voie thérapeutique
76,crâne
77,résistances vasculaires
78,buts
79,variations de poids
80,thrombopénie
81,greffe
82,compression
83,métastatiques
84,fistules
85,spondylarthrite
86,en dehors des digitaliques
87,perçue
88,mouvement
89,allonger
90,postéro-inférieure
91,indésirables
92,hémodynamique
93,moyen
94,enquête alimentaire
95,min-1
96,position
97,confirmé
98,artère rénale
99,plaques
100,infectieuses
101,suggère
102,malades
103,post-hospitaliers
104,méthodologie
105,min
106,effets immédiats
107,évolution de l' épidémiologie
108,psychologue
109,compensées
110,avancée
111,éosinophilie
112,adénosine
113,système de soins
114,activité
115,phase ii
116,réanimateur
117,immédiat
118,autonome
119,artériopathie
120,meme
121,hémoculture
122,aire
123,troubles de conduction
124,accident
125,poumon
126,décompensés
127,pleine expansion
128,salée
129,décours
130,ventri
131,investissement
132,évolutives de la cardiothyréose
133,contractile
134,néo-angiogenèse
135,ligature
136,clivage
137,nébuleuse
138,milieu cardiologique
139,plasmatique
140,probnp
141,inotropes
142,validité
143,vasculaire
144,associée
145,non-peptidiques
146,emploi
147,pharmacologie
148,incertain
149,pro-inflammatoires
150,séronégatives
151,risque de mortalité
152,jumeau
153,coût financier
154,sous la forme
155,début des années
156,hypothèses
157,auriculo-ventriculaires
158,matériel
159,carcinoïde
160,étiopathogéniques
161,protéine bcl-2
162,pas
163,réduction de morbimortalité
164,rr
165,supérieur gauche
166,abdomen
167,artérielles
168,igg
169,dysthyroïdies
170,non-compaction
171,cardiopathie
172,défibrillation
173,hystérectomie
174,cas de fibrillation auriculaire
175,préservée
176,race
177,pratiques thérapeutiques
178,heart
179,rsus
180,à la pratique
181,informations cohérentes
182,adhérant
183,phase peropératoire
184,équipe paramédicale
185,vérapamil
186,évolution de cette insuffisance
187,ablation
188,ère thérapeutique
189,régression des risques
190,passive
191,hypoxies
192,humeur
193,déplacements
194,perte d' efficacité
195,natriurétique
196,retardé
197,ulcéronécrosante
198,nodulaire
199,risque de mort
200,analyse statistique
201,pontage
202,adénopathies
203,cancers
204,projets
205,cas de cardiomyopathie
206,sodium
207,externe
208,pioglitazone
209,induction
210,thrombolyse
211,bronchopneumopathie
212,rénales
213,inadvertance
214,sang
215,pré-pectorale
216,évolution des symptômes
217,diabete
218,co-morbidités
219,problème de santé
220,effort
221,matrice
222,ventricule gauche
223,ventricule droit
224,canis
225,interférence
226,pression artérielle
227,problèmes de santé
228,néonatologues
229,immunofluorimétriques
230,réfractaire
231,double aveugle
232,lévosimendan
233,unité
234,études de la période
235,stress
236,lésion
237,mode d' action
238,dépister
239,épreuves
240,thyroïdectomie
241,ampoule
242,stratégies de prévention
243,études de population
244,bioprothèse
245,positive
246,règle générale
247,sclérose
248,myocarde
249,cérébral
250,furosémide
251,poussée
252,aldostérone
253,exposition
254,antibiotique
255,admissions
256,réseau routier
257,témoin
258,myocardique
259,réadaptation physique
260,coût
261,éducation thérapeutique
262,morbidité
263,chronique
264,aiguë diastolique
265,normal
266,thiazolidinediones
267,bnp
268,suggérant
269,cathétérisme
270,évaluation des données probantes
271,disparités
272,prendre
273,eau
274,administratives
275,séquestrationextralobaire
276,épidémiologiques
277,plainte
278,perte de poids
279,marche
280,pointe
281,traitements antiangineux
282,expiratoire
283,insuffisant
284,coronaires
285,fonction systolique diminuée
286,traitements spécifiques
287,hospitalière
288,paracliniques
289,inhibé
290,entrepris
291,retenus
292,bisoprolol
293,occupait
294,agent antiprolifératif
295,cinquante
296,variables
297,créatinine
298,engendrer
299,période de suivi
300,rapportons
301,classe
302,doubler
303,équivalentes
304,myalgies
305,ultérieur
306,urgence
307,transthoracique
308,parrainage
309,par la suite
310,remarquables
311,agricole
312,hypo-oncocitémie
313,démence
314,bras
315,contrecarrer
316,révélatrices
317,hypertendus
318,induite
319,périphériques
320,coûteuse
321,augmentation des enzymes
322,échocardiographie-doppler
323,fibrilation
324,négligée
325,incessantes
326,adénoviraux
327,forte dose
328,hyponatrémies
329,isoprotérénol
330,embolisation
331,sous-groupe
332,cas
333,codes de données administratives
334,mort
335,société
336,endovasculaire
337,n = 1
338,traitement antiplaquettaire
339,expression
340,transfert
341,facteurs de risque
342,évidence
343,façon anti-chronologique
344,cyanose
345,test
346,myocardiopathie
347,redoutables
348,hémangiome
349,rhumatoïde
350,évitées
351,chimiothérapie
352,efficacité
353,temps
354,sténoses
355,métastases
356,tendent
357,progressive
358,à la médication
359,juvénile
360,gains
361,rétrécissement aortique
362,péritonéale
363,déoxyribonucléotide
364,stratégies de traitement
365,œsophagien
366,tiers
367,anémie
368,turbine
369,fraction d' ejection
370,devoir
371,coronaropathie
372,démontrant
373,pénurie de moyens
374,combler
375,stimulateur biventriculaire
376,cas de patients
377,entrevues
378,augmentation
379,décèdent
380,pédiatres
381,amyloses
382,péricardiques
383,correction
384,affection
385,doses
386,poursuivra
387,peutiques
388,p^0.05
389,élimination
390,situation diurne
391,détectés
392,croyance
393,légères
394,abouchait
395,témoins
396,moléculaire
397,variable
398,laryngée
399,inférieure
400,infusions
401,perfusion
402,grande majorité
403,hypothyroïdie
404,systémique
405,parois
406,économique
407,hypertoniques
408,sollicitation
409,analyse des données
410,post-hoc
411,gences
412,fonction rénale
413,branche gauche
414,classe iv
415,péri
416,méthodes non invasives
417,immunohistochimiques
418,agit
419,réfractaires
420,agents antitumoraux
421,évolutifs
422,modifie
423,retenir
424,antiplaquettaires
425,parité moyenne
426,contre 38
427,épanchement
428,événement
429,antithyroïdiens
430,cas d' atteinte
431,échelle mondiale
432,endocardites
433,activer
434,chocs
435,remplacement
436,agissait de deux hommes
437,associeé
438,protéolyse
439,état oncotique
440,tensionnelles
441,valvulopathies
442,musculaire
443,peropératoire
444,intriquées
445,prématuré
446,car
447,dérivé
448,mauvaise valeur
449,biventriculaire
450,avantageux
451,ara2
452,physiopathologique
453,de type 5
454,biomarqueurs
455,antiarythmique
456,myélinolyse
457,icfep
458,survenue de micro-éveils
459,valvulopathie
460,sphinglopidose
461,surveillance
462,éjection
463,apyrexie
464,gravité
465,groupes musculaires
466,augmentation du risque
467,cardique
468,étiologie
469,toxocarose
470,actualités
471,trente
472,évolutive
473,autorité
474,oreillettes
475,diurétiques
476,auto-soins
477,surcharge
478,hémocultures
479,5-fluoro-uracile
480,cadence
481,mesures non invasives
482,hypertensive
483,muscle
484,hémorragiques
485,subites
486,pression
487,péricarde
488,mise sur pied
489,dépendants
490,foetal
491,arrêt
492,abcès
493,appareil
494,régression
495,oculaire
496,hyperéosinophilie
497,grand
498,demi
499,mois de suivi
500,privés
501,classe 1
502,thiamine
503,embolie
504,suraiguë
505,récurrence
506,ventriculaires
507,greffons
508,sub-saharienne
509,élevée.
510,publique
511,galop
512,stimulus
513,demi auparavant
514,du sang
515,intéressante
516,augmentation de vs
517,imc
518,percutanée
519,oncocitémie
520,de type
521,éducation des patients
522,péricardites
523,hypoxémie
524,biomarqueur
525,protéines
526,basses
527,saharienne
528,hémoglobine
529,obstructifs
530,arrêter
531,normes de soins
532,anatomopathologique
533,testt
534,cas de dysfonction
535,cas de dt2
536,mesures de poids
537,agents antiplaquettaires
538,traitement non pharmacologique
539,point de vue
540,valeurs normales
541,irréductible
542,codes
543,destructrices
544,sous anesthésie générale
545,batts
546,sécurité de la cehr
547,professionnels de la santé
548,bévacizumab
549,cardiotoxicité
550,pompes
551,modifications de pressions
552,organiser
553,évolution de la mcd
554,intensités
555,mise
556,échocardiographies
557,glitazones
558,molécules
559,angiomes
560,cas de myocardiopathie
561,hypokinétiques
562,auriculaire
563,carcinoïdes
564,cadre de l' insuffisance
565,entourées de fibrose
566,trompeurs
567,ultérieure
568,risque classiques
569,coûteux
570,régurgitation
571,métabolisme
572,ordre de 27
573,vasculaires
574,symptômes classiques
575,bétabloquants
576,subite
577,discriminant
578,recherche
579,tricuspide
580,affections
581,aggraver
582,stratégie thérapeutique
583,auriculoventriculaire
584,multiviscérale
585,post-partum
586,défaillance
587,volémie
588,socio-économique
589,réticulohistiocytose
590,supplémentation
591,organisation multidisciplinaire
592,défaillances
593,mauvaise conformité
594,tachycardie
595,inhiber
596,thromboembolique
597,adénovirus
598,capacités
599,asservie
600,hématopoïétiques
601,collaboratif
602,anévrisme
603,comparaisons
604,séances de formation
605,stimulateur
606,appui
607,torsades
608,amsacrine
609,stade
610,charge multidisciplinaire
611,exérèse
612,rénine-angiotensine
613,mortalité
614,rhumatisme
615,débit
616,antiviraux
617,hypertrophique
618,nourrisson
619,peptide natriurétique
620,haut degré
621,spontanées
622,hypersensibilité
623,somnologue
624,antécédent cardia-vasculaire
625,méthodes de dosage
626,fuites
627,exactitude
628,par 7
629,clampage
630,aiguiller
631,hypertensif
632,abaisser
633,courbes
634,auriculo-ventriculaire
635,ischémiques
636,néonatales
637,prenantes
638,promeut
639,évolutionniste
640,assurance-maladie
641,galectine-3
642,atriale
643,revue de la littérature
644,anomalies
645,déclenchants
646,fièvre
647,durée moyenne
648,immunosuppresseurs
649,emblée
650,modifications
651,données administratives
652,transculturelle
653,bord
654,sensibilisateur
655,interstitielle
656,démontré
657,électriques
658,clivé
659,hépatomégalie
660,européenne de cardiologie
661,fonde
662,réanimations
663,psychique
664,double évaluation
665,anormalités
666,génitales
667,atrioventriculaire
668,néprilysine
669,anticorps anticytoplasme
670,amyloïde
671,contraction
672,myopathie
673,altérer
674,propos
675,bradycardie
676,intervention
677,vertébral
678,emboliques
679,béribéri
680,reins
681,aggravation
682,transgénique
683,ml
684,allongé
685,cas de fibrillation
686,rémission
687,cas de dysplasie
688,nitroglycérine
689,avitaminose
690,anesthésie générale
691,respiratoire
692,mtor
693,hypothèse
694,fibroblastique
695,intégrait
696,constitution
697,battement
698,œdème
699,activés
700,organise
701,vingt patientes
702,activité physique
703,marqueur d' insuffisance
704,réponse
705,données épidémiologiques
706,frais
707,anthracyclines
708,suppléance
709,rétention d' eau
710,prometteurs
711,intriquer
712,corporelle
713,agents alkylants
714,éthiques
715,augmentait
716,autodétermination
717,amélioration
718,critères de pronosgtic
719,prise en charge
720,obstructif
721,trichrome
722,relaxer
723,irréversible
724,élève
725,soins de santé
726,écho-doppler
727,sinusal
728,renouveler
729,pilier
730,prophylaxie
731,active
732,tranche d' âge
733,traitements
734,admission
735,porté
736,tacrolimus
737,ventilation non effractive
738,prévention
739,toxicité
740,intégrer
741,terrain de prédilection
742,alitement
743,décision
744,mitro-aortiques
745,calculer
746,conditions de vie
747,regroupe
748,prostacycline
749,cardiomyopathies
750,ira
751,induites
752,ľinsuffisance
753,socio-démographiques
754,intoxication
755,hypocalcémie
756,systèmes de santé
757,communications
758,essentiels
759,abord
760,répercussions
761,fois
762,approches thérapeutiques
763,changements
764,prothrombine
765,phase du traitement
766,de remplacement
767,recul de 5 ans
768,éliminées
769,hypertensions
770,évidence de récidive
771,ancrée
772,par 2
773,valve
774,non-diabétiques
775,critique
776,contre-indications
777,pressions de remplissage
778,athéroscléreuses
779,arrêt définitif
780,régression logistique
781,antécédents de revascularisation
782,hypervascularisées
783,cérébrales
784,physiologiques
785,augmentation d' hospitalisation
786,premier
787,rapportés
788,régulière
789,prometteur
790,onéreuse
791,dt2
792,pente
793,régresser
794,cas de cardiothyréose
795,sociétés
796,mars
797,euros
798,anneau
799,baroréflexe
800,agressivité
801,haute performance
802,cas de doute
803,néonatale
804,conclusions
805,artériel
806,marqueur de gravité
807,rénine-angiotensine-aldostérone
808,itraconazole
809,sous-jacente
810,latéral
811,malformation
812,supérieurs
813,écart-type
814,battements
815,cohorte
816,sénile
817,vole
818,prédominantes
819,cm2
820,multivariée
821,protection rénale
822,mâles
823,débit cardiaque
824,conférence de consensus
825,n=93
826,saines
827,type-b
828,fil du temps
829,cardiologie
830,lourdement
831,économiques
832,assistances
833,justification
834,congestive
835,diurétique
836,biventriculaires
837,accent
838,valves
839,observations
840,patience
841,grossesse gémellaire
842,élévation
843,joue
844,mode de révéla-tion
845,délai d' apparition
846,recruté
847,staphylocoque
848,transposer
849,antipaludéens
850,court
851,pré-probnp
852,lourds
853,existence de coma
854,tout-trans-rétinoïque
855,congénital
856,péricardite
857,contrepulsion
858,traitement de l' insuffisance
859,épidémie d' obésité
860,transcriptase-polymerase
861,pédicules vasculaires
862,ajustée
863,habitudes alimentaires
864,état de récupération
865,asymptomatiques
866,perte
867,parité
868,peptide
869,diminution de force
870,hydralazine-isosorbide
871,immunosuppression
872,assistance
873,inexpliquées
874,fœtoplacentaire
875,nésiritide
876,thrombi
877,thrombo-emboliques
878,base scientifique
879,salé
880,régime
881,engendrées
882,éducation
883,œdème fœtal
884,anti-vitamines
885,contractiles
886,aspirine
887,entre eux
888,prix
889,rénine–angiotensine–aldostérone
890,ajusté
891,trioxyde d' arsenic
892,action
893,entraînée
894,cardio-vasculaires
895,hémopathies
896,lutter
897,néoplasique
898,intubation
899,cérébrale
900,perturbations
901,pistes de recherches
902,antimétabolites
903,charge des urgences
904,lètalité
905,sérologie
906,sance cardiaque
907,digestive
908,atteints de fistule
909,groupes
910,unité thérapeutique
911,fibrillation
912,coordination des soins
913,rôle majeur
914,post-ischémique
915,rythme
916,rats
917,auriculaires
918,morphologique
919,dépressive
920,amyloïdose
921,défaillante
922,sous-groupes
923,angiotensine
924,diabète
925,poids
926,divers
927,période d' octobre
928,problèmes immunologiques
929,pléthysmographie
930,fibrose
931,organiques de fatigue
932,stimulation biventriculaire
933,alcoolisme
934,honnêtes
935,hypo-osmolarité
936,périopératoires
937,abaissée
938,endurance
939,voie d' abord
940,probantes
941,interféron
942,antécédent cardiaque
943,aiguës
944,échocardiographie
945,fixe
946,agressifs
947,attaque d' apoplexie
948,recommandations de base
949,élément déterminant
950,révélateur
951,artères
952,antéroseptales
953,sous circulation
954,carences
955,vaptans
956,réglons
957,défibrillation-resynchronisation
958,diminution
959,nécrose
960,antivitamines
961,myocardites
962,services de cardiologie
963,somnologues
964,angine
965,apparition
966,intrapleurales
967,immunodéficience
968,absorption
969,prothèses
970,amylose
971,souffert
972,mise à jour
973,charge d' une insuffisance
974,inflammation
975,normalisé
976,fil des années
977,fonction de sa localisation
978,manier
979,angioplastie
980,cas d' angio-œdème
981,intérêt
982,soutenue
983,contre-indiquer
984,pourvoyeuses
985,études épidémiologiques
986,masse
987,trachomatis
988,irm
989,phase terminale
990,organe
991,oreillette droite
992,tachyarythmie
993,sombre
994,relaxation
995,peptidique
996,équimolaire
997,série
998,excrétion
999,type 2
1000,étude rétrospective
1001,marqueurs
1002,amiodarone
1003,handicapés
1004,statut
1005,circulatoire
1006,hypertrophie
1007,antérieure
1008,paires de données
1009,par la testostérone
1010,signes classiques
1011,surcharge de pression
1012,comparaison des 2 groupes
1013,anémie de l' insuffisant
1014,néphropathie
1015,programme de réadaptation
1016,hypertensives
1017,agir
1018,temps de décélération
1019,augmentation de la concentration
1020,spécificité
1021,modification
1022,porte
1023,recommandations
1024,ventricules normaux
1025,échographiques
1026,urinaire
1027,aiguë
1028,stimuli
1029,fœtal
1030,natriuretic
1031,vascularisation
1032,inciter
1033,palliatifs
1034,thrombophilie
1035,souches
1036,mesures de prévention
1037,grand intérêt
1038,rôle
1039,n=83
1040,sodé
1041,preuves
1042,thrombose
1043,oncotique
1044,fonctionelle
1045,agressive
1046,urgences
1047,cérébraux
1048,indépendante
1049,anticorps
1050,comment
1051,mise en place
1052,désaturation
1053,icad
1054,malformations atrioventriculaires
1055,isomérisme gauche
1056,valve aortique
1057,soins palliatifs
1058,péricardique
1059,croissance
1060,ventilatoires
1061,d' étude
1062,enquête
1063,porteuse
1064,fractions d' éjection
1065,rang
1066,myocytaire
1067,décrits
1068,cardites
1069,artériellle
1070,double
1071,sous-ensemble de données
1072,série de pathologies
1073,reste non élucidée
1074,défibrillateur
1075,activités physiques
1076,émotionnel
1077,proportions d' hommes
1078,hyposodé
1079,fraction
1080,mesurées
1081,coûts
1082,étiologies
1083,cardiaques
1084,doppler
1085,sains
1086,c2
1087,occlure
1088,droite
1089,formes
1090,surcharge de volume
1091,vitesse de propagation
1092,mois
1093,inactif
1094,prostaglandines
1095,thérapeutiques
1096,vieillissement
1097,planifier
1098,insuffisance
1099,absence de surcharge iodée
1100,cinquième
1101,rénale
1102,moyens financiers
1103,cancérologie
1104,en urgence
1105,implantés
1106,fœtale
1107,celle des pays occidentaux
1108,morts
1109,mort non subite
1110,évaluation de ce nouveau
1111,insuffisance cardiaque
1112,échocardiographique
1113,natriurétiques
1114,comparateur
1115,sommeil
1116,partum
1117,cas sur 17
1118,extrêmes
1119,transoesophagienne
1120,grossesses
1121,plan de traitement
1122,valvulaires
1123,cas d' urgence
1124,étiologique
1125,céré
1126,auteurs
1127,mécanismes
1128,entourage
1129,immunosuppresseur
1130,cas révélés
1131,squelettiques
1132,non invasif
1133,phase de la maladie
1134,micro-angiopathie
1135,comité d' experts
1136,vue
1137,cas de non-compaction
1138,hémodynamiques
1139,soins de confort
1140,étiologiques
1141,dépressions
1142,mn
1143,duodénales
1144,structure
1145,héparine
1146,trompeuses
1147,hypotension
1148,valables
1149,répondeurs
1150,calcul
1151,adénome toxique
1152,vitro
1153,postcharge
1154,désensibilisation
1155,fonction diastolique
1156,dilaté
1157,marqueurs de sévérité
1158,réadaptation
1159,indemne
1160,état de santé
1161,situations d' urgence
1162,par la différence
1163,poursuite
1164,boîtier
1165,contre-indique
1166,séjour
1167,publiées
1168,rigoureuses
1169,réabsorption
1170,méthodes
1171,lignes directrices
1172,ventilation non-invasive
1173,transverse
1174,covariables
1175,âge moyen
1176,transrénale
1177,évolution
1178,veines
1179,contrôles
1180,recherche de grande envergure
1181,augmentation des pressions
1182,poursuivi
1183,fonction cardiaque
1184,en avant
1185,place de la transplantation
1186,sel
1187,fermeture
1188,responsables
1189,gênées
1190,endoluminale
1191,transduction
1192,dérivations
1193,nécropsiques
1194,stéroïdes
1195,pronostic
1196,300pg
1197,valvulaire
1198,troponine
1199,révélation
1200,adulte
1201,classe iii
1202,survenue de l' insuffisance
1203,différences de mesures
1204,sensibilité
1205,dialyse
1206,sécurité
1207,comité
1208,système de conduction
1209,isotopiques
1210,phases
1211,somnolence
1212,implantables
1213,mutations
1214,anémie sévère
1215,antihypertenseur
1216,volontaires normaux
1217,associe
1218,interatrial
1219,anticoagulation
1220,prédictifs de mortalité
1221,approche-t-on
1222,garde
1223,gestes
1224,démographiques
1225,surmortalité
1226,distension
1227,exercices
1228,montrant
1229,décompensée
1230,non-spécialistes
1231,préopératoire
1232,plateau
1233,révélateurs
1234,cas d' insuffisance
1235,maniable
1236,diabétique
1237,repos
1238,vées
1239,foetaux
1240,artères rénales
1241,détriment de la sécurité
1242,hémoglobinémie
1243,peripartum
1244,ralentir
1245,étude épidémiologique
1246,publics
1247,surpoids
1248,innocuité
1249,agressions
1250,autonomie
1251,décédés
1252,directives
1253,myocardiopathies
1254,épisode
1255,système rénine-angiotensine
1256,barrage
1257,ve
1258,série de six patients
1259,montrait
1260,perméabilité
1261,pertes
1262,signes d' insuffisance
1263,poussées
1264,guider
1265,gestité
1266,occlusions
1267,pulmonaires
1268,infructueux
1269,articulaire
1270,dresser
1271,temps de surveillance
1272,évolution de la dysfonction
1273,retenue
1274,suggèrent
1275,organisées
1276,centre de cardiologie
1277,légère
1278,endocarde
1279,anatomie
1280,régulatrices
1281,basse
1282,i-care
1283,contrebalance
1284,hypertension artérielle
1285,volets
1286,apparition d' une hyperpigmentation
1287,remplissage
1288,fonctions rénale
1289,pg
1290,revascularisation
1291,souffrances
1292,endopelvienne
1293,systèmes de soins
1294,ischémique
1295,paroi
1296,desépisodes de détresse
1297,obésité
1298,vacuolaires
1299,cas de diabète
1300,stimulation
1301,n=12
1302,endocardite
1303,par la maladie
1304,libéraux
1305,autopsiques
1306,asa-1
1307,septal
1308,travers
1309,élimine
1310,hypoxie
1311,médiastinale
1312,élevée
1313,sous-jacents
1314,sarcomes
1315,indéterminée
1316,authentifier
1317,trompeur
1318,endomyocardique
1319,ventriculogramme
1320,pronostique
1321,tension
1322,changement
1323,bénigne
1324,charge
1325,myxomes
1326,indice apnée-hypopnée
1327,obstétricales
1328,caractérisée
1329,déplacement de sondes
1330,décès
1331,endocardique
1332,endocarditiques
1333,ur
1334,longitudinale
1335,mécanisme
1336,mécanismes de l' icd
1337,noradrénaline
1338,évolutives
1339,valsartan
1340,aps
1341,atteints de sida
1342,norépinéphrine
1343,double insu
1344,atteintes de cardiomyopathie
1345,indécis
1346,écarts
1347,baisse de la prévalence
1348,multisite biventriculaire
1349,absence d' anomalies
1350,douleur
1351,micro-immunofluorescence
1352,audit
1353,discutés
1354,fractionnelle
1355,placebo
1356,infracellulaires
1357,celle des lymphomes
1358,état de choc
1359,échocardiographiques
1360,apparition de l' insuffisance
1361,génétique
1362,transfusion de jumeau
1363,extracorporelle
1364,orthotopique
1365,ventricules
1366,chimiothérapies
1367,paclitaxel
1368,obstruction
1369,droit
1370,épidémiologie
1371,négatives
1372,système de santé
1373,élevé
1374,spontanée
1375,chiffres
1376,cave
1377,étude etics
1378,responsable
1379,découpée
1380,négative
1381,inférieurs
1382,irt
1383,opératoire
1384,toxiques
1385,péripartum
1386,abordée
1387,œsophage
1388,créatininémie
1389,résonance
1390,acceptabilité
1391,casseurs de ponts
1392,plasmatiques
1393,lésions
1394,accidents
1395,associées
1396,extra-corporelle
1397,unités de soins
1398,immunoglobuline
1399,cardiaque
1400,paramétriques
1401,castration
1402,lacunes
1403,isotopique
1404,éliminer
1405,1'icc
1406,cas de rétrécissement
1407,nouveau-né
1408,hypokinésie
1409,incapacités
1410,rhabdomyomes
1411,myocardlque
1412,décrit
1413,données
1414,angor
1415,grand nombre
1416,méthode
1417,périopératoire
1418,actif
1419,porteurs
1420,organisation
1421,ascite
1422,entraîner
1423,fin de la réadaptation
1424,masse non grasse
1425,officielles
1426,phase i
1427,dilatée
1428,résistances
1429,équipe éducative
1430,épaisseur
1431,rapport
1432,septale
1433,décision thérapeutique
1434,indésirable
1435,anomalie
1436,boîtiers
1437,généraliste
1438,hémangiomes
1439,toux
1440,observationnelle
1441,systèmes d' information
1442,enceintes
1443,cardiomyopathie
1444,cardiologue
1445,avantages
1446,oedemes
1447,réclamations
1448,exercices financiers
1449,erreurs
1450,cas de retentissement
1451,identifiée
1452,apprentissage
1453,dénutrition
1454,circonstances de découverte
1455,données de la littérature
1456,échographie-doppler
1457,auto-immun
1458,apnées-hypopnées
1459,soins de fin
1460,distendre
1461,hypertension
1462,hospitalisations
1463,résolution
1464,décennies
1465,aire aortique
1466,angiographie
1467,qualité de vie
1468,circulations
1469,aiguillés
1470,en cabinet
1471,artériographie
1472,myriade
1473,entraînement
1474,épanchements
1475,héparines
1476,bénignes
1477,élevées
1478,période de dix
1479,oncopédiatre
1480,fibrillation auriculaire
1481,amlodipine
1482,entremise d' un programme
1483,couplage court
1484,différences de traitement
1485,dilatation
1486,aide
1487,thromboses
1488,grave
1489,modifiant
1490,décisions
1491,différence
1492,fœtales
1493,justifier
1494,réhospitalisations
1495,conservée
1496,accouchements
1497,lourde
1498,dose
1499,échographie
1500,aspergilloses
1501,alcooliques
1502,épreuve
1503,peptides
1504,indépendant
1505,retenu
1506,pulmonaire
1507,courbe
1508,hyponatrémie
1509,huit
1510,résistine
1511,incapacité
1512,stable
1513,organisationnels
1514,base de données
1515,personnes malnutries
1516,persistante
1517,embolique
1518,échocardiogramme
1519,fraction de raccourcissement
1520,sus-hépatiques
1521,suivi
1522,biais moyen
1523,insuffisants
1524,organes
1525,entérocolite
1526,co-morbidité
1527,infection
1528,coeur
1529,améliore
1530,lisinopril
1531,fonction systolique
1532,survenus
1533,cadre d' un entretien
1534,ventricule
1535,traduisant
1536,responsabilité
1537,greffé
1538,pratiques de fabrication
1539,inotropisme
1540,confié
1541,anesthésique
1542,équipes
1543,foetale
1544,défibrillateurs
1545,étude descriptive
1546,cas de normalité
1547,codes de cim
1548,victime
1549,lourdes
1550,phosphodiestérases
1551,expliquer
1552,grand obstacle
1553,supérieure
1554,analyse binaire
1555,récepteurs
1556,patiente
1557,fréquent
1558,diminution du risque
1559,mode de survenue
1560,para-annulaires
1561,antécédents
1562,gémellaire
1563,sécuritaire
1564,soumettre
1565,lutter contre l' ensemble
1566,dilatées
1567,prévalence
1568,évolution épidémiologique
1569,administration
1570,trans-mitral
1571,exercice
1572,inquiéter
1573,bienfaits
1574,septum
1575,ballonnet
1576,durée moyenne de séjour
1577,infarctus
1578,phase aiguë
1579,antérieures
1580,travail
1581,sepsis
1582,génétiques
1583,fumeurs
1584,pédiatrie
1585,à la biopsie
1586,période critique
1587,service de médecine
1588,protéomique
1589,évalué
1590,igs
1591,atteintes de cancer
1592,aiguë de broncho-pneumopathie
1593,conseils diététiques
1594,anti
1595,complexe
1596,sécrétion
1597,modalités de traitement
1598,perte d' autonomie
1599,myocardite
1600,postopératoire
1601,mitraux
1602,cas d' affection
1603,roc
1604,flux
1605,quoique
1606,stratégies de réduction
1607,chloroquine
1608,ventilation
1609,prophylactique
1610,marqueur
1611,expériences de traitement
1612,cause non cardiovasculaire
1613,dynamique
1614,de vue
1615,pneumoniae
1616,cellules
1617,myofibrillaire
1618,concentrique
1619,multidisciplinarité
1620,remède authentique
1621,veineux
1622,transition
1623,mises à jour
1624,canaux
1625,morbimortalité
1626,endothélial
1627,libres
1628,appel téléphonique
1629,résistance
1630,antithrombotique
1631,traiter
1632,éducation du patient
1633,squelettique
1634,femme noire
1635,ans
1636,bradykinine
1637,péri-opératoires
1638,myocardiques
1639,relation étroite
1640,démarche de prise
1641,cd8
1642,introduits
1643,critère de comparaison
1644,altération
1645,transductal
1646,contrepulsation externe
1647,dépendante
1648,physique
1649,voles
1650,remodelling
1651,risque de décès
1652,données de l' insee
1653,stables
1654,aggravants
1655,décubitus
1656,postcapillaire
1657,évolutif
1658,systolique
1659,ventriculaire
1660,généralistes
1661,énalapril
1662,épuisement
1663,intégrante
1664,étiopathogénie
1665,cas de contre-indication
1666,fonction du coeur
1667,éosinophiles
1668,sous-utilisés
1669,précarité
1670,sèche
1671,récepteur
1672,agressif
1673,anti-aldostérone
1674,antihypertenseurs
1675,antagonistes
1676,stabilité
1677,mécanismes de signalisation
1678,néphrologues
1679,éviction
1680,épidémie du 21e
1681,paroi libre
1682,abdominale
1683,hyperthyroïdie
1684,affirmer
1685,auricule gauche
1686,étudiés
1687,endocarties
1688,améliorent
1689,post-charge
1690,récupéré
1691,conclusion
1692,association
1693,budget
1694,moyens d' assistance
1695,marché
1696,atteints
1697,modalités de fonctionnement
1698,ménopause
1699,fraction d' éjection
1700,sous-cutanés
1701,postpartum
1702,décompensées
1703,non-prescription
1704,fœtus
1705,hémorragie
1706,formation
1707,dupliqué
1708,charge thérapeutique
1709,choc
1710,chute
1711,thrombolytiques
1712,étude
1713,après-midi
1714,regain d' intérêt
1715,bilatérales
1716,cardiovasculaires
1717,fatigue
1718,cardiothyréose
1719,entité
1720,aortique
1721,cardiovasculaire
1722,soulagement
1723,action principale
1724,financier
1725,assistance ventriculaire
1726,récidivé
1727,répondu
1728,échocardiagraphique
1729,prévenir
1730,hypercapnie
1731,gymnastique
1732,combinés
1733,évitables
1734,manques de personnel
1735,technique de référence
1736,clairance
1737,antidiurétique
1738,par la coronaire gauche
1739,circulatoire biventriculaire
1740,étude de 382
1741,évolutions
1742,anp
1743,circulation
1744,bioélectrique
1745,g·l–1
1746,cytosquelette
1747,antibiothérapie
1748,endomyocardiques
1749,ventriculaire gauche
1750,metformine
1751,boissons
1752,en main
1753,asymptomatique
1754,résumé
1755,paramédicaux
1756,transposition corrigée
1757,couplée
1758,sténose
1759,rapporté
1760,modifier
1761,tachycardies
1762,orthostatique
1763,évolution démographique
1764,sous antibiothérapie
1765,postopératoires
1766,carence
1767,oreillette
1768,post-hospitalière
1769,anse
1770,paraclinique
1771,stimulateurs
1772,rein
1773,poursuit
1774,pharmacovigilance
1775,magnétique
1776,peropératoires
1777,vérifiées
1778,protéine
1779,onéreux
1780,confirmer
1781,étude non contrôlée
1782,utérine
1783,programmes de prévention
1784,pouls
1785,évolution de l' insuffisance
1786,créneaux
1787,icb
1788,carentielle
1789,détecter
1790,myocytes
1791,contractilité
1792,établissements de soins
1793,tardive
1794,insuffisances
1795,ischémie
1796,associer
1797,vagal
1798,changeraient
1799,hémiplégie
1800,coronaire
1801,complexées
1802,systoliques
1803,remodelage
1804,planification
1805,électrocardiogramme
1806,intensité
1807,déclampage
1808,groupes de patients
1809,endopeptidase
1810,réentraînement
1811,trachéale
1812,urémie
1813,apparition des symptômes
1814,rhumatismales
1815,ruptores
1816,inexpliquée
1817,double chambre
1818,congénitales
1819,reprise
1820,fibromes
1821,icd
1822,thromboemboliques
1823,sériques
1824,physiopathologiques
1825,mise au point
1826,traitement
1827,période
1828,littératur
1829,décompensation
1830,contre supérieure
1831,paroxystique
1832,évolution de la prévalence
1833,sous-clavière
1834,hémorragies
1835,diffusion de principe
1836,grand âge
1837,critères d' inclusion
1838,conductif
1839,asynchronisme
1840,preuve
1841,artériosclérose
1842,echocardiographie
1843,infarci
1844,lipomes
1845,physiopathologie
1846,non-répondeurs
1847,lymphomes
1848,oxygénothérapie
1849,période de 4
1850,donne
1851,osmolarité
1852,antiarythmiques
1853,artérielle
1854,obstétricale
1855,viraux
1856,externes
1857,tumeurs
1858,pressions
1859,en temps
1860,indemnes
1861,tôt
1862,autopsie
1863,dépenses
1864,échocard
1865,circulantes libres
1866,auto-immune
1867,période d' assistance
1868,analyser
1869,orale
1870,cirrhose
1871,hypokinétique
1872,sousjacente
