0,éosinophiles
1,interdépendant
2,fumeurs
3,stimulateur cardiaque
4,agents inotropes
5,traiter
6,séquestration
7,300pg
8,circulatoires
9,régurgitation
10,cause d' hospitalisation
11,technique
12,ne
13,paclitaxel
14,tranche
15,poursuivi
16,récidivantes
17,externes
18,infrahissien
19,plasmatique
20,intubation
21,responsable
22,oxydation
23,inhibiteur
24,noire
25,sombre
26,rénales
27,paires de données
28,pratiquement
29,percutanée
30,qualité de vie
31,transoesophagienne
32,déplétion de pile
33,sepsis
34,soulager
35,éducatifs
36,réclamations
37,eux-mêmes
38,vasculaires
39,repos
40,métastases
41,fraction d' éjection ventriculaire
42,précordiales antéroseptales
43,intraopératoire
44,décèdent
45,urgences
46,lien
47,normalisation
48,soixante-dix-neuf
49,poussée
50,sous-estimée
51,pouls
52,bactériologiques
53,stimulateur biventriculaire
54,capacités d' effort
55,cinétique
56,conduction
57,protéine bcl-2
58,pg
59,permettront
60,poussées d' insuffisance cardiaque
61,littératur
62,excédentaire
63,néonatale
64,combinés
65,étude multicentrique
66,péripartum
67,agents
68,présentent
69,veine
70,visant
71,surmortalité
72,traitement pharmacologique
73,rénal
74,mutations
75,dépression
76,évoquant
77,bloc auriculo-ventriculaire
78,chu
79,immunomodulatoire
80,atriale
81,supraventriculaires
82,système de conduction
83,bronchopulmonaire
84,veille
85,sévère
86,endocarde
87,caractérisée
88,subite
89,séquelle
90,recensés
91,géographiques
92,contre-indication
93,services de pédiatrie
94,opératoires
95,artificiel
96,contractiles
97,incessantes
98,comparaisons
99,présente
100,éventuelle
101,endocardite
102,embolique
103,essai loyal
104,aps
105,interrogés
106,implantables
107,discussion-conclusion
108,icfep
109,mal
110,sans
111,ils
112,approche
113,millimètre
114,activer
115,conditions
116,réticulohistiocytose multicentrique
117,considérant
118,metformine
119,soumettre
120,embolisations
121,myopathie
122,plan
123,maintenus
124,inotropes
125,myocardique
126,cabinet
127,antibiothérapie
128,ľinsuffisance
129,vérifiées
130,insuffisance cardiaque réfractaire
131,maladies
132,bénéfices
133,correspondent
134,validité
135,associations
136,visent
137,production d' espèces réactives
138,séquelles
139,survenue
140,gauche
141,antidiurétique
142,autre
143,nette
144,rapportée
145,cardiovasculaires
146,ensemble
147,pharmacocinétique
148,n=9
149,tentative d' identification
150,1'icc
151,évoluant
152,basée
153,enquête transversale
154,et
155,clinique
156,dépister
157,superposé
158,bisoprolol
159,précaution
160,osf
161,extralobaire
162,inhabituelle
163,remplir
164,décéda
165,accrue d' obèses
166,consensus
167,basiques
168,volets
169,exercice physique
170,végétations
171,myxomes
172,pneumologique
173,comité d' experts
174,s'
175,hémoglobine
176,déclenchant
177,sur
178,rattachent
179,ventri
180,ira
181,machine
182,fréquemment
183,hémangiome
184,émaillée
185,exigent
186,surcharge
187,force musculaires
188,appelle
189,noradrénaline
190,duré
191,propositions
192,taux d' erreur
193,données probantes
194,majeurs
195,porteurs de fistule réabsorbent
196,bien-être
197,bienfaits
198,objectif
199,pédicules
200,femmes
201,anticoagulation
202,évaluation fonctionnelle
203,contraction
204,diagnostic d' ic
205,faisceau
206,néonatologues
207,cibles
208,fonction du coeur
209,recherches
210,augmentait
211,évaluation échocardiographique
212,double aveugle
213,obésité
214,éjection
215,dyspnée aiguë
216,publique
217,considérable
218,physiopathologie
219,capacités
220,non-peptidiques
221,perçue
222,immunosuppression
223,aigu
224,filtrations
225,référer
226,engendrées
227,sclérose en plaques
228,lombotomie
229,aggravation
230,chirurgicaux
231,ml
232,radiothérapie
233,couplées
234,effet de lutter
235,adipeuse
236,exérèse
237,excéder
238,codes
239,totale
240,quarante-quatre
241,grevée
242,hémorragiques
243,validées
244,isolation
245,expérience
246,surcroît
247,partie
248,globale
249,duodénales
250,type-b
251,hypothèses évaluées
252,enquête nationale
253,amorce
254,anticancéreux
255,vp
256,prophylaxie
257,perte d' efficacité
258,pic
259,variables
260,rapportons
261,consécutive
262,actif
263,échocardiographie-doppler
264,févg
265,peropératoires
266,pontage aortocoronarien
267,satellite
268,essentiellement
269,sous-cutanés
270,traitement antiplaquettaire
271,révélatrice
272,avantages
273,chronic heart failure
274,volet
275,étude qualitative
276,ré-admission
277,prédominantes
278,écarts
279,titre
280,agissait
281,courte durée
282,biopsies
283,prothèse
284,souffle
285,ajustée
286,inquiéter
287,remodelage
288,accrue
289,conversion
290,révélateur
291,embolisation
292,méta-analyse
293,stratégies de prévention
294,cr
295,implications
296,accordant
297,scannographie
298,péricarde
299,affiliation
300,sévérité
301,climatique
302,dt2
303,aucume
304,épidémie
305,aortique
306,réadaptation physique
307,rupture
308,moyenne
309,pronosgtic
310,congés
311,systémiques
312,moyen
313,régime
314,ve
315,irm
316,cardiac
317,pallier
318,traite
319,décédés
320,calcium
321,précocement
322,précurseurs
323,conséquence
324,prématurité foetale
325,anti-vitamines
326,malignes
327,peptide natriurétique
328,stimulation
329,consultation
330,victime
331,systématiquement
332,commentaire
333,ivig
334,icb
335,révélatrices
336,prédominant
337,pour
338,rechute
339,normal
340,études
341,automatiques
342,constrictive
343,néonatale secondaire
344,auriculo-ventriculaires
345,montrent
346,car
347,livraison
348,porté
349,positivement
350,fistule
351,congénital
352,place d' un pacemaker
353,abordées
354,anneau tricuspide
355,durée
356,non-répondeurs
357,dysfonction
358,htap
359,approche globale
360,statistiquement
361,acquisition
362,agit
363,fibrose
364,bpco
365,prometteurs
366,principes
367,soixante
368,stratégies de réduction
369,diagnostic
370,prospective
371,matrice
372,considérablement
373,assistances
374,envisager
375,opérer
376,auparavant
377,technologiques
378,concluons
379,polynucléaires
380,favorables
381,rétablis
382,remodelling effect
383,rédigé
384,récidive
385,réagi
386,orthotopique
387,atrioventriculaire
388,reportons
389,vieillard
390,atteintes de cardiomyopathie
391,conduite
392,indications
393,syndrome d' apnées
394,hémoglobine peropératoire
395,spondylarthrite
396,injections
397,proportion
398,azolé
399,affections
400,désensibilisation
401,oncotique
402,augmenter
403,myocardiques évolutifs
404,deux
405,entrée
406,micro-éveils
407,enregistrement
408,associer
409,dépit
410,transposition
411,turbine
412,tricuspide
413,auto-soins
414,significativement
415,compensée
416,couplée
417,immunologiques
418,contre-indications
419,indéterminée
420,défaillance
421,élimine
422,stimulation cardiaque multisite
423,ensuit
424,cinquième
425,défibrillateur biventriculaire
426,sensibilité
427,dilatation
428,sèche
429,igm
430,admissions
431,couplage court
432,neurohormonale
433,trente-trois
434,analyses
435,cytosquelette
436,systèmes de santé
437,occlusion
438,trente-quatre
439,syndrome
440,présentons
441,ascite
442,toujours
443,cellules
444,valvulopathie
445,pronostique
446,considérables
447,rétrospective
448,cim-10
449,pré-probnp
450,occasionnelle-ment
451,programmes de renforcement
452,sollicitation active
453,équimolaire
454,développant
455,électromagnétique
456,fonction
457,étude de l' accélération
458,destructrices
459,ans
460,marqueurs alternatifs
461,pointe
462,traumatique
463,mesurer
464,basse
465,réseaux
466,prenaient
467,décroît
468,sténoses
469,mesures transverse
470,insuffisants cardiaques
471,qualité
472,après
473,remplacement
474,évacuation
475,échocardiagraphique
476,secondaire
477,effets secondaires
478,survie
479,organe cible
480,effets métaboliques
481,réserve d' un tableau
482,ms
483,quarante-six
484,antipaludéens
485,contractile
486,période d' année
487,iode radioactif
488,agents antitumoraux
489,interventions
490,rôle
491,diffusion
492,anesthésique
493,biventriculaire
494,pronostic
495,pu
496,injection
497,doppler
498,opérés
499,décours
500,tachyarythmie
501,infectieuse
502,établi
503,parois
504,isolée
505,réanimateurs
506,évaluation
507,ponts
508,salé
509,chimiothérapie
510,agressifs
511,dipyridamole-thallium
512,fonctionelle
513,enregistrement œsophagien
514,décrivons
515,rentables
516,myocardiopathie
517,fréquence
518,salée
519,mitoxantrone
520,molécules
521,associée
522,aspirine®
523,risques évolutifs
524,examiné
525,autopsiques
526,plan de traitement
527,estimatif
528,méconnues
529,hypoxie
530,dyspnée
531,ventriculaires
532,assurer
533,séquence
534,incertain
535,cellulaire
536,vertébral
537,objectifs
538,rédigés
539,proportions d' hommes
540,favorable
541,rapportées
542,rapprochent
543,fabry
544,hplc
545,cardiothyréose
546,stimulation double chambre
547,npr-a
548,évoquer
549,portrait
550,hypokinétiques
551,hystérectomie
552,physiologiques
553,vle
554,intoxication
555,congénitales
556,échelle
557,cardiotoxicité
558,tension
559,stimulation cardiaque
560,métabolites
561,charge
562,battement
563,épuisement
564,amlodipine
565,leriche
566,tolérance
567,cardiaques
568,santé publique
569,rénale
570,excès
571,graves
572,péritonéale
573,mesures périopératoires
574,nouveau-né
575,assistance circulatoire
576,toxicité
577,isomérisme
578,responsables
579,v3
580,thrombopénie
581,rémittente
582,amylose
583,ventilation
584,distribution binomiale
585,bloc
586,résume
587,tertiaires
588,maternelle
589,cohérence
590,répertorier
591,résistine
592,emblée
593,apparition retardée
594,agricole
595,dégagées
596,fonctionnelle
597,indirectement
598,ménopause
599,prédicteurs
600,multivariée
601,cible
602,ont
603,sénile
604,reçoivent
605,congestifs
606,antagonistes
607,précipitants
608,polymédicamenté
609,thiazolidinediones
610,consécutives
611,valvulaire aortique
612,destruction
613,amélioration fonctionnelle
614,incapacités
615,augmentation
616,échelle mondiale
617,jeune
618,diabétique
619,immunosuppresseurs
620,épaississement
621,analyse binaire
622,paramètres
623,stimulations
624,arrêter
625,micro-immunofluorescence
626,exacerbations
627,biologie
628,lymphoplasmocytaire biventriculaire
629,décisions
630,énergie
631,hypertrophie ventriculaire
632,évaluant
633,v2
634,vingtième
635,moyens d' information
636,préliminaires
637,défaillances multiviscérales
638,complications
639,aggraver
640,atteintes de cancer
641,comparé
642,ivabradine
643,répartissent
644,myocardites
645,masse non grasse
646,système nerveux
647,bmd
648,état de santé
649,contraintes
650,résumé
651,planimétrie
652,oeuvre
653,gravité
654,souffle continu
655,endothéline
656,protéines contractiles
657,endothéliale
658,poussées
659,champs de codage
660,indésirables
661,insuffisants
662,thrombolyse
663,auricule
664,hospitalisation
665,audit rétrospectif
666,probantes
667,bras
668,bioélectrique
669,risque de mort
670,stimulateur
671,sarcome
672,aspergilloses
673,évalué
674,dotés
675,filtration
676,dépendance
677,identifier
678,corrélations
679,icd
680,radiologiques
681,onéreux
682,fatigue
683,perturbations
684,prévention
685,cehr
686,traduisant
687,agir
688,nodule
689,facteur
690,naturellement
691,amyloses
692,prophylactique
693,thromboemboliques
694,générés
695,cutané
696,limitent
697,i-care
698,cinq
699,validé
700,vis-à-vis
701,aspects cliniques
702,mise en garde
703,mécanismes de signalisation
704,sources de données
705,syncopal
706,aorto-cave
707,chlamydia
708,récepteurs
709,centre de cardiologie tertiaire
710,communications
711,filtrée
712,tort
713,faut-il
714,thrombi
715,numérisée
716,cnp
717,accouchements
718,lorraine
719,bénéficié
720,hypo-oncocitémie
721,classification
722,étude
723,réalisée
724,pratiques thérapeutiques
725,chlamydia pneumoniae
726,administration sécuritaire
727,créatinine
728,profonde
729,éliminé
730,obstacle
731,somme
732,ordre général
733,reportées
734,devienne
735,oncocitémie
736,b natriurétique
737,péri
738,toux
739,différentes
740,compétence
741,implantés
742,protection rénale
743,congé
744,augmentation d' hospitalisation
745,des
746,but
747,série de pathologies
748,marqueurs de sévérité
749,programme d' entraînement
750,sud
751,contrôles
752,génétique
753,joint
754,société
755,essais
756,natriurétique
757,action principale
758,hla
759,vih
760,surveiller
761,vées
762,β-bloquant
763,myélinolyse
764,comité
765,clampage aortique
766,sécréter
767,rfc
768,fonctionnement
769,méthode
770,dites
771,française
772,irt
773,pression
774,idiopathique
775,bénéfice fonctionnel
776,ordre
777,tolèrent
778,certaine
779,impose
780,whipplei
781,fibrillation
782,forts
783,détresse
784,poursuite
785,fe
786,parviennent
787,cardiotoxicity
788,multidisciplinaires
789,évolutives
790,appareil circulatoire
791,corollaire
792,phosphodiestérases
793,chirurgical
794,abdominale
795,pouvoir
796,récidives de thyrotoxicose
797,études de suivi
798,prenant
799,appariés
800,suppléance
801,infection
802,whipple
803,oxydatives
804,compensées
805,consécutivement
806,problème de santé
807,induction
808,churg-strauss
809,analyse statistique
810,production de cytokines pro-inflammatoires
811,coûts
812,remplissage contrôlé
813,produit
814,créatininémie
815,épaisseur
816,périphérique
817,cystatine
818,décès
819,survenue d' un décès
820,survivants
821,surveillance postopératoire
822,cardiaque
823,hypertensive
824,résistantes
825,efficacité
826,cavité
827,atteint
828,muscle
829,paroxystique
830,grande
831,antécédents
832,satisfaisants
833,améliorent
834,autres
835,conclusions
836,médiane
837,oxymètres
838,hypersensibilité
839,capacité fonctionnelle
840,sujet
841,morbimortalité
842,tad
843,contre-indique
844,boissons
845,étayée
846,femme
847,recherche
848,supplémentation
849,thrombophilie
850,pronostique péjoratif
851,neurologiques
852,réglons
853,circulant
854,symptomatologie
855,héparines
856,complète
857,pathologie
858,entretien
859,délais
860,intégrant
861,anticorps anti ro
862,partum
863,interatrial
864,calculer
865,sinon
866,implantée
867,développement
868,mauvaise conformité
869,endovasculaire
870,terme
871,abordés
872,promeut
873,aa
874,valvulaires
875,déficit
876,177000fcfa
877,révélé
878,sénégal
879,référant
880,causées
881,entité
882,16s
883,électriques
884,hormone
885,entité pathophysiologique
886,coût
887,rarement
888,afrique
889,amsacrine
890,extracardiaque
891,souches
892,ultrafiltration
893,atteintes
894,électroencéphalogramme
895,séquestrationextralobaire
896,approches thérapeutiques
897,confirmé
898,groupes musculaires
899,lésions
900,post-partum
901,modifiant
902,collaborent
903,utilisation
904,sclérose
905,directives
906,dépistés
907,autosomiques
908,marche
909,optique
910,neuro-hormonaux
911,désirant
912,systèmes d' assistance
913,génère
914,cim
915,mtor
916,fibromes
917,réalisable
918,congestion
919,cas
920,parties
921,échographiques
922,hypertensif
923,endocardique
924,financier
925,clairance
926,septum
927,ruptores
928,fevg
929,prix
930,décompensées
931,prête
932,rétrécissement
933,irradiation
934,classiquement
935,ccc
936,péricardectomie
937,devenir
938,pessimisme
939,entremise
940,antiplaquettaires
941,atteintes d' insuffisance cardiaque
942,inactif
943,prédictifs
944,plusieurs
945,inflammation
946,médecine
947,npr-c
948,déprogrammation
949,exécution
950,polymorphisme
951,entraînent
952,insuffisance cardique
953,glitazones
954,utilisation d' inhibiteurs
955,malformation
956,pré-hospitalière
957,exactitude
958,toxicité radio-induite
959,objet
960,épidémiologie
961,fréquente
962,non-spécialistes
963,gences
964,urémie
965,distendre
966,calculés
967,hémodynamique
968,sodium
969,rendant
970,fond
971,artériopathie
972,budget
973,effractive
974,problème
975,oculaire
976,osmolarité
977,notion
978,foie cardiaque
979,obstructifs
980,diurétiques initiaux
981,aide au diagnostic
982,non-diabétiques
983,corrélée
984,transfusion
985,faveur
986,exercices financiers
987,valables
988,élimination
989,démographiques
990,dispositifs
991,adrénergiques
992,totalisant
993,suggèrent
994,pharmacologiques
995,cause
996,cents
997,rééducative
998,analyse bibliographique
999,précarité
1000,identifiés
1001,surveillance cardiaque
1002,circulantes
1003,somnologues
1004,traumatiques
1005,études de population
1006,absence de fibrose
1007,essentielle
1008,exclusivement
1009,3e
1010,cohérentes
1011,diagnostic de présomption
1012,tunel
1013,énoximone
1014,implication
1015,biais
1016,médiastinale
1017,physiopathologique
1018,cardiomyopathie
1019,techniques
1020,contre
1021,rhumatoïde
1022,logiciel
1023,déshydratation
1024,dialogue
1025,conventionnel
1026,bonne reproductibilité
1027,télésurveillance
1028,infusions
1029,défaillance multiviscérale
1030,associées
1031,dysthyroïdies
1032,myocardlque
1033,atténué
1034,lourds
1035,partiel
1036,antimétabolites
1037,accumulation
1038,échographie
1039,lètalité
1040,syncope
1041,néonataux
1042,recevait
1043,génique
1044,services
1045,confié
1046,enquête
1047,diastole
1048,groupes fonctionnels
1049,ampoule
1050,sécrétée
1051,veineuse
1052,complémentaires
1053,sacrococcygien
1054,proposer
1055,discutés
1056,échocardiographique
1057,obstétricales
1058,retentissement
1059,stratégie
1060,oreillette
1061,diurne
1062,troponine
1063,laryngée
1064,cpk
1065,génitales
1066,hyperéosinophilie
1067,localisation
1068,population
1069,inopérable
1070,pratiquent
1071,authentifier
1072,combiné
1073,recherche d' une étiologie
1074,prostacycline
1075,thrombose ventriculaire
1076,plaquettes
1077,héparine
1078,pourcentage
1079,mortalité
1080,patients
1081,classifications fonctionnelles
1082,effets
1083,équipes
1084,aiguë
1085,donnée
1086,construction
1087,délai d' apparition
1088,hospitalisations
1089,plasmatiques
1090,négative
1091,liées
1092,ethniques
1093,génique cardiaque
1094,aborder
1095,réside
1096,tôt
1097,lourdement
1098,matériel
1099,enzyme
1100,torsades
1101,qui
1102,substitutive
1103,alpine
1104,insuffisance ventriculaire
1105,détectés
1106,échocardiographiques
1107,abcès
1108,respectivement
1109,juvénile
1110,problèmes de santé
1111,traitée
1112,relations de causalité
1113,potentiel évolutif
1114,approcher
1115,inexpliquées
1116,taux
1117,aléatoire
1118,ni
1119,implantable ventriculaire
1120,littérature
1121,absence
1122,répercussion
1123,abordée
1124,somnologue
1125,iodée
1126,occupait
1127,radio-induite
1128,améliorations
1129,organisation
1130,contrôler
1131,circulations pulmonaire
1132,publiées
1133,antiviraux
1134,régulatrices
1135,itraconazole
1136,fonction respiratoire
1137,pratique
1138,résultats
1139,base de données
1140,critère cardiaque composite
1141,primaire
1142,multicentriques
1143,crt
1144,bien
1145,traitements
1146,thrombolytiques
1147,complété
1148,athérosclérose
1149,poursuit
1150,essentiel
1151,viraux
1152,service des urgences
1153,cnamts
1154,exégèse
1155,rhm
1156,aspirine
1157,i50
1158,instruments
1159,néanmoins
1160,endocarditiques
1161,évolutifs
1162,échanges
1163,émanent
1164,permi
1165,heure
1166,prise d' anorexigènes
1167,préopératoires
1168,réadaptation
1169,auto-immun
1170,cancers
1171,masse ventriculaire
1172,apyrexie
1173,transduction
1174,réhospitalisations
1175,double
1176,inhibé
1177,simple
1178,assurance-maladie
1179,amélioreront
1180,rétroaction
1181,syndromes
1182,hypo-osmolarité
1183,protocoles
1184,sélectionner
1185,revascularisation
1186,cause de dyspnée
1187,sondes
1188,détriment
1189,sfc
1190,évoqué
1191,intriquer
1192,flux
1193,erreurs
1194,adénome toxique
1195,vitro
1196,hémoglobinémie
1197,critères d' inclusion
1198,système de santé
1199,dissection
1200,études de la période postopératoire
1201,rhumatologique
1202,n=26
1203,sel
1204,montrant
1205,retenu
1206,auteurs
1207,défibrillateur cardiaque
1208,autopsie
1209,milieu
1210,gestion
1211,diurèse
1212,anémie
1213,prothèses
1214,goitre multinodulaire
1215,décennies
1216,compliquer
1217,vasculaire
1218,peptide
1219,dynamique
1220,diurétiques
1221,aiguës
1222,type
1223,obstétricale
1224,tachycardie
1225,embole
1226,découpée
1227,attaque d' apoplexie
1228,médecine générale
1229,membrane oxygenation
1230,reprise
1231,incapacité fonctionnelle
1232,efficace
1233,quatre-vingt-quinze
1234,premier
1235,intra-veineuse
1236,terrain
1237,satisfaisante
1238,abdomen
1239,ralentissement
1240,il
1241,parité
1242,taille
1243,prématurés
1244,plateau
1245,déterminant
1246,etics
1247,mesure
1248,secondairement
1249,érythropoïétine
1250,face
1251,scintigraphie
1252,complet
1253,circulatoire biventriculaire
1254,dérivés
1255,arsenal
1256,remplissage court
1257,convergence
1258,systèmes
1259,effet indésirable
1260,squelettique
1261,indométacine
1262,isoprotérénol
1263,aiguillés
1264,squelettiques
1265,réciproque
1266,peptides
1267,événements
1268,période
1269,patient
1270,identifié
1271,libéraux
1272,induire
1273,épisode
1274,travail
1275,foetale
1276,panne de défibrillateur
1277,défaillances
1278,subitement
1279,joue
1280,établissement
1281,enfants
1282,suscité
1283,coronaropathies
1284,cadre d' un entretien
1285,recommandations
1286,angor
1287,veines
1288,identifiait
1289,mimant
1290,juger
1291,mcd
1292,organiques
1293,une
1294,autodétermination
1295,galectine-3
1296,questionnaire
1297,diminuent
1298,dispositif
1299,occlure
1300,dilaté
1301,néoplasique
1302,antiarythmique
1303,intoxications
1304,interféron
1305,antiarythmiques
1306,analyse des données
1307,prévention primaire de la mort
1308,contre-traduits.
1309,valves
1310,planification
1311,présumée
1312,traitement génétique
1313,candidats
1314,béribéri
1315,multiplicité
1316,en règle générale
1317,systèmes pneumatiques
1318,surviendrait
1319,divers
1320,programmes d' amélioration
1321,hémocultures
1322,cardiovasculaire
1323,éliminer
1324,élémentaire
1325,sous
1326,kg
1327,rétablissent
1328,diabete
1329,électrocardiographie
1330,immunodosage
1331,significatives
1332,indiquent
1333,complété secondairement
1334,hypokinétique
1335,mitrale fonctionnelle
1336,saurait
1337,cavités
1338,nécrose
1339,non-prescription
1340,rénine-angiotensine-aldostérone
1341,fonction cardiaque
1342,embolie
1343,épanchement
1344,pluies
1345,calculé
1346,application
1347,hypo-albuminémie
1348,pouvoirs publics
1349,prétraitement
1350,taille des reins
1351,étude rétrospective
1352,voie thérapeutique
1353,toutes
1354,cellules musculaires
1355,toxiques
1356,inexorablement évolutive
1357,réduisent
1358,facteurs
1359,hypoxies
1360,inhiber
1361,avec
1362,antécédent
1363,rares
1364,endormir
1365,exclusive
1366,imagerie additionnelle
1367,fraction d' éjection
1368,dysfonction diastolique
1369,roc
1370,anse
1371,mco
1372,mesurées
1373,angulaire
1374,morbidité
1375,peripartum
1376,nébuleuse
1377,péricardique
1378,évitées
1379,organes
1380,vitesse de propagation
1381,développement de la cardiomyopathie
1382,pmsi
1383,projets
1384,régresser
1385,septale
1386,typique
1387,fractions d' éjection
1388,hypertension
1389,abord
1390,exclut
1391,savent
1392,courbes
1393,poids
1394,entre
1395,programme
1396,mécaniques
1397,croyance
1398,opératoire
1399,transrénale
1400,mitro-aortiques
1401,aspects
1402,haut rendement
1403,ensemble d' éléments
1404,échocardiographie
1405,néprilysine
1406,médecine interne
1407,mars
1408,validée
1409,mécanisme
1410,péri-opératoire
1411,traduction
1412,prise
1413,antihypertenseurs
1414,insuffisance aortique
1415,utilisée
1416,toxicity
1417,critique
1418,introduction
1419,études épidémiologiques
1420,analyse
1421,celui-ci
1422,étiologiques
1423,péricardite
1424,électrique
1425,rapportant
1426,successifs
1427,établie
1428,ablation
1429,s5
1430,implanter
1431,trente
1432,atteints
1433,approche-t-on
1434,état des connaissances
1435,méthodes
1436,réversible
1437,économique
1438,broncho-pneumopathie
1439,bnp
1440,suggérant
1441,son
1442,stimulant
1443,dispensés
1444,placebo
1445,fœtus
1446,persistante
1447,obstructive
1448,donner
1449,a-t-elle
1450,augmenté
1451,constriction
1452,mé
1453,conservée
1454,externe
1455,protéolyse
1456,passive
1457,cohorte
1458,affirmer
1459,norépinéphrine
1460,insuffisamment
1461,hospitalière
1462,cardiospécificité
1463,gestité
1464,révéla-tion
1465,gauches
1466,état
1467,pénurie
1468,inhibiteurs
1469,justifier
1470,délivre
1471,natriuretic
1472,sous-utilisés
1473,ischémique
1474,biomarqueur
1475,coronaire
1476,hypertendus
1477,asymptomatiques
1478,myocytes ventriculaires
1479,oncopédiatre
1480,apnée
1481,personnels
1482,antithyroïdiens
1483,myocytes
1484,périopératoire
1485,séjour
1486,pulmonaires
1487,hydralazine-isosorbide
1488,nos
1489,recombinant
1490,présentant
1491,désaturation
1492,diabète
1493,paramétriques
1494,influence
1495,pharmacologie
1496,cardiopathies
1497,battements
1498,récidivé
1499,conseils diététiques
1500,analyse multivariée
1501,anticorps
1502,hta
1503,peptides natriurétiques
1504,hypervascularisées
1505,epidémiologie
1506,consécutifs
1507,enceintes
1508,rédigées
1509,insuffisances
1510,foie
1511,spécificités
1512,absence de traitement
1513,séniles
1514,droites
1515,supérieure
1516,scanner
1517,échocardiogramme
1518,synthèse
1519,mme
1520,aldostérone
1521,siècle
1522,efficaces
1523,congestive secondaire
1524,pédiatres
1525,fournit-il
1526,produite
1527,quatre-vingts
1528,envisagés
1529,intraventriculaires
1530,ensuite
1531,réduisant
1532,cyanose
1533,entraîner
1534,avant-bras
1535,débit
1536,traitement
1537,pathophysiologie
1538,améliorer
1539,hommes
1540,écoulées
1541,seul
1542,délimiter
1543,isotopique
1544,contrôler sa symptomatologie
1545,cutanée
1546,hémangiomes
1547,sub-saharienne
1548,peut-on
1549,déoxyribonucléotide
1550,sarcomes
1551,réfractaire
1552,évaluée
1553,colligées
1554,ventricule
1555,rare d' origine
1556,convaincants
1557,effets indésirables
1558,ventriculographique
1559,décennie
1560,sous-clavière
1561,carences
1562,traitement immédiat
1563,associés
1564,compression
1565,susceptible
1566,cd4
1567,résistante
1568,différenciant
1569,hormones
1570,dommages
1571,aux
1572,seule
1573,radiographie
1574,résolution
1575,angiographie
1576,intervention
1577,biomarqueurs
1578,revue
1579,démographiques.
1580,majeures
1581,réanimateur
1582,biventriculaires
1583,soigner
1584,minéralocorticoïde
1585,endoluminale
1586,autonomie
1587,prenantes
1588,volumineux
1589,mécanique
1590,retenus
1591,caractéristiques
1592,décompensation
1593,diabétiques
1594,imagerie morphologique
1595,agressive
1596,devaient
1597,les
1598,thromboses
1599,redoutables
1600,phase aiguë
1601,endopelvienne
1602,déplacements
1603,réelle
1604,thrombophlébite
1605,aggravants
1606,contre-indiquer
1607,diagnostic d' insuffisance
1608,celles-ci
1609,cohortes
1610,simposent
1611,stimulation multisite biventriculaire
1612,évidence
1613,contexte
1614,paraclinique
1615,castration
1616,évolutive
1617,endothélial
1618,musculaires
1619,thrombose
1620,ventriculogramme
1621,administration de traitements
1622,probnp
1623,garde
1624,décrit
1625,novembre
1626,correspondance
1627,comas
1628,géogra
1629,remplacements
1630,circonstances d' utilisation
1631,transfert
1632,cardiowest
1633,durée d' hospitalisation
1634,induites
1635,dialysé
1636,endomyocardique
1637,avalent
1638,thromboembolique
1639,inexpliquée
1640,stimulation biventriculaire
1641,système de soins
1642,thérapeutiques courantes
1643,champ
1644,parvenir
1645,obèse
1646,séquestration pulmonaire
1647,éléments de mauvais pronostic
1648,fonction diastolique
1649,publication
1650,régressive
1651,angio-œdème
1652,cellulaires
1653,grossesse
1654,réponse anormale
1655,approfondir
1656,trop
1657,documenter
1658,données de l' insee
1659,fonction vd
1660,peropératoire
1661,organisation multidisciplinaire
1662,autorité
1663,buts
1664,subites
1665,miracle
1666,pourrait
1667,frais
1668,isotopiques
1669,anthracyclines
1670,dépistage d' as
1671,échographie-doppler
1672,créneaux
1673,chimiothérapies
1674,européenne de cardiologie
1675,entrepris
1676,dominantes
1677,majoritairement
1678,adrénoméduline
1679,unissant
1680,jumeau
1681,occlusions
1682,thyréotrope
1683,classiques
1684,stéroïdes
1685,rechercher
1686,actifs
1687,répondeurs
1688,myocarde
1689,centres hospitaliers
1690,accord
1691,carcinoïdes
1692,qt
1693,méthodologiques
1694,affection
1695,polygraphie
1696,rapporté
1697,mitraux
1698,athéroscléreuses
1699,pré-implantation
1700,jusqu'
1701,cox
1702,trachomatis
1703,dilatée
1704,tertiaire
1705,sonde
1706,répétition
1707,suites
1708,observations
1709,admission
1710,non-compaction ventriculaire
1711,immunohistochimiques
1712,cardites
1713,sénescence
1714,actes
1715,anomalies
1716,accouchement
1717,cancer
1718,annuel
1719,tableau d' embolie
1720,zone tropicale
1721,millions
1722,vecteurs
1723,libres
1724,traumatismes
1725,dénutrition
1726,volémie
1727,élevée.
1728,marché
1729,vagal
1730,codes de données
1731,rétention
1732,représentent
1733,étiologique
1734,étiologie
1735,agent
1736,précautions
1737,natriurétiques
1738,auriculoventriculaire
1739,droit secondaire
1740,inotropisme
1741,para-annulaires
1742,cathétérisme
1743,réinductibles
1744,approche thérapeutique
1745,courent
1746,atteinte cardiaque
1747,hydrosodée
1748,épreuve d' effort
1749,irréversible
1750,purement
1751,démence
1752,qualité de la vie
1753,chez
1754,système rénine-angiotensine-aldostérone
1755,somnolence
1756,agent antiprolifératif
1757,profité
1758,angiotensine
1759,score
1760,cardiorénal
1761,systolique
1762,imc
1763,hypotension
1764,consomme
1765,adénoviraux
1766,concurrents
1767,valeurs
1768,foetal
1769,incidence
1770,nécropsiques
1771,appel téléphonique
1772,cessant
1773,héréditaire
1774,électrocardiogramme
1775,tissus
1776,ecg
1777,démontrant
1778,enregistrement des renouvellements
1779,marche dupliqué
1780,statines
1781,léiomyomatose
1782,medline®
1783,constance
1784,préopératoire
1785,emboliques
1786,solution
1787,innocuité
1788,exclus
1789,effet de l' enoximone
1790,régression
1791,palliatifs
1792,sousjacente
1793,boîtier
1794,mesurés
1795,ouvrent
1796,engendrer
1797,pac
1798,évolution progressive
1799,traitement de fond
1800,c2
1801,apparaissent
1802,hémoculture
1803,défaillante
1804,néo-angiogenèse
1805,inciter
1806,évaluées
1807,pouvaient
1808,logistique multivariée
1809,sériques
1810,étudiés
1811,celle-ci
1812,collège
1813,rétablie
1814,plus
1815,schématiquement
1816,transductal
1817,liée
1818,hypercapnie
1819,freinent
1820,récusée
1821,elle-même
1822,avk
1823,limites d' accès
1824,congestives
1825,élevait
1826,hypoxémie
1827,apparition
1828,recul
1829,préventif
1830,pro
1831,embryogenèse
1832,toxocara
1833,tenant
1834,dépistage
1835,transplantation
1836,élevée
1837,défibrillateurs
1838,remplissage anormal
1839,ondes
1840,réseau
1841,valve
1842,vacuolaires
1843,attribuables
1844,entrevues
1845,transposer
1846,flash
1847,délétères
1848,pontage
1849,ciblées
1850,confond
1851,latéral
1852,sérologie
1853,heart
1854,surveillance
1855,oncologues
1856,dues
1857,contrôlés
1858,dimension
1859,trioxyde d' arsenic
1860,surrénales
1861,montré
1862,éliminée
1863,la
1864,propriété
1865,profitent
1866,hémodynamiques
1867,approchent
1868,endomyocardiques
1869,vingtaine
1870,défavorable
1871,auc
1872,étiologies
1873,mise à jour
1874,bcl-2
1875,amènent
1876,thérapeutiques
1877,peu
1878,prometteuse
1879,crpus
1880,anévrisme
1881,tsm
1882,évolutions
1883,circulation foetale
1884,documenté
1885,intégrait
1886,asymptomatique
1887,négatives
1888,dépressif
1889,système rénine–angiotensine–aldostérone
1890,implantable
1891,induits
1892,demi
1893,bioprothèse
1894,par
1895,ancrée
1896,syncopes
1897,soutiennent
1898,épidémiologiques
1899,mois
1900,adoptées
1901,doubler
1902,perméabilité
1903,cmipp
1904,vérapamil
1905,établir
1906,autonomie fonctionnelle
1907,services de cardiologie
1908,parrainage
1909,délicat
1910,côte d' ivoire
1911,insu
1912,jeunes
1913,précoce
1914,pompes
1915,echocardiographie
1916,tapse
1917,planifier
1918,implantation
1919,complexe
1920,défibrillateur
1921,scores
1922,puissants
1923,augmentent
1924,protéomique
1925,cardio-vasculaires
1926,mauvaise
1927,maladie
1928,donne
1929,anti
1930,agents alkylants
1931,médecins
1932,polyarthrite
1933,partielles
1934,ventriculaire
1935,implanté
1936,facteurs de risque
1937,le
1938,greffe
1939,ventricules
1940,ciblés
1941,diagnostic d' insuffisance cardiaque
1942,bilan biologique
1943,historique
1944,adhérant
1945,celle
1946,déformation
1947,dysfonctionnement
1948,rétablissement
1949,mode
1950,disponibilité
1951,révélés
1952,bilan
1953,centre hospitalier
1954,av
1955,epical
1956,asystolie
1957,point d' entraîner
1958,vascularisation
1959,myxome
1960,série de cas
1961,fonction systolique
1962,sud-est
1963,phénomène de transition
1964,décompensation aiguë
1965,tolérant
1966,augmente
1967,avenir
1968,cancérologie
1969,personne
1970,du
1971,auto-immune
1972,endoprothèse
1973,hyposodé
1974,anormalités
1975,période de suivi
1976,myocardiques
1977,dix
1978,bradykinine
1979,viscérales
1980,préservée
1981,isolés
1982,extension
1983,phases
1984,évolution
1985,goitre nodulaire
1986,hémorragies
1987,électrodes
1988,systèmes d' information
1989,système de soins de santé
1990,mesuré
1991,cardioversion
1992,donnerons
1993,conférence
1994,prometteur
1995,thyroïdiennes
1996,fabrication
1997,active
1998,plaques
1999,diète
2000,trois
2001,cent
2002,appliquent
2003,pic de vo2
2004,entérocolite
2005,atteinte
2006,faite
2007,diminution
2008,chacune
2009,réévaluée
2010,muqueuses
2011,urinaire
2012,forte mortalité
2013,délivrée
2014,survenues
2015,tachycardies ventriculaires
2016,icad
2017,extra-corporelle
2018,myocardiopathies
2019,soumis
2020,prédictive
2021,étude des lymphocytes
2022,fournissent
2023,contribuent
2024,arrêt des médicaments
2025,cérébrale
2026,remplissage ventriculaire
2027,augmentée
2028,soulagement
2029,métastatiques
2030,intriquées
2031,sommeil
2032,significative
2033,introduite
2034,outils d' éducation
2035,hépatomégalie
2036,réentraînement physique
2037,importe
2038,indépendante
2039,porteurs de fistules
2040,anormale
2041,technique d' assistance
2042,diastolique
2043,constamment
2044,myocardite
2045,entraîne
2046,mesurée
2047,facteur rhumatoïde
2048,effet
2049,alitement
2050,apparue
2051,grossesses
2052,euros
2053,étiopathogénie
2054,rétrospectif
2055,évolution démographique
2056,électrocardiographique
2057,déclampage
2058,éventualité fréquente
2059,structure
2060,nucléaire
2061,bénéficient
2062,angio-œdèmes
2063,dresser
2064,nous
2065,logique
2066,angine
2067,infracellulaires
2068,fonction systolique conservée
2069,mitral
2070,majorité
2071,fonctions systolique
2072,non
2073,coûteux
2074,affection grave
2075,transculturelle
2076,transversale
2077,soutenue
2078,anatomie
2079,bav
2080,oxygène
2081,mécanismes
2082,extracellulaire
2083,pulmonaire
2084,conclusion
2085,responsabilité
2086,usik
2087,bronchopneumopathie
2088,anti-chronologique
2089,impédancemétrie
2090,uyo
2091,couchement
2092,événement
2093,divisés
2094,pratiques
2095,spécifiques
2096,écho-doppler
2097,physique
2098,contre-pression
2099,flux aortique
2100,handicapés
2101,cardiomyopathies
2102,ruptures
2103,poumon
2104,relativement
2105,capacité d' adaptation
2106,tonus
2107,causée
2108,psychologue
2109,conserve
2110,taux de cystatine
2111,recherche d' anévrysme
2112,gy
2113,double chambre
2114,agents antiplaquettaires
2115,cérébrales
2116,classique
2117,taux de patients
2118,complétés
2119,fc
2120,mesures de prévention
2121,avantageux
2122,agent immunosuppresseur
2123,renaal
2124,rr
2125,professionnels de la santé
2126,annuels
2127,place de la transplantation cardiaque
2128,rallonger
2129,directrices
2130,excrétion
2131,en
2132,rare
2133,progressivement
2134,porteuse
2135,perfusion
2136,lymphomes
2137,tci
2138,détecter
2139,récupéré
2140,nouveau-nés
2141,absence d' histoire
2142,dépenses
2143,génèrent
2144,cmd
2145,antiangineux
2146,agit d' accidents
2147,mort
2148,dépendre
2149,réseau routier
2150,réversibles
2151,découlant
2152,recherche de grande envergure
2153,économiques
2154,avitaminose
2155,axées
2156,stop
2157,arythmogène
2158,mn
2159,céré
2160,rapport
2161,dose
2162,forte
2163,coronaropathie
2164,commercialisées
2165,é.-t
2166,adénosine
2167,existence
2168,aiguiller
2169,immunofluorimétriques
2170,malnutries
2171,homme
2172,horner
2173,décisionnels
2174,rémission
2175,appartient
2176,graves réfractaires
2177,écart
2178,bon
2179,distension
2180,princeps
2181,antivitamines
2182,particularités étiopathogéniques
2183,suivis
2184,tumeurs
2185,témoin
2186,droit
2187,périodique
2188,éléments
2189,infructueux
2190,endopeptidase
2191,concorde
2192,activité physique
2193,entraînée
2194,obstacles
2195,action directe
2196,annuelle
2197,b-type
2198,associé
2199,sus-hépatiques
2200,pas
2201,formé
2202,cités
2203,descriptive
2204,représentaient
2205,bénigne
2206,tricuspidien
2207,attribués
2208,éliminées
2209,sinusal
2210,neutrophiles
2211,pouls d' o2
2212,né
2213,privilégiées
2214,compliquant
2215,sensibilisateur
2216,concitoyens
2217,endocarties
2218,incapacité
2219,méta-analyses
2220,trente-huit
2221,visée
2222,nécessitant
2223,répercussions
2224,liaison
2225,extrêmement
2226,hyperthyroïdie
2227,définitif
2228,traitant
2229,démarche
2230,introduits
2231,relation étroite
2232,agressivité
2233,dispositions
2234,éducation
2235,remplissage
2236,risque d' insuffisance cardiaque
2237,angiomes
2238,palliative
2239,apport
2240,inserm
2241,coronarographie
2242,parmi
2243,moins
2244,diurétique
2245,améliorant
2246,devons
2247,dimensions
2248,réviser
2249,retardé
2250,tableau aigu fébrile
2251,dysplasie
2252,cnchg
2253,inhomogène
2254,prothrombine
2255,promettre
2256,confirmer
2257,néonatales
2258,fraction
2259,aisé
2260,précoces
2261,offrent
2262,réentraînement
2263,faibles
2264,laissent
2265,assistance ventriculaire
2266,thérapie
2267,technologie
2268,informations
2269,suite
2270,entourage
2271,appareil
2272,soins palliatifs
2273,électrocardiographiques
2274,péricardites
2275,représentait
2276,dilatées
2277,consultation d' entrée
2278,grandes
2279,etude
2280,volume de cardiaque
2281,déclarés
2282,5fu
2283,paramédicaux
2284,surviennent
2285,conseils pratiques
2286,multidisciplinarité
2287,dépendants
2288,saines
2289,concilier
2290,propos
2291,nord
2292,méthodes de dosage
2293,permet
2294,médicaments
2295,natriurèse
2296,exercices d' endurance
2297,angioplastie
2298,heures
2299,cérébral
2300,fréquent
2301,cardio-vasculaire
2302,intrarénale
2303,21e
2304,sa
2305,biopsie
2306,résonance magnétique
2307,souffert
2308,équivalentes
2309,non-invasive
2310,fonction ventriculaire
2311,traitement antihypertenseur
2312,révisés
2313,congolais
2314,aortiques
2315,répondu
2316,bonnes guérison
2317,voie épigastrique
2318,lourde
2319,service de médecine
2320,réanimations
2321,rhumatisme
2322,fonctionnellement
2323,catabolisme
2324,dynamique anormale
2325,abouchait
2326,soixante-trois
2327,tests fonctionnels
2328,stratégie thérapeutique
2329,indécis
2330,combler
2331,électrolytes
2332,surpoids
2333,document
2334,unités
2335,inclut
2336,bilatérales
2337,immunoglobuline
2338,programmes de prévention
2339,dérivé
2340,auto-questionnaires
2341,remarquables
2342,fois
2343,généraux
2344,poursuivra
2345,coeur
2346,hydroxychloroquine
2347,inférieure
2348,circulatoire
2349,après-midi
2350,induit
2351,malformations
2352,pneumothorax
2353,douze
2354,coût financier
2355,machines
2356,significatif
2357,humide
2358,globalité
2359,polyarthrite rhumatoïde
2360,sortie
2361,étape
2362,rendement
2363,1er
2364,hyponatrémie
2365,variabilité
2366,menées
2367,pertes
2368,neurologique
2369,précédemment
2370,rhabdomyomes
2371,récupèrent
2372,suivi
2373,ordre cardiovasculaire
2374,énalapril
2375,tendent
2376,arrêt
2377,réfractoire
2378,capacité d' effort
2379,court
2380,co-morbidité
2381,expansion
2382,justifient
2383,amyloïdose
2384,stimulus
2385,micro-angiopathie
2386,prostaglandines
2387,diagnostic étiologique
2388,intercurrente
2389,énergétique
2390,hémopathies
2391,hydroélectrolytique
2392,utérine
2393,activité biologique
2394,résultent
2395,cardiomyocyte
2396,non-compaction
2397,interroge
2398,force
2399,d'
2400,atrioventriculaires
2401,cesse
2402,régression logistique
2403,thrombus
2404,biosite
2405,obstruction
2406,exérèse en urgence
2407,auriculaire
2408,remodelage ventriculaire
2409,indiquaient
2410,valvulopathies
2411,traduits
2412,stimulateurs
2413,circulation
2414,système
2415,méthodologie
2416,appuie
2417,intégrante
2418,quatre-vingt-deux-patients
2419,groupes de patients
2420,endoprothèses
2421,leucémies secondaires
2422,perte
2423,notamment
2424,droite
2425,cardiopathie
2426,déterminants socio-démographiques
2427,sous-jacents
2428,devenue
2429,environ
2430,microcirculatoire
2431,part
2432,valvulaire
2433,masse
2434,infarci
2435,crainte
2436,métabolisme
2437,igs
2438,remplissages ventriculaires
2439,anticorps anticytoplasme
2440,plainte
2441,soins de santé
2442,agit d' une malformation
2443,complication
2444,révélateurs
2445,bris
2446,évolutionniste
2447,origine
2448,privés
2449,insuffisance rénale
2450,hyponatrémies aiguës
2451,solide
2452,déviation
2453,récepteur
2454,tous
2455,valeur
2456,autonome
2457,lacunes
2458,éjection du ventricule
2459,classe fonctionnelle
2460,6e
2461,élargissent
2462,examen
2463,sollicités
2464,effets immédiats
2465,acv
2466,morbide
2467,infirmière
2468,algorithmes
2469,péjoratif
2470,résistant
2471,majeure
2472,acc
2473,thiamine
2474,quatre
2475,infestation
2476,fonction rénale
2477,progressive
2478,courte
2479,absence d' anomalies
2480,incluent
2481,antithrombotique
2482,mesures
2483,remodelage fibrotique
2484,cytotoxiques
2485,sécrété
2486,unité
2487,rsus
2488,gènes
2489,long
2490,apportant
2491,lourdes
2492,divisé
2493,cd8
2494,saharienne
2495,obstructives
2496,décompensés
2497,est
2498,faisabilité
2499,retenue
2500,adénopathies
2501,justification
2502,péri-opératoires
2503,résolu
2504,congestive
2505,β-bloquants
2506,échelle d' activité
2507,asynchronisme
2508,antécédent cardia-vasculaire
2509,déterminants
2510,imposer
2511,fraction d' ejection
2512,profit
2513,secondes
2514,moelle osseuse
2515,règles
2516,fin de vie
2517,estimée
2518,étude épidémiologique
2519,indépendant
2520,ischémie
2521,fermeture du canal
2522,simples
2523,survient
2524,classes fonctionnelles
2525,aboutissement
2526,se
2527,conditions de vie
2528,hyperkinésie
2529,différenciées
2530,entraînant
2531,point de vue
2532,arrêté
2533,ischémiques
2534,celles
2535,interstitielle
2536,aériennes
2537,nécessaire
2538,induite
2539,insuffisance cardiaque fœtale
2540,rédigée
2541,france
2542,centrales
2543,absorption
2544,péricarde épaissi
2545,ordre d' importance
2546,rennes
2547,intégrer
2548,radiologique
2549,veine du sinus coronaire
2550,paracliniques
2551,entourées
2552,concurrent multifactorielle
2553,courbe d' apprentissage
2554,meadows
2555,de
2556,technologies
2557,recevant
2558,réserves d' une étude
2559,dépressions
2560,degré de gêne fonctionnelle
2561,modalités
2562,outils
2563,aimant
2564,cardiologue
2565,complique
2566,moelle
2567,semblent
2568,deuxièmement
2569,transgénique
2570,scd-heft
2571,contrebalance
2572,asa-1
2573,permettait
2574,biopsier
2575,indemnes
2576,oedemes
2577,aborderons
2578,congénitaux
2579,iv
2580,interindividuelle
2581,évolutif
2582,anesthésie
2583,magnétique
2584,critères d' interruption
2585,calcul
2586,empirique
2587,endocardites
2588,récupération
2589,dilatation ventriculaire
2590,financiers
2591,récupération fonctionnelle
2592,peutiques
2593,élévation
2594,agressif
2595,dégradation
2596,réopérer
2597,auriculo-ventriculaire
2598,sociétés
2599,n'
2600,risque
2601,rétention d' eau
2602,rétrograde
2603,schémas
2604,améliore
2605,vaptans
2606,traitement non pharmacologique
2607,voie orale
2608,masson
2609,expérimentales
2610,simultanée
2611,radiotherapy
2612,fonctionnelles
2613,transthoracique
2614,hmg
2615,contrepulsion
2616,identifiée
2617,eau
2618,problèmes cardiovasculaires
2619,aggravantes
2620,constitution
2621,éloignement
2622,thérapeutique
2623,sodé
2624,substitution
2625,hypocalcémie
2626,évitables
2627,degré
2628,veineux
2629,administration
2630,resynchronisation
2631,dysfonctionnements diastoliques
2632,donnent
2633,valsartan
2634,absence d' amélioration
2635,esthétique
2636,génétiques
2637,amélioration
2638,elles
2639,recours
2640,amélioré
2641,majoration
2642,automatique
2643,perspectives
2644,morts
2645,entraîne des hypertensions
2646,suractivation
2647,amyloïde
2648,postopératoire
2649,moléculaire
2650,études en population
2651,fait
2652,endocardite fibroblastique
2653,résumeé
2654,imagerie
2655,anp
2656,hypothèse
2657,cardio-rénal
2658,insuffisant
2659,crâne
2660,modalités de fonctionnement
2661,acquises
2662,lié
2663,bosentan
2664,a.f.
2665,accident
2666,répétées
2667,interruption
2668,électromécaniques
2669,hypertrophie
2670,huit
2671,sécrétion
2672,suscite
2673,liés
2674,chloroquine
2675,myocytaire
2676,négligée
2677,défibrillation
2678,récessives
2679,biologiques
2680,fondés
2681,revêtir
2682,synergique
2683,cela
2684,stimuli
2685,bactériologique
2686,apnées-hypopnées
2687,fonction myocardique
2688,sein
2689,thérapeutiques émergent
2690,interprétation des dosages
2691,contrecarrer
2692,goitre
2693,iec
2694,échocardiographies
2695,comblement
2696,spécificité
2697,gymnastique
2698,suggère
2699,pilier
2700,positive
2701,septal
2702,tachycardies
2703,réhospitalisation
2704,hémiplégie
2705,décrits
2706,secondaires
2707,mises
2708,si
2709,contrainte
2710,canal
2711,vd
2712,apports
2713,corrélation
2714,exerce
2715,imputés
2716,statut
2717,cim-9
2718,médication
2719,bénéfice
2720,répandu
2721,handicap fonctionnel
2722,antécédents thromboemboliques
2723,substance
2724,éducation thérapeutique
2725,batts
2726,insuffisance cardiaque
2727,vieillissement
2728,extracorporelle
2729,l'
2730,survenu
2731,élément
2732,bons
2733,observation
2734,remède authentique
2735,intra-thoraciques
2736,métastatique
2737,survenus
2738,différenciation
2739,points essentiels
2740,tableau de choc cardiogénique
2741,boîtiers
2742,cardiologique
2743,dnp
2744,oxygénothérapie
2745,normaux
2746,exposition
2747,unités de soins
2748,mise
2749,antibiotique
2750,dépistage systématique
2751,survenir
2752,rattachée
2753,pléthysmographie
2754,co-morbidités
2755,cours d' évaluation
2756,coûteuse
2757,tiers
2758,autoquestionnaire
2759,jours
2760,lisinopril
2761,élevé
2762,cycle de calcium
2763,inapparente
2764,généralistes
2765,baisse
2766,été
2767,vasculaires cérébraux
2768,examinés
2769,décubitus
2770,apparaît
2771,différente
2772,données de la littérature
2773,t-elle
2774,améliorée
2775,personnes
2776,traumatisme
2777,infectieuses
2778,cinquante
2779,leur
2780,sance cardiaque
2781,fonctionnel
2782,leucémies
2783,troponine étalent
2784,symptomatologie fonctionnelle
2785,survenant
2786,tensionnelles
2787,seraient
2788,régurgitation valvulaire
2789,mcdi
2790,périphériques
2791,hypertrophique
2792,urgence
2793,sécurité
2794,pompe
2795,breast
2796,préventives
2797,idiopathiques
2798,randomisés
2799,nt-probnp
2800,lymphoma
2801,exercent
2802,établissements de soins
2803,systèmes de soins
2804,insuffisance tricuspidienne
2805,résulte
2806,réalisant
2807,prévention primaire
2808,fistules
2809,fdv
2810,décision
2811,commun
2812,accélérer
2813,prédialysé
2814,dai
2815,écart-type
2816,cyclophosphamide
2817,exercice
2818,éjection ventriculaire
2819,immédiat
2820,pente
2821,rapportés
2822,contrepulsation
2823,surinfection bronchique
2824,tout-trans-rétinoïque
2825,domaines
2826,asynchronisme auriculo-ventriculaire
2827,staphylocoque
2828,éosinophilie
2829,vitesse
2830,délinir
2831,blocs
2832,supérieurs
2833,nouveau
2834,dépendante
2835,bénignes
2836,dépendent
2837,pronostique en cardiologie
2838,rats
2839,impact
2840,orientation d' un diagnostic
2841,lipomes
2842,améliorait
2843,congénitale
2844,cérébraux
2845,carcinoïde
2846,isolé
2847,cytokines
2848,habituelle
2849,noté
2850,bonne tolérance
2851,notée
2852,normes de soins
2853,adénovirus
2854,étalent
2855,réadmission
2856,lutter contre l' ensemble
2857,montrait
2858,devant
2859,aggrave
2860,hernie
2861,plage
2862,appariement
2863,récurrence
2864,hypokinésie ventriculaire
2865,immédiate
2866,courbe
2867,volémique
2868,cessent
2869,hyponatrémies
2870,onéreuse
2871,sévères
2872,pah
2873,cockcroft
2874,bloc opératoire
2875,dès
2876,témoins
2877,service
2878,évalués
2879,rats mâles
2880,ces
2881,artérielle
2882,fil
2883,prévalence
2884,préalable
2885,mönckeberg
2886,détérioration
2887,profil
2888,anticoagulant
2889,cause primaire
2890,réanimation
2891,diététique
2892,lier
2893,voisine
2894,agressions cytotoxiques
2895,clampage
2896,suraiguë
2897,contre-indiquées
2898,tsh
2899,analysés
2900,cardiologues
2901,etp
2902,macrophages
2903,comparateur
2904,diagnostic éducatif
2905,révélation
2906,incidence apicale
2907,fondée
2908,prédicteurs anamnestiques
2909,échocard
2910,anomalie
2911,basses
2912,résonance
2913,hypothyroïdie
2914,favorisée
2915,traduisent
2916,lui-même
2917,administratives
2918,constantes
2919,conséquences
2920,sous-groupes
2921,pneumoniae
2922,statut fonctionnel
2923,légères
2924,grave
2925,envisagé
2926,chambre
2927,fraction d' éjection du ventricule
2928,apprentissage généralisé
2929,risque d' effets
2930,lien de causalité
2931,asservie
2932,bonne
2933,nitroglycérine
2934,système cardiovasculaire
2935,investissement
2936,troisième
2937,actualités
2938,thyroïdienne
2939,hémorragie aiguë
2940,hormonothérapie
2941,anatomopathologique
2942,répertoriées
2943,elle
2944,inadvertance
2945,élève
2946,alternative
2947,connectivite
2948,cours de validation
2949,malades
2950,place
2951,anti-aldostérone
2952,effets bénéfiques
2953,lôffler
2954,qu'
2955,nécessitent
2956,reposant
2957,transcriptase-polymerase
2958,psychomoteur
2959,600fca
2960,bénéficiant
2961,arthrite
2962,comparaison
2963,coefficient de corrélation
2964,vingt
2965,sélénium
2966,hibernants
2967,anamnèse
2968,mêmes
2969,données
2970,péricardiques
2971,supérieures
2972,thyroïdectomie
2973,association
2974,dix-neuf
2975,pourvoyeuses
2976,deuxième
2977,vue
2978,accru
2979,conjuguent
2980,situations d' urgence
2981,chute
2982,rétablissant
2983,aggravent
2984,surveillance anténatale
2985,absence d' insuffisance
2986,éducative
2987,épidémiologique
2988,échappement
2989,droite révélé
2990,hypertoniques
2991,surmortalité périopératoire
2992,révéler
2993,séances de formation
2994,lutter contre le rhumatisme
2995,insuffisance
2996,pressions
2997,multidisciplinaire
2998,trachéale
2999,immunodéficience
3000,intéresse
3001,11ans
3002,vo2
3003,prématuré
3004,systématique
3005,réabsorption
3006,décédée
3007,gémellaire
3008,retenir
3009,appui
3010,stress
3011,décompensée
3012,perdue
3013,insuffisances cardiaques
3014,thrombo-emboliques
3015,covariables
3016,renforcent
3017,protéine
3018,protéines
3019,installation
3020,précharge
3021,rétrécissement aortique
3022,invalides
3023,nésiritide
3024,ralentir
3025,ajusté
3026,rhumatismales
3027,homocystéine
3028,explanter
3029,tenter
3030,ruraux
3031,programme d' assistance
3032,invalidantes
3033,présentes
3034,comparées
3035,traitement optimal
3036,sachant
3037,questions
3038,activités physiques
3039,porteurs
3040,assistance
3041,nord-est
3042,ulcéronécrosante
3043,devrait-il
3044,emploi
3045,hématopoïétiques
3046,sous-jacente
3047,stade évolué
3048,incitent
3049,anticoaaulation
3050,quatorze malades
3051,intérêt
3052,élucidée
3053,système rénine-angiotensine
3054,utilisation de biomarqueurs
3055,infarctus
3056,fonde
3057,fractionnelle
3058,dossiers
3059,souffrant
3060,extrêmes
3061,toxocarose
3062,stratification
3063,prédominance dépressive
3064,traitement étiologique
3065,discriminant
3066,action
3067,arn
