0,d' urgence
1,fonction infracellulaires
2,stimulateurs
3,fonction myocardique
4,œsophage
5,devienne irréversible
6,mise à jour
7,décès d' origine
8,itraconazole
9,anomalies morphologiques
10,anti-aldostérone
11,stratégies probantes
12,valvulaire
13,traitement des conditions
14,anatomopathologique
15,résonance magnétique
16,anomalies périphériques
17,initiation du traitement
18,améliore
19,facteurs peropératoires
20,endovasculaire
21,écho-doppler
22,échographie-doppler
23,ventriculaire droite
24,santé publique
25,adénoviraux
26,perçue
27,assurance maladie
28,française de cardiologie
29,anémie
30,auricule gauche
31,d' évolution
32,introduction
33,régurgitation
34,écarts
35,endothélial
36,sous -
37,antérieurement
38,bronchopneumopathie
39,gauches
40,série de six patients
41,mortalité
42,groupes
43,choc
44,postéro-inférieure
45,hyperéosinophilie
46,étude
47,prophylaxie
48,pharmacocinétique
49,facteurs de croissance
50,cohorte française
51,fraction
52,boissons
53,l' évaluation
54,régurgitation valvulaire
55,mode de révéla-tion
56,révélatrice d' une hypocalcémie
57,autorisation
58,myocardiopathies
59,évolutifs
60,ventriculaire gauche
61,différences de mesures
62,fibrose
63,endoprothèse
64,interféron
65,groupe des non-répondeurs
66,antécédents de revascularisation
67,enquête nationale
68,facteur pronostique
69,dilatation du ventricule
70,angiotensine
71,syncopes
72,mécanisme de l' insuffisance
73,constitution
74,double chambre
75,ruptores
76,diurétique
77,tiers
78,âge moyen
79,coûts
80,physique
81,économiques
82,mtor
83,développement socio-économique
84,soins de fdv
85,congé de l' hôpital
86,adénome toxique
87,diminution de la mortalité
88,valve aortique
89,oreillette droite
90,préopératoire
91,récepteur
92,spondylarthrite
93,rsus
94,échocardiagraphique
95,pouvoirs publics
96,recommandations de base
97,thrombose veineuse
98,thromboembolique
99,à la radiographie
100,extracorporelle
101,sance cardiaque
102,rique
103,rétention d' eau
104,index
105,budget
106,bral
107,enoximone
108,grossesse normale
109,vingtaine d' années
110,insuffisance cardiaque
111,6e
112,molécules
113,exercices financiers
114,long
115,mode de révélation
116,réadaptation
117,évolutif des lésions
118,1'icc
119,endocavitaire
120,recul moyen
121,enoximone oral
122,huit hospitalisations
123,déclampage
124,asymptomatiques
125,traitements infructueux
126,cas d' insuffisance
127,hémodynamique droite
128,d' amélioration
129,échocard
130,transfert génétique
131,diabétiques
132,systèmes d' assistance
133,c2
134,surcharge de volume
135,décès annuels
136,surpoids
137,diastolique
138,dénutrition
139,émergence des soins palliatifs
140,rénale chronique
141,évolution au long
142,rapport
143,état de santé
144,rapportons
145,choc cardiogénique
146,sujet diabétique
147,allongé
148,mise au point
149,parrainage
150,échelle mondiale
151,sous amiodarone
152,étude rétrospective
153,cardiopathie
154,arthrite chronique
155,témoins
156,normaux
157,carences
158,cadence
159,myélinolyse
160,artériel
161,manier
162,dose
163,approche du traitement
164,logistique
165,essais de prévention
166,aortique
167,dépistage des lacunes
168,alcoolisme
169,tumeurs
170,augmenter la survie
171,exposition
172,mesures de poids
173,hypertensions
174,grand obstacle
175,sélénium
176,hypotension
177,auto-soins
178,pharmacologique
179,ventricules normaux
180,signes classiques
181,recommandations
182,augmentation d' hospitalisation
183,apposition
184,iec
185,cave
186,soins de fin de vie
187,doubler
188,normes de soins
189,décision
190,abdomen
191,hypoxémie
192,incessantes
193,réelle de différenciation
194,engendrer
195,sepsis
196,réfractaires
197,grevée
198,vingtième
199,sèche
200,cas de non-compaction
201,hypertrophique
202,effets adverses
203,interférence
204,littératur
205,hémiplégie
206,récepteur de clairance
207,accrue d' obèses
208,baisse du tonus
209,repos
210,techniques d' assistance
211,travail
212,réinductibles
213,expansion volémique
214,évaluation
215,antibiothérapie
216,cas d' insuffisance cardiaque
217,thrombo-emboliques
218,problèmes de santé
219,stade iv
220,phase de la maladie cardiaque
221,antécédent d' infarctus
222,évolution de la prévalence
223,vieillissement général
224,externes
225,surmortalité périopératoire
226,tempères du monde
227,adaptations du système cardiovasculaire
228,remodelling effect
229,intégrante du traitement
230,contre-indique
231,hémoglobine
232,mises à jour
233,réclamations
234,natriurétique
235,disparités régionales
236,furosémide
237,utérine
238,béribéri
239,cas
240,étude descriptive
241,délai moyen
242,cas d' atteinte cardiaque
243,post-ischémique
244,cas de contre-indication
245,défibrillateurs
246,poursuivra
247,volémie
248,dépressions
249,évolutionniste
250,evolution
251,souffert
252,aggravation du statut
253,fortuite d' autopsie
254,population générale
255,toxocarose
256,bévacizumab
257,perte d' autonomie
258,montré
259,diminution des prescriptions abusives
260,inotropisme
261,fonction rénale
262,récepteurs
263,co-morbidités
264,peripartum
265,apparition des symptômes
266,peptide natriurétique
267,biodisponibilité
268,publique
269,série
270,fonction systolique
271,troponine
272,stimulation biventriculaire
273,attaque d' apoplexie
274,stress
275,fonction du temps
276,contre-indications des thiazolidinediones
277,stratégie
278,alternative
279,actif
280,péricardite chronique
281,ligature
282,pilier
283,étude des lymphocytes
284,amiodarone
285,conférence de consensus
286,paroi
287,cm2
288,diurétiques parentéraux
289,phase aiguë
290,engendrées
291,nouveau-né
292,eau
293,antécédents d' insuffisance
294,etats-unis
295,systolique d' éjection
296,porteurs de fistules
297,efficacité du traitement
298,relaxation active
299,perte de poids
300,thromboses ventriculaires
301,psychique
302,endocarties
303,ventricule droit
304,valves
305,osmolarité
306,ajusté
307,soins des insuffisants
308,élévation de la masse grasse
309,covariables
310,ivabradine
311,cyanose
312,hyperthyroïdie
313,étude a porté
314,perfusion transrénale
315,élévation
316,identifiée
317,entraînement
318,défaillance
319,rétention
320,oncopédiatre
321,ans
322,hémodynamiques
323,bord
324,noire
325,services hospitaliers
326,corporelle
327,septum
328,cas de normalité
329,grossesse gémellaire
330,auriculo-ventriculaire
331,bénignes
332,base de données
333,épidémie du 21e siècle
334,héparine
335,hypo-albuminémie
336,vieillissement de la population
337,fraction d' éjection
338,absorption du médicament
339,ventri - culaire
340,galop protodiastolique
341,supplémentation
342,endomyocardiques
343,myxomes
344,hypertrophie
345,doses
346,parité
347,jugé
348,protéine
349,questionnaire de qualité
350,physiopathologie
351,appui
352,177000fcfa
353,meadows
354,propositions de stratification
355,pénurie
356,alcooliques
357,para-annulaires
358,angiomes
359,prédictifs de mortalité
360,absence d' anomalies
361,organisation des soins
362,statistique
363,à la pratique
364,épidémie d' obésité
365,abord
366,agents inotropes
367,internationale des maladies
368,échocardiographies
369,tolérance des tissus sains
370,critères d' inclusion
371,par la ntg
372,sang
373,micro-angiopathie
374,gestité
375,enquête transversale
376,poursuit
377,accident vasculaire
378,myocardites
379,sociétés
380,réanimateur
381,groupe de travail
382,décès tardifs
383,adénovirus
384,efficacité des digitaliques
385,vingt patientes
386,milieu cardiologique
387,aps
388,atteints d' insuffisance
389,à l' effort
390,hypoxies
391,carcinoïdes
392,induction
393,haute performance
394,non-prescription
395,plateau
396,physiopathologie du syndrome cardiorénal
397,augmentation du risque
398,icd
399,calcul
400,pré-probnp
401,ménopause
402,défaillances multiviscérales
403,traitement
404,myopathie
405,norépinéphrine
406,unité thérapeutique
407,chu de rennes
408,antéroseptales
409,stimulateur
410,main
411,débit
412,système de conduction
413,combler
414,insuffisance tricuspidienne
415,affection inexorablement
416,électrocardiogramme
417,ml
418,plan de soins
419,cardiaques
420,investissement
421,fonction vd
422,veineuse
423,endocarde des valves
424,rhumatisme
425,inotropes
426,évolutives
427,récidivé
428,cas de doute
429,bras guidé
430,prédominance dépressive
431,revascularisation myocardique
432,énergie
433,cas de cardiomyopathie
434,légères
435,desmosomes
436,efficacité
437,système cardiovasculaire
438,cérébrales
439,atteints d' insuffisance cardiaque
440,vieillissement des populations
441,bradycardie
442,évolution de la mcd
443,1er janvier
444,prise en charge
445,conduction
446,nécrose myocardique
447,dosage du bnp
448,cardiaque
449,étude epical
450,dilatée hypokinétique
451,résistine
452,normal
453,bioprothèse
454,risque de mortalité
455,rémission
456,phase du traitement
457,éosinophiles
458,tropheryma whipplei
459,htap
460,diurne
461,formes
462,réhospitalisations
463,tendances de la mortalité
464,soutien des aidants
465,congolais
466,responsables
467,d' apparition
468,anémie de l' insuffisant rénal
469,agent antiprolifératif
470,coeur gauche
471,expansion de l' éducation
472,paroi du ventricule gauche
473,pédicules
474,syncopal
475,centre de cardiologie
476,montrant
477,en avant
478,aortiques
479,hémocultures
480,extra-corporelle
481,entourées de fibrose
482,facteurs de risque
483,hyponatrémie
484,inhibé
485,hémoculture
486,séquestration
487,ré-admission
488,en dehors des digitaliques
489,congestion veineuse
490,ôu
491,assistance
492,fonction systolique diminuée
493,circulatoire
494,éducation
495,natriurétiques auriculaires
496,géogra
497,opératoire
498,génique myocardique
499,urgences
500,juvénile
501,socio-économique
502,pharmacoactive
503,péri-opératoires de ľinsuffisance
504,aériennes supérieures
505,adultes
506,mise sur pied
507,marqueur
508,intriquées
509,embolisations
510,ventricules
511,systolique ventriculaire gauche
512,fermeture du canal artériel
513,aspergilloses
514,stratégies de réduction
515,absence d' histoire
516,d' évaluation
517,conditions de vie
518,autorité
519,choc d' origine vagal
520,anesthésique
521,comité
522,contrepulsion
523,embolique
524,étude multicentrique nationale
525,régime
526,l' urgence
527,chocs électriques
528,attaque
529,protéomique
530,survenue de micro-éveils
531,indice de masse
532,paires de données
533,sténoses
534,travers
535,élévation du tonus
536,rétroaction
537,insuffisant
538,association
539,approche structurée
540,génétique
541,bilatérales
542,programme d' assistance
543,facteur de bon
544,objectif
545,flux
546,réticulohistiocytose
547,myocytes ventriculaires
548,endormir
549,interprétation des dosages
550,multivariée
551,thrombose ventriculaire gauche
552,latéral
553,aldostérone
554,altération directe du myocarde
555,dilatées
556,enfance
557,fonction du myocarde
558,mécanismes de l' icd
559,défibrillation-resynchronisation ventriculaire
560,pré-mortem
561,fibroblastes
562,anamnestiques
563,lésions valvulaires
564,peptides natriurétiques
565,marqueur de gravité
566,trompeurs
567,souffrant
568,entérocolite
569,antécédent cardiaque
570,insuffisance cardique
571,en urgence
572,postopératoire de morbidité
573,cardiologue
574,torsades
575,revascularisation
576,rentables
577,sclérose en plaques
578,embolie
579,lien de causalité
580,endothéline
581,myocardlque
582,prix
583,faveur d' une ischémie
584,valvulaires
585,pédiatrie
586,néprilysine
587,diminution du taux de filtration
588,fatigue
589,fibrillation auriculaire
590,approches thérapeutiques
591,dynamique
592,survenue d' un décès
593,cellules souches
594,mécanismes physiopathologiques
595,montréal
596,saines
597,thrombophilie
598,urgence
599,ventricule
600,accord de l' institution
601,inefficacité
602,prématurités
603,stade évolué
604,relaxation
605,évolution épidémiologique
606,apprentissage
607,codes
608,hypokinésie
609,myocardiques
610,resynchronisation cardiaque
611,débit pulmonaire
612,ultérieure
613,effet indésirable
614,biomarqueur
615,sodium
616,cirrhose décompensée
617,rénale
618,intriquer
619,assurance de la qualité
620,risque de mort
621,pression oncotique
622,isomérisme gauche
623,somnologues
624,poussée
625,documenté
626,transthoracique
627,service des urgences
628,septum ventriculaire
629,historique
630,phase peropératoire
631,sollicitation active
632,hypertensives
633,méthodologie
634,mâles
635,pléthysmographie
636,évolution de l' épidémiologie
637,co-morbidité
638,système de santé
639,éducation thérapeutique
640,hypertension
641,anthracyclines
642,adénopathies
643,pente du poids
644,ère de l' échocardiographie
645,fonction respiratoire
646,agressifs
647,biventriculaires
648,dilatée péripartum
649,mönckeberg
650,base du traitement
651,dilatée idiopathique
652,antécédents hémorragiques
653,mort
654,multisite biventriculaire
655,foie
656,immunodéficience
657,non-peptidiques
658,articulaire
659,ascite
660,masse
661,antécédent
662,morts
663,amylose
664,ventricule gauche
665,négatives
666,rhumatologique
667,protection rénale
668,traitement antihypertenseur
669,oxygénothérapie
670,paroi libre
671,obstacles au développement
672,battement
673,coeur
674,déformation
675,pulmonaire
676,décennie 2000–2009
677,angioplastie
678,trichrome
679,prévision d' une consultation
680,profité
681,contractiles
682,revue des données
683,arrêt du traitement antiplaquettaire
684,surcharge iodée
685,porteurs
686,revue de la littérature
687,antiviraux
688,surveillance rapprochée
689,angiographie
690,cas d' angio-œdème
691,auto-immun
692,nt-probnp
693,hypercapnie
694,new york
695,calculer
696,valvulopathies
697,en thiamine
698,d' augmentation
699,double aveugle
700,mois d' évolution
701,gences
702,biventriculaire
703,programme de réadaptation
704,en cabinet
705,arrêt définitif
706,veine cave
707,apnées-hypopnées
708,fonction systolique d' éjection
709,échocardiogramme
710,idiopathiques du nourrisson
711,mode de survenue
712,concept de vasodilatation
713,étape
714,réanimateurs
715,exercice
716,systolique myocardique
717,embolie périphérique
718,écart-type du poids
719,œdème
720,laryngée
721,résolution
722,conclusion
723,hyponatrémies aiguës
724,intervention
725,rhumatismales
726,l' adénosine
727,gymnastique
728,méthodes de dosage
729,détectés
730,mode d' accouchement
731,aiguë au décours
732,anévrysme
733,critique
734,inhiber
735,race
736,fumeurs
737,prévalence
738,doses de médicaments
739,sous traitement
740,fonction cardiaque
741,méthodes de diagnostic
742,groupe de rythmologie
743,ce
744,marqueur d' insuffisance
745,contractilité
746,matériel génétique
747,système nerveux central
748,hémorragies
749,agents antiplaquettaires
750,échographiques
751,d' étude
752,sérum salé
753,surcharge de pression
754,oreillette
755,immunohistochimiques
756,droit
757,hyperkinésie
758,systole auriculaire
759,évaluée
760,forts
761,antimétabolites
762,état oncotique
763,p^0.05
764,nitroglycérine
765,désensibilisation des récepteurs
766,atteintes de cancer
767,[ ischémique
768,grossesses
769,accident
770,génique cardiaque
771,sécuritaire
772,coronaire gauche
773,hypervascularisées
774,système de soins
775,fonction ventriculaire
776,cardiaque droite
777,aire aortique
778,classe 1
779,poursuivi
780,contre l' insuffisance cardiaque
781,sang périphérique
782,casseurs de ponts
783,biopsie
784,endopelvienne
785,peropératoire
786,génétiques
787,événement
788,décompensation
789,affiliation
790,inadvertance
791,appel téléphonique
792,anévrisme versus sténose
793,harmonieux
794,déplacements
795,asynchronisme auriculo-ventriculaire
796,artère rénale
797,évolution des symptômes
798,cas révélés
799,biais moyen
800,sclérose
801,obstructive chronique
802,urgences des patients
803,unité
804,anatomie
805,artérielle
806,batts
807,biomarqueurs
808,angiotensine ii
809,détriment de la sécurité
810,déviation du choc de pointe
811,infusions de diurétiques
812,contrecarrer
813,fonction de sa localisation
814,carence maternelle
815,dépression
816,stratification du risque
817,cadre d' une prise
818,non-spécialistes
819,codes 428
820,antécédents d' insuffisance cardiaque
821,déformation myocardique
822,cas de péricardites
823,stratégies thérapeutiques
824,myocarde
825,hypothèses évaluées
826,antithyroïdiens
827,crainte des effets secondaires
828,résonance
829,coûteuse
830,famille des peptides natriurétiques
831,hémangiome
832,étude de l' accélération
833,sur la population française
834,en france
835,pronostique péjoratif
836,cas d' accidents
837,intensité
838,reçoivent du candesartan
839,santé cardiovasculaire
840,valves tricuspide
841,état de récupération
842,agissait de deux hommes
843,altération du cytosquelette
844,absence d' amélioration
845,transductal
846,désaturation
847,habitudes alimentaires
848,décompensée
849,mécanismes de signalisation
850,charge rééducative
851,trompeur
852,innocuité
853,grand intérêt
854,mère
855,activer
856,règles de gestion
857,frais de séjour
858,irm
859,igg
860,thrombose
861,transduction
862,de séjour
863,moléculaire
864,mises en place
865,hémorragie aiguë
866,centre régional
867,infestation
868,bpco
869,statut
870,dégradation de la qualité
871,chronique obstructive
872,cirrhose
873,à l' échelle
874,canal artériel
875,tricuspide
876,artérielle réfractaire
877,autosomiques
878,insuffisance rénale
879,chronique d' age moyen
880,services du collège
881,systolique septal
882,hypertension artérielle
883,post-charge ventriculaire gauche
884,l' étude
885,ethniques
886,dysplasie
887,suites simples
888,sommeil
889,réseau routier
890,testt
891,augmentation des pressions
892,cardiologique
893,sub-saharienne
894,étude épidémiologique
895,rhabdomyomes
896,sénile
897,hyponatrémies
898,ac - couchement
899,soins
900,index de masse
901,insuffisants
902,amyloses
903,embolie pulmonaire
904,qt
905,défibrillateur
906,sous-jacents
907,antivitamines
908,agent immunosuppresseur
909,aiguë diastolique
910,réadmission
911,noradrénaline
912,soins de la somme
913,absence d' insuffisance
914,ablation
915,réanimations
916,maison de retraite
917,surmortalité cardiaque
918,stéroïdes
919,décrit
920,courbe
921,affections
922,européenne de cardiologie
923,hypothyroïdie
924,passive
925,par la testostérone
926,infarctus myocardique
927,entourage
928,position
929,étiologiques
930,angiotensine 2
931,rénales
932,aiguë
933,équimolaire
934,insuffisance
935,débit cardiaque
936,surrénales du fœtus
937,à la chloroquine
938,stimulation cardiaque
939,méthodes
940,veines
941,choc cardiogène
942,biopsies
943,intégrer
944,prédicteur de mortalité
945,hypo-osmolarité
946,héparine de bas
947,à la classe
948,myocarde infarci
949,actifs
950,éosinophilie
951,prématuré
952,pré-implantation
953,insuffisance aortique
954,résumé
955,centre de réadaptation
956,inhomogène
957,remodelage myofibrillaire
958,metformine
959,souches
960,antiarythmique
961,péricardites
962,stratégies de prévention
963,sous itraconazole
964,mécanismes
965,apoptose des cardiomyocytes
966,transposition
967,trachomatis
968,mesures transverse
969,frais
970,urgences médicales
971,distendre
972,fibrillation atriale
973,artérielles
974,paroxystique
975,avancées thérapeutiques
976,déplacement de sondes
977,rétrospective
978,décès
979,fonction ventriculaire droite
980,atteints de fistule
981,myocytaire
982,ischémique
983,décompensées
984,thrombolytiques
985,intérêt
986,tacrolimus
987,échocardiographique
988,aiguë d' origine
989,foetal
990,épreuves
991,sacrococcygien
992,hypotension orthostatique
993,thrombopénie
994,révélateur de maladie
995,isoprotérénol
996,cause de mortalité
997,placebo
998,rénine-angiotensine-aldostérone
999,peptides
1000,bisoprolol
1001,fractionnelle
1002,transculturelle
1003,en australie
1004,d' assistance
1005,circulation
1006,atrioventriculaire
1007,défibrillateur biventriculaire
1008,souffrances
1009,société
1010,poussées
1011,fœtale
1012,mécanisme physiopathologique
1013,chronique / récidivante
1014,antécédents thromboemboliques
1015,traitement étiologique
1016,scores globaux
1017,post-infarctus du myocarde
1018,héparines
1019,planification
1020,enquête alimentaire
1021,système rénine-angiotensine
1022,œdème pulmonaire
1023,galectine-3
1024,choc électrique externe
1025,poumon
1026,pression artérielle
1027,hypertensif
1028,cas de dysplasie
1029,5fu
1030,agressions
1031,exercices
1032,myocardiopathie
1033,périopératoire des antiplaquettaires
1034,diurétiques
1035,fraction d' éjection ventriculaire gauche
1036,augmentation du débit
1037,mouvement
1038,anticorps anticytoplasme
1039,discutés
1040,échographie
1041,ruptures de traitement
1042,réabsorption tubulaire
1043,sodé
1044,d' identification
1045,décubitus
1046,métastases cardiaques
1047,cesse de croître
1048,décennies
1049,dosage d' hormones thyroïdiennes libres
1050,proportions d' hommes
1051,apnée-hypopnée
1052,tour
1053,révélateurs
1054,biopsies duodénales
1055,déplétion de pile
1056,cancérologie
1057,rénine–angiotensine–aldostérone
1058,cérébrale
1059,cas de dt2
1060,pression
1061,turbine
1062,doppler
1063,sous la forme
1064,inactif
1065,partum
1066,œsophagien
1067,audit
1068,méthode
1069,groupe anatomique
1070,structure
1071,hypertrophie ventriculaire
1072,nébuleuse
1073,protéines du cycle de calcium
1074,amyloïdose
1075,stimulateur biventriculaire
1076,en revue
1077,réversibles
1078,jugés
1079,facteur peropératoire
1080,nodulaire
1081,mise en œuvre
1082,antérieur
1083,veineux
1084,soins standard
1085,infarctus du myocarde
1086,en milieu hospitalier
1087,ccc
1088,diminution
1089,métabolites toxiques
1090,facteur socio-économique
1091,pharmacologiques
1092,sombre
1093,aggravation
1094,chimiothérapie
1095,foetaux
1096,abcès cardiaques
1097,diminution des fonctions diastolique
1098,bonnes guérison
1099,phique
1100,greffe
1101,obésité
1102,la population
1103,gravité
1104,buts
1105,oreillettes
1106,protéines contractiles
1107,utilisation des médicaments
1108,rétrospective transversale
1109,huit
1110,systolique du myocarde
1111,ur
1112,thrombolyse
1113,lourds
1114,endothéliales
1115,abcès para-annulaires
1116,affectif
1117,cas de symptômes
1118,ventriculaires asymptomatiques
1119,embole
1120,plan hémodynamique
1121,récupéré une fonction ventriculaire gauche
1122,agressif
1123,transoesophagienne
1124,traitements pharmacologiques
1125,cas de fibrillation auriculaire
1126,psychologue
1127,recul
1128,responsable
1129,estimée
1130,antithrombotique
1131,moelle
1132,castration
1133,soins palliatifs
1134,sub - saharienne
1135,temps
1136,bradykinine
1137,génétique de l' insuffisance cardiaque
1138,décennies antérieures
1139,congestive
1140,remodelage ventriculaire gauche
1141,extrêmes 6
1142,auriculo-ventriculaires
1143,autodétermination
1144,non-invasive
1145,anneau tricuspide
1146,lètalité
1147,bras
1148,amsacrine
1149,changements
1150,traitements antiangineux
1151,fœtus
1152,thrombi
1153,immunodosage
1154,aide
1155,série de pathologies
1156,effets bénéfiques
1157,anse de henle
1158,type 5
1159,analyse des données
1160,matrice
1161,face
1162,cas de dysfonction
1163,analyse binaire
1164,retenue
1165,anticorps
1166,caractéristiques du patient
1167,développement de la cardiomyopathie
1168,prédilection de cette maladie
1169,services de cardiologie
1170,artériopathie
1171,vées
1172,hypertoniques
1173,programmes de renforcement
1174,formation
1175,cérébraux
1176,recul moyen du groupe
1177,cas de patients
1178,relaxer
1179,réseaux artériels
1180,clivage
1181,congénital
1182,sous-ensemble de données
1183,indéterminée
1184,alpha
1185,crâne
1186,ampoule
1187,pro-inflammatoires
1188,aigu
1189,valvulopathie
1190,péricardique
1191,mise en place
1192,présumée
1193,abcès
1194,squelettiques
1195,rapporté
1196,greffé
1197,approche thérapeutique
1198,indemnes de maladie cardiaque
1199,fibrillation ventriculaire
1200,libéraux
1201,précarité
1202,thrombose droite
1203,auteurs
1204,bioélectrique
1205,volontaires normaux
1206,emblée
1207,nodule
1208,agents antitumoraux
1209,cas de retentissement
1210,congé
1211,diamètre de la coronaire
1212,pression capillaire
1213,artères rénales
1214,toux
1215,antipaludéens
1216,échocardiographiques
1217,agents alkylants
1218,manques de personnel
1219,sur la mortalité
1220,artères
1221,fonctionelle
1222,cohorte
1223,dépressif
1224,pu
1225,paraclinique
1226,étiologique
1227,dilatation
1228,vecteurs
1229,rang
1230,classe ii
1231,clairance
1232,suppléance de la vascularisation
1233,expansion
1234,valvulaire majeure
1235,double dans trois cas
1236,œdème fœtal
1237,contractile
1238,accru de l' icd
1239,protéolyse
1240,amélioration du diagnostic
1241,questionnaire de goldman
1242,endopeptidase
1243,modalités de fonctionnement
1244,délai d' apparition
1245,péripartum
1246,tolérance
1247,emploi
1248,associer
1249,vieillissement musculaire
1250,classe iv
1251,systolique du ventricule gauche
1252,énalapril
1253,valeur du bnp
1254,d' eau
1255,résistance
1256,adhérant
1257,évolutive
1258,apnée-hypopnée moyen
1259,amyloïde
1260,sous la courbe
1261,assurance-maladie
1262,roulant
1263,insuffisance du diagnostic du sahos
1264,immunosuppression
1265,service de médecine
1266,stade ii
1267,retenu
1268,inexpliquées
1269,gy
1270,asa-1
1271,dresser
1272,regain d' intérêt
1273,prothèse valvulaire
1274,adulte
1275,séquestrationextralobaire
1276,exérèse
1277,hypo-oncocitémie
1278,hypoxie au repos
1279,mn
1280,pas de ntg
1281,pouls
1282,action
1283,sous antibiotique
1284,asymptomatique
1285,aa
1286,augmentation
1287,obstructif
1288,période
1289,séjour
1290,régresser
1291,breast
1292,antagoniste bosentan
1293,guider
1294,limite de positivité
1295,pratiques de fabrication
1296,droites
1297,ordinale d' insuffisance
1298,insuffisants cardiaques
1299,heures
1300,courbes
1301,rétention chronique
1302,circulations
1303,surinfection
1304,extracardiaque
1305,voie orale
1306,traitement diurétique
1307,ischémie myocardique
1308,gains
1309,augmentation des enzymes musculaires
1310,la guérison
1311,étiopathogénie
1312,cadre d' un entretien
1313,postopératoire
1314,nécrose antérieure
1315,postpartum
1316,épiphénomène de l' insuffisance
1317,la suite
1318,inadaptation du débit
1319,éducation du patient
1320,étiologie
1321,à l' enquête
1322,propos
1323,abouchait
1324,non-compaction
1325,anse
1326,sous
1327,aorto-cave
1328,facteurs aggravants
1329,relais des informations
1330,post-charge ventriculaire
1331,financiers
1332,probnp
1333,planification du congé
1334,huit jours
1335,approche prophylactique
1336,ischémiques
1337,rôle
1338,myalgies
1339,période d' octobre
1340,groupe des insuffisants
1341,héparine standard
1342,avantageux
1343,rénine-angiotensine
1344,rétrécissement aortique
1345,parois myocardiques
1346,mécanismes uniques
1347,fibromes
1348,pas
1349,traitements spécifiques
1350,transcriptase-polymerase
1351,administratives
1352,plan du pronostic
1353,pioglitazone
1354,circonstances d' utilisation
1355,phase ii
1356,base du score
1357,muscle
1358,pistes
1359,études épidémiologiques
1360,coût financier
1361,diurèse
1362,foie cardiaque
1363,protéine bcl-2
1364,facteur peptidique
1365,myocardite
1366,diminution du risque
1367,comparaison des 2 groupes
1368,pneumologique
1369,vieillissement cardiaque
1370,autonomie
1371,système conductif
1372,privés
1373,car
1374,charge
1375,immunofluorimétriques
1376,pneumoniae
1377,stimulus
1378,coordination des soins
1379,récepteur de l' angiotensine
1380,ventriculographique
1381,sensibilité
1382,unités de soins
1383,réhospitalisation
1384,lymphomes
1385,hémangiomes
1386,objectif d' établir
1387,effets immédiats
1388,emboliques
1389,peptide b
1390,contraction
1391,néphropathie diabètique
1392,à 1
1393,igs
1394,facteur de risque
1395,test
1396,compensées
1397,ère thérapeutique
1398,péricarde
1399,remplissage
1400,réentraînement
1401,global de transition épidémiologique
1402,fournissent
1403,régression
1404,critères de gravité
1405,absence d' hta
1406,traitement immunomodulatoire
1407,chimiothérapies
1408,atteinte du myocarde
1409,système novacor
1410,demi auparavant
1411,endomyocardique
1412,cr
1413,responsabilité
1414,financier
1415,auto-immune
1416,fraction d' ejection
1417,vieillard
1418,endoluminale
1419,vus
1420,hypokinétique
1421,absorption
1422,paclitaxel
1423,groupe d' intervention
1424,éducation des patients
1425,décès d' origine cardiovasculaire
1426,qualité de vie
1427,hypothèse d' un rôle
1428,leucémies
1429,récidive
1430,hyposodé
1431,peptide
1432,expression
1433,endocardite
1434,subite
1435,échographie cardiaque
1436,soins de confort
1437,urgence des patients
1438,options de traitement
1439,desépisodes de détresse
1440,inexpliquée
1441,échocardiographie-doppler
1442,ordonnance
1443,évolution de la maladie
1444,grossesse
1445,couplage
1446,éjection du ventricule gauche
1447,dépenses
1448,cd8
1449,cadre de l' insuffisance
1450,distension pariétale
1451,malformation
1452,vle
1453,systèmes d' information - médecine
1454,fonction systolique conservée
1455,post-hoc
1456,bénigne
1457,humeur
1458,semi-précoces
1459,comas
1460,type 2
1461,remodelage
1462,fraction de raccourcissement
1463,programme i-care
1464,oncocitémie
1465,coûteux
1466,organe
1467,épuisement
1468,ancrée
1469,pronosgtic
1470,battements
1471,troponine i
1472,services de pédiatrie
1473,endurance
1474,évaluation des données probantes
1475,rénal
1476,hospitalisation index
1477,à 55
1478,déterminants socio-démographiques
1479,barrage ventriculaire
1480,obèse
1481,orthotopique
1482,igm
1483,fœtales
1484,remède authentique
1485,endocardites
1486,d' autonomie
1487,hémopathies
1488,mesurées
1489,interatrial
1490,récupération
1491,forme
1492,après-midi
1493,changement
1494,la vie
1495,précharge ventriculaire
1496,systèmes de santé
1497,transition
1498,élément déterminant
1499,récupéré
1500,classe iii
1501,stratégie thérapeutique
1502,anti-chronologique
1503,lésion
1504,éjection
1505,événements indésirables
1506,fonction du coeur
1507,somnolence
1508,béribéri cardiaque
1509,pharmacologie
1510,embolisation
1511,épidémiologiques
1512,économique
1513,transferase déoxyribonucléotide
1514,natriuretic peptide
1515,iga
1516,sous-jacente
1517,contre-pression
1518,cérébral
1519,indice apnée-hypopnée
1520,l' assurance de la qualité
1521,moelle osseuse
1522,codage
1523,echocardiographie
1524,cadre du dépistage
1525,diabétique
1526,étude non contrôlée
1527,souffrant d' insuffisance cardiaque
1528,prématurité foetale
1529,thromboemboliques
1530,myriade
1531,vieillissement
1532,énoximone
1533,vole
1534,physiologiques
1535,échocardiographie
1536,d' approche
1537,ordonnances
1538,rats
1539,survie des patients
1540,atteintes de cardiomyopathie
1541,programme
1542,contrepulsation externe
1543,nésiritide
1544,sous-groupe
1545,à un amaigrissement
1546,échappement
1547,indice de comorbidité
1548,remplissage ventriculaire
1549,endoprothèses
1550,problèmes immunologiques
1551,soins de santé
1552,stables
1553,branche gauche
1554,méconnues
1555,sous-groupes
1556,réglons
1557,myxome
1558,systolique
1559,marché
1560,résistances
1561,traitée par chloroquine
1562,prolongée
1563,g·l–1
1564,apex du ventricule
1565,traiter
1566,tranche d' âge
1567,intubation
1568,thromboses
1569,validité
1570,comité d' experts
1571,angor
1572,cas d' angine
1573,agents tubulo-affins
1574,démence
1575,fin de vie
1576,cas d' hta
1577,hypersensibilité
1578,admissions
1579,facteur rhumatoïde
1580,parent
1581,tachycardie
1582,systèmes de soins
1583,malformation du coeur
1584,augmentation de la concentration
1585,lignes directrices
1586,décompensés
1587,ventriculaires
1588,hypothèse d' une infection
1589,vecteurs non viraux
1590,lisinopril
1591,globalité du vieillissement
1592,découpée
1593,hypertensive
1594,hypocalcémie
1595,d' éducation
1596,roc
1597,index systolique
1598,amlodipine
1599,augmentation de créatininémie
1600,bosentan
1601,technique de référence
1602,grasse
1603,natriurèse
1604,mois de suivi
1605,période de suivi
1606,clampage
1607,heart
1608,codes de données
1609,cardiopathies
1610,surveillance cardiaque
1611,soins de médecins
1612,règle
1613,nord du nigeria
1614,juger
1615,traitement de l' insuffisance
1616,anticoagulation orale
1617,antihypertenseurs
1618,altération
1619,sérologie vih
1620,pharmacovigilance
1621,inciter
1622,midodrine
1623,tolérance d' injections
1624,contrebalance
1625,ira
1626,établissement
1627,marqueurs de sévérité
1628,conclusions
1629,soulagement de la douleur
1630,preuve
1631,prothrombine
1632,groupe de cardiopathie
1633,prometteurs
1634,en europe
1635,période de dix
1636,marche
1637,critère de comparaison
1638,gènes myocardiques
1639,postcharge du ventricule gauche
1640,symptômes classiques
1641,toxicité
1642,mécanisme
1643,apex
1644,phase i
1645,à l' urémie
1646,augmentation de l' excrétion
1647,phosphodiestérases
1648,étude etics
1649,d' avenir
1650,épisode
1651,grave
1652,péri
1653,dt2
1654,changement de l' organisation
1655,périopératoire
1656,cas de dysfonction systolique
1657,infarctus
1658,évolution
1659,greffons
1660,compression
1661,préservée
1662,anesthésie générale
1663,action principale
1664,plan de traitement
1665,récidivantes
1666,angine
1667,amélioration des symptômes
1668,occlusion
1669,double évaluation
1670,coût
1671,vérapamil
1672,régression des risques
1673,post-partum
1674,pontage
1675,endocarditiques
1676,congés des patients
1677,agit
1678,centre hospitalier
1679,endothéliale
1680,jumeau à jumeau
1681,admission
1682,dilatée
1683,immunoglobuline
1684,avantages
1685,double
1686,agressivité
1687,renouveler
1688,stimulation
1689,trioxyde d' arsenic
1690,effets indésirables
1691,conseils diététiques
1692,évolution démographique
1693,pourvoyeuses
1694,mois
1695,indésirables
1696,type b
1697,organisation
1698,fonction ventriculaire gauche
1699,extrêmes
1700,vitro
1701,plan de la validité
1702,échocardiographie transthoracique
1703,redoutables
1704,glitazones
1705,fractions d' éjection
1706,incapacité
1707,lombotomie
1708,entité
1709,débit global de filtration
1710,remodelage ventriculaire
1711,supérieur gauche
1712,survenus
1713,pronostique en cardiologie
1714,montrait
1715,épanchement
1716,syncope
1717,auriculoventriculaire
1718,reins
1719,groupe l' âge
1720,d' âge
1721,obstruction
1722,anti-vitamines
1723,relation étroite
1724,nécropsiques
1725,rr
1726,espoir de rétablissement
1727,foetale
1728,administration
1729,directives
1730,prostacycline
1731,diabète
1732,baroréflexe
1733,aiguë du sujet
1734,récurrence
1735,ligature externe
1736,péricardite
1737,cas de cardiothyréose
1738,rythme
1739,réabsorption
1740,anémie sévère
1741,pédiatres
1742,fibrilation auriculaire
1743,demi .
1744,d' occlusion
1745,absence de prescription
1746,intoxication
1747,aspirine
1748,physiopathologique
1749,traitements insuffisants
1750,techniques de pcr
1751,facteurs
1752,mauvaise conformité
1753,sousjacente
1754,tout-trans-rétinoïque
1755,pronostique du bnp
1756,régression logistique
1757,unités de soins intensifs
1758,état des connaissances
1759,affection systémique
1760,référer
1761,surveillance anténatale
1762,noradrénaline plasmatique
1763,embolisation percutanée
1764,pg
1765,promeut
1766,oculaire
1767,ampoule de galien
1768,sentiment de compétence
1769,race noire
1770,charge du patient
1771,groupe
1772,rétention hydrosodée
1773,réversible
1774,canis
1775,circulatoire biventriculaire
1776,maniable
1777,essentiels
1778,prostaglandines
1779,partie 1
1780,essais de morbi-mortalité
1781,études de la période
1782,altérer
1783,sphinglopidose
1784,avitaminose
1785,affection
1786,hypertendus
1787,icb
1788,objectifs
1789,musculaire
1790,carcinoïde
1791,décennie
1792,arrêt
1793,dipyridamole-thallium
1794,fonction diastolique
1795,circulantes libres
1796,repos d' une catégorie
1797,thallium
1798,ventriculaire
1799,nord
1800,présomption
1801,épreuve
1802,péricardiques
1803,immunosuppresseurs
1804,ballonnet
1805,relations de causalité
1806,oedemes
1807,type-b
1808,récidives de thyrotoxicose
1809,élimine
1810,myocytes
1811,antécédents
1812,codes de cim
1813,indication du dosage
1814,évolution défavorable
1815,endocardique
1816,hypokinétiques
1817,cellules tubulaires
1818,recul de 5
1819,programmes de prévention
1820,stade d' insuffisance
1821,activité
1822,groupe des 36
1823,métabolisme
1824,développement
1825,perméabilité
1826,patience
1827,groupe témoin
1828,justification
1829,morphologique
1830,cardiomyopathie
1831,à la radiographie thoracique
1832,hommes
1833,accouchements
1834,témoin
1835,rétrograde
1836,reprise
1837,équipe éducative
1838,apnées du sommeil
1839,côte d' ivoire
1840,évolution de l' insuffisance
1841,myocardique
1842,arrêter
1843,valve
1844,assistances
