0,vergrijzing
1,men
2,behandelmethoden
3,raltitrexed
4,tricuspidalisklepplastiek
5,endemisch
6,meetpunt
7,cvd
8,beperkingen
9,diagnostisch
10,hartgeruis
11,stolsels
12,leverstuwing
13,probleem
14,vermeden
15,overmaat
16,mechanische middelen
17,kaart
18,contractiele activiteit
19,beluisterd
20,behandelwijzen
21,lisinopril
22,name chirurgische
23,borst-
24,nieuw hartfalen
25,auto
26,kleine onderzoeken
27,verslechteren
28,darmpakket
29,communicatie
30,antidiuretisch
31,aanpak
32,opties
33,conclusie
34,deelonderzoeken
35,onacceptabel
36,etnische achtergrond
37,verpleegkundige voorlichting
38,eplerenon
39,aldus
40,begrippen
41,infarcering
42,doel
43,gericht
44,overleving
45,ziekenhuisopnames
46,achilleshiel
47,niet-herkend
48,leidde
49,ingenomen
50,met hypotensie
51,registratiesysteem
52,thiazidediuretica
53,voorgeschreven medicatie
54,subgroepanalyses
55,transmurale
56,crp
57,gekenmerkt
58,gewichtsverlies
59,65-plussers
60,endomyocardfibrose
61,schatting
62,rct-tijdperk
63,vertoonde
64,serumcreatininespiegel
65,angiotensinogeen
66,laatste
67,b-type-natriuretische
68,crt
69,onverklaarde
70,praktijken
71,alcohol
72,chronisch hartfalen
73,veldtest
74,benauwdheid
75,geleider
76,schade
77,iets
78,inspelen
79,antiarrhythmica
80,verwijzingen
81,mesangium
82,drijf
83,aanwijzingen voor brady-
84,spanningsveld
85,tekortschietende
86,losartangebruikers
87,referentiepunt
88,acetylsalicylzuurgebruik
89,spironolactongroep
90,depressies
91,verwerkings-
92,harten
93,thoraxdiameter
94,collapspunt
95,zeurende
96,complicaties
97,met ischemisch hartfalen
98,cellulair
99,kwartielen
100,toegediend
101,ontsteking
102,adjuvante therapie
103,cva
104,gestabiliseerd
105,dalen
106,hartrevalidatieprogramma
107,nier
108,éénjaarsoverleving
109,zelfbedrog
110,ontstond
111,expliciete
112,morfine-analogen
113,venen
114,voorgeschiedenis
115,contra-indicatie
116,hoekstenen
117,productiegegevens
118,tegenwoordig
119,cardioverter-defibrillator
120,cardiomyocyten
121,gemeld voor controle
122,beslissing
123,goede
124,stijgen
125,stijgende
126,oplaaddosis
127,verlaagde lvef
128,gecombineerde behandeling
129,offspring
130,draait
131,werkzame geneesmiddelen
132,polymorfisme
133,geadviseerde medicatie
134,inr-streefwaarde
135,zorgvoorzieningen
136,zuurbranden
137,gestaakt
138,alogliptine-
139,r-2
140,studie
141,opsporen
142,spier-
143,hart-
144,algeheel
145,antibiotica
146,vaatverwijdende
147,deelnam
148,interventie
149,matig
150,tezamen
151,behandelingsoptie
152,voortzetting van behandeling
153,dm2
154,vasopeptidase-remmer
155,uitersten
156,follow-up
157,hoogtechnologische
158,fibrinolytica
159,gly389-variant
160,rechterventrikel
161,bedroeg
162,lagere
163,degenen
164,voorgeschreven pillen
165,preventief
166,gecombineerde-zorggroep
167,opsporing
168,van antracyclinegebruik
169,meta-analyse
170,laag kalium
171,clinic
172,studiegroepen
173,iv
174,", cabg"
175,echocardiografische technieken
176,rustsituatie
177,vooralsnog
178,schaal-chf
179,zinvol
180,overlevingsduur
181,verondersteld
182,uitgangswaarde
183,vochtsuppletie
184,onstabiele
185,therapeutische serumdigoxineconcentratie
186,behandeloptie
187,overleefkans
188,landelijk
189,invloed
190,peripartum
191,diclofenac
192,microal-buminurie
193,dieet
194,middelbare
195,laparoscopie
196,negatieve vochtbalans
197,licht
198,pols
199,aldosteronsecretie
200,orde
201,ii-iv
202,controle
203,hersteld
204,gezamenlijke zorg
205,depressie
206,rehospitalisatie
207,concentraties
208,de
209,fdh
210,invulden
211,sublinguale
212,heropnamen
213,handrug
214,merit-hf
215,spiercelverlies
216,monogenetische erfelijke
217,nitroglycerine
218,uithoudingsvermogen
219,tussen arts
220,omstandigheden
221,macroalbuminurie
222,roept
223,overtuigend
224,insufficiënt
225,voorkómen
226,gecollabeerde
227,open hartchirurgie
228,onderscheiden
229,noodzaak
230,van
231,leverfalen
232,aldosteronantagonisten
233,toekomstverkenningen
234,stimuleert
235,bloedonderzoek
236,lopen
237,genomen
238,sinoatriaal
239,gedialyseerd
240,betrof
241,torasemide
242,voor chronisch hartfalen
243,wandspanning
244,hb
245,preventieve
246,thalidomide
247,immunomodulerend
248,bucindolol
249,reizen
250,constrictoire werking
251,micromanometerkatheters
252,afzonderlijk
253,hartfalen
254,rechtop
255,geprotocolleerde
256,echt
257,inleiding
258,heelkunde
259,stimulus
260,dikke
261,omkeerbaarheid
262,ischaemia
263,cohn
264,( copd
265,gediagnosticeerd
266,aldosterone-antagonist
267,overgeplaatst
268,( nt-probnp
269,die
270,dichtgedrukt
271,langer
272,inotroop
273,aortadruk
274,gebrekkkige
275,analyses
276,onbeantwoorde
277,vroegtijdig
278,ontkracht
279,antihypertensiva
280,ook bètablokkers
281,afkapwaarde
282,obgvm
283,duurden
284,palmoplantaire
285,herziening
286,langere
287,dyspneu
288,bax
289,verlichting van dyspnoe
290,exclusiecriteria
291,streefdosering
292,arbeidsvermogen
293,inkomen
294,converting enzyme
295,beter
296,met hypertensie
297,vaatlijden
298,ejectiefractie
299,wie
300,geïsoleerd
301,geleid
302,spreiding
303,circulerend
304,kwaad
305,en hypertensie
306,controlemogelijkheden
307,licht hypertensief
308,denken
309,verschil
310,elite-onderzoek
311,spiegels
312,voorzichtig
313,werkingsprofiel
314,ruis
315,plasmaconcentraties
316,a. carotis
317,dihydropyridines
318,onderzoeksvragen
319,elektrofysiologische
320,bnp-waardes
321,elektrische asynchronie
322,met amiodaron
323,uitkomstmaten
324,ace-inhibitor
325,en
326,ontraad
327,of trastuzumabtherapie
328,diafragma
329,sporen
330,torsades
331,bradykinine
332,acute
333,m. sternocleidomastoideus
334,heropgenomen
335,onderzoekbank
336,behandelingsstrategieën
337,tijdschrift
338,respectievelijke
339,asthma
340,acute rupturering
341,dynamiek
342,verdraagbaarheid
343,coronarialijden
344,voor hyperkaliëmie
345,inhibition
346,opstellers
347,overige
348,niet-dihydropyridine
349,gesimuleerde
350,risicofactoren
351,systemen
352,diureticadoseringen
353,captopril
354,bedroegen
355,remmer
356,pretransplantatiekandidaten
357,respiratoire
358,statinehype
359,daalden
360,twijfel
361,bronchoconstrictie
362,elektrisch
363,ß-receptor
364,verhogen
365,geïntroduceerd
366,ijzersuppletie
367,rechtstreeks
368,middel
369,instelling
370,terughoudend
371,pulmonale
372,verschijning
373,nemen
374,vertroebelen
375,lactaatacidose
376,succes
377,met bètablokkers
378,b-typenatriuretisch
379,afdrukken
380,ace-inhibitoren
381,cardiale
382,zit
383,onvermoede
384,re-entry-mechanismen
385,streefdosis
386,artsen
387,onbekende
388,actieve
389,luchtweg-
390,c-statistic
391,van bètablokkers
392,niet-ischemische
393,levensverwachting
394,hartkamers
395,diarree-episoden
396,non-steroïde
397,grote
398,atriumgrootte
399,h2o
400,epidemiologie
401,zuurstofopnamevermogen
402,hem
403,uitend
404,dan
405,infusietherapie
406,afwijkende
407,steekproeven
408,ontvingen
409,derdegraads
410,coronaire hartziekte
411,/ copd
412,assays
413,ion-kanalen
414,serumcreatinineconcentratie
415,co2-retentie
416,lichaamslengte
417,uitgesteld
418,klinisch onderzoek
419,onmogelijk
420,geleidingsstoornis
421,real time
422,diabetes mellitus
423,qs-complexen
424,hand-voetsyndroom
425,therapeutische breedte
426,therapeutische aanpak
427,fda
428,angulus sterni
429,medicamenteus
430,afstandsmeting
431,voor geneesheren
432,gewichtsneutraal
433,aldosteronspiegel
434,cox-2-remmers
435,malen
436,controlegroepen
437,infarct
438,uren
439,stroomt
440,ingreep
441,hypokaliëmie
442,klepafwijkingen
443,getallen
444,kritiek
445,mice-score
446,met antracyclinederivaten
447,sexual adjustment
448,beslissingen
449,pompwerking
450,gezondheidszorgvoorzieningen
451,vertraging
452,x-thorax
453,factoranalyse
454,significant
455,vaatverwijders
456,gemetastaseerde
457,waarschijnlijkheidsdiagnose
458,lastig
459,cytostatica
460,stappenplan
461,thermocardiosystems
462,jammer
463,behandeldoelen
464,hogere
465,serumkalium
466,verdragen
467,ergometrietest
468,relatief
469,bnp-concentratie
470,arbeid
471,geë-valueerd
472,bloeddrukverlagende
473,klink
474,diureticagebruik
475,linkerventrikelejectiefractie
476,min
477,orthostatische hypotensie
478,geleverde arbeid
479,afkapwaarden
480,hun
481,5fu-expositie
482,diagnostische proces
483,gecombineerde systolische
484,toediening van geneesmiddelen
485,overlevingskans
486,sinusbradycardie
487,assent-4
488,overgaan
489,uitsluitingscriteria
490,gereduceerde wandspanning
491,acute hartdood
492,gedragsmatige
493,probleem van monitoring
494,trager
495,bevestigde
496,acute cholecystitis
497,verstoring
498,decompensatie
499,te
500,diabetische maculopathie
501,adenosine-di-fosfaat
502,effectiviteit
503,polsgolf
504,perken
505,expliciet
506,niet-acute kortademigheid
507,ontslag
508,winterslaap
509,na
510,therapieprotocol
511,het empa-reg
512,hemodynamische
513,hartfunctie
514,anti-inflammatoire
515,agonistische werking
516,behandelen
517,constrictieve
518,onderzoek met captopril
519,c-statistiek
520,voorgeschreven
521,intussen
522,van antracyclinen
523,inhoudsvaliditeit
524,onderling
525,gereanimeerd
526,tonen
527,gevorderd
528,decompensatio
529,gestuwde
530,spoedvisite
531,lever-
532,bestond
533,gissi-he
534,literatuur
535,sglt-2-remmers
536,bespraken
537,onafhankelijke
538,verslechterde
539,pathofysiologie
540,horizontale
541,luchtwegobstructie
542,rechts
543,interpretatie
544,dilaterende
545,en hypotensie
546,lis-
547,behandeld
548,palliatieve
549,zieken
550,copd-exacerbaties
551,hoge
552,voorwandafleidingen
553,exogene
554,vervolgfase
555,mfm1997
556,strijklicht
557,omzetting
558,anticoagulantia
559,casuïstische
560,stroomdiagram
561,interventiegroepen
562,nt-pro-bnp
563,ventrikelrespons
564,hals
565,spoed
566,ischemie
567,bloeddrukdaling
568,hinderlijke
569,verminderde kaliumuitscheiding
570,terugkoppeling
571,verwijzing
572,vullings-
573,agonisten
574,nefrologische
575,ijzergebrek
576,contra-indicatie voor behandeling
577,bewegingspatroon
578,inspannings-ecg
579,zuurstofsaturatie
580,protocollaire
581,wgbo
582,luchtwegen
583,voorlopige resultaten
584,asymptomatisch
585,icd-drager
586,serumkaliumconcentratie
587,verbrede
588,weefselperfusie
589,gevolgen
590,deficiëntie
591,volgranenontbijt
592,intercurrente
593,coronairziekte
594,informatienetwerk
595,acidose
596,hartrevalidatiearts
597,voorspellen
598,fret-ratio
599,uitdroging
600,fysisch-diagnostisch
601,dp
602,schattingen
603,afwijkingen
604,gebleken
605,doelstelling
606,harde
607,zwangerschap
608,wijkverpleegkundige
609,vragenlijsten
610,daling
611,staat
612,uitkomstmaat
613,gezondheidskosten
614,als
615,nieuwe medicatie
616,gemiste
617,craniaal
618,metoprololonderzoek
619,gerechtvaardigd
620,thiazolidinedionen
621,kijf
622,deelverantwoordelijkheden
623,irregulair
624,turgor
625,therapie
626,overprikkeling
627,eerder
628,afgenomen
629,noot
630,uitvoering
631,materiaal
632,levenskwaliteit
633,coronairvaten
634,om
635,hartfalenacuut
636,vertrouwen
637,gezondheidszorgsysteem
638,bij hypertensie
639,anders hyperkaliëmie
640,terugvallen
641,als hypertensie
642,stijgt
643,nsaid
644,remmers
645,map-daling
646,waterretinerende
647,radionuclidemetingen
648,systolisch
649,ontrafeling
650,marges
651,wensen
652,terugplaatsing
653,etiologie
654,overlijdt
655,kaukasische ras
656,crepitaties
657,ontbreken van veneuze pulsaties
658,elektronische databases
659,medisch
660,acute dyspneu
661,plaatjesaggregatie
662,verlagen
663,voorgedaan
664,technieken
665,tachycardie
666,metabole
667,", galopritme"
668,beoordelen
669,aritmie
670,ziekenhuisopname
671,kostbaarste
672,of bètablokkers
673,linkerventrikelfunctie
674,borsten
675,onbekend
676,ontsmetting
677,niet-steroïde
678,msec
679,zorginstellingen
680,diastolische disfunctie
681,meten
682,kostbaar
683,bundeltakblokpatroon
684,pacemaker
685,indruk
686,onveranderd
687,tegenvallend
688,3dd
689,gly389-genotype
690,verkorting
691,verantwoord
692,ischemische
693,natriumsuppletie
694,anp-
695,fev1
696,nifedipine
697,mag
698,uitsluiten
699,vermijden
700,hoogbejaarde
701,eenderde
702,sluiten
703,casustekst
704,einddoeltherapie
705,voor hypertensie
706,controlegroep
707,fibrinolytische
708,correctiemechanisme
709,afwijzing voor harttransplantatie
710,mmhg
711,bewegingsprogramma
712,geen
713,eindpunten
714,diastolisch
715,peptide
716,achteruit
717,post-hoc analyse
718,uitsluiting
719,vervolgen
720,systemische
721,leidt
722,in-vitro-opstelling
723,loop
724,nazorg
725,mitralisklepinsufficiëntie
726,navraag klaagde
727,of cabg
728,pretransplantatiepatiënten
729,resultaten
730,beroertes
731,in-
732,atherosclerotische
733,hoogteverschil
734,gerehydreerd
735,kruidenvrouwtje
736,ß-blokker
737,ontbraken
738,ziekenhuizen
739,biomarker
740,belaste
741,enzym
742,vad
743,comorbiditeit
744,cimetidine
745,soms
746,rechtszijdige
747,minder
748,herstel
749,ontsluiering
750,lactaatconcentratie
751,rct's
752,bmi
753,lager
754,verpleeghuis
755,roc-curve
756,optitreren
757,clopidogreltherapie
758,ontoereikende
759,systole
760,methode
761,rekking
762,overgewicht
763,dagdosis
764,boven
765,uitlokken
766,volumebelasting
767,icd
768,oplossen
769,statistisch
770,t2dm
771,vochtophopingen
772,taalproblemen
773,dd
774,drietal
775,overmatig
776,vad-tubes
777,rr
778,zeker
779,implanteerbare
780,opnamen
781,ondersteuning
782,i.v.
783,preventie
784,teruggeperst
785,optitratie
786,glp-1-analogen
787,cumulatieve
788,ontbrekende
789,afsluiting
790,literatuurreview
791,natrium-
792,aangrijpingspunten
793,overschaduwd
794,klinisch
795,gly389
796,bnp-
797,abnormaal
798,microalbuminurie
799,alternatief voor ziekenhuistherapie
800,differentiaaldiagnose
801,enkeloedeem
802,overbelasting
803,maligniteiten
804,frequentie
805,syncope
806,kwantitatieve
807,geïdentificeerd
808,ppv
809,hooggradig
810,onvoldoende
811,ladderpatroon
812,aanwezige hypertensie
813,aldosteronproductie.1
814,aangeboren
815,cyp2c9
816,mengelmoesje
817,met st-segmentelevatie
818,drukcurve
819,ingevulde
820,diurese
821,cardiac output
822,water
823,benadrukt
824,serumcholesterol-
825,beroerte
826,droog
827,dilatatie
828,elektrocardiografie
829,betere voorlichting
830,definitie
831,optie
832,ace
833,biomedische
834,slechte
835,zuurstof
836,herhaald
837,behandelbaar
838,ace)-remmer
839,medicament
840,ramipril
841,excavatio rectouterina
842,bijgeluiden
843,plasmaconcentratie
844,microstukje
845,hoeksteen
846,beslisregels
847,verpleegkundigen
848,meestal
849,luchthoudendheid
850,pillen
851,experimentele
852,mortaliteitsafname
853,antitumoreffect
854,mits
855,bovenbuikklachten
856,antwoord
857,vullingsdynamiek
858,in-vitrostudie
859,chronisch
860,harttransplantatie
861,(elite)-onderzoek
862,ernstig chronisch
863,vroegtijdige
864,afname
865,belemmert
866,vermoeden
867,belangrijke
868,volg
869,analyse
870,systemisch
871,bnp-plasmaspiegels
872,ernstigere
873,capecitabine
874,bewaking
875,pioglitazon
876,geconcludeerd
877,copd
878,digitalis
879,uitgezette
880,systolisch hartfalen
881,rd
882,peil
883,antiaritmicum amiodaron
884,aldosterone
885,middelen
886,pg
887,sleutel
888,toxiciteit
889,verkregen
890,geplast
891,name trastuzumab
892,effectieve
893,zelfdoding
894,drijven
895,anamnese
896,axial flow
897,toring
898,tubulair
899,behandelopties
900,", hyperkaliëmie"
901,meldde
902,gemeenschappelijk pathologisch
903,factor
904,gerandomiseerde
905,micro-
906,ter
907,pleuravocht
908,echografie
909,fluorouracil
910,asymptomatische
911,praktijkondersteuner
912,subschalen
913,overdiagnostiek
914,gecontroleerd onderzoek
915,optreden
916,gepubliceerde
917,fibrinolytische therapie
918,beleid
919,amiloride
920,disfunctie
921,na harttransplantatie
922,niet-acute
923,terug
924,pco2
925,belandde
926,gereduceerd
927,coumarines
928,afspiegeling
929,fluorescerende
930,tegengevallen
931,verklaren
932,langetermijneffect
933,vermindering van dyspneu
934,transplantatie
935,candesartan
936,uitsluit
937,streefdosissen
938,reflextachycardie
939,bnp
940,geïmplanteerd
941,bestudeerde
942,internisten
943,standaarddoses
944,daarvan
945,tussen
946,vergelijkend onderzoek
947,beta-blokkers
948,verminderde
949,warfarine
950,gemeld
951,opiaten
952,rapporteren
953,stabiliseren
954,intensive-careafdeling
955,map
956,uitgangssituatie
957,uitkomsten
958,endotheline
959,on heart failure
960,adjuvante setting
961,chemotherapie
962,latje
963,herziene
964,verlaagd
965,bewijzen
966,mening
967,uitkomst
968,overeenkomt
969,multivariate analyse
970,kwalitatieve
971,triamtereen
972,snelwerkend
973,cytochroom
974,etiologisch
975,onjuist
976,lucht
977,pijnlijke
978,diagnostiek
979,verzwakt
980,eerste
981,hf-pef
982,angiotensine
983,chf-diagnoses
984,echocardiografische
985,natriumbeperking
986,dubbelblinde
987,ijzergebreksanemie
988,systolische disfunctie
989,diabetes
990,lichamelijke
991,aortae
992,exacerbaties
993,herziene standaard
994,geleidingsvertraging
995,bovenbuik
996,gedeblokkeerd
997,voortschrijden
998,toediening
999,aldosteron
1000,wetenschappelijk onderzoek
1001,geneesmiddelen
1002,werkzaamheden
1003,radioloog
1004,val-heft
1005,concurrentie
1006,nierfunctie-verslechtering
1007,solide
1008,slaapstoornissen
1009,lvsd
1010,bradyaritmieën
1011,coenzym
1012,hepatomegalie
1013,grijze
1014,nut
1015,risicogroepen
1016,dialysetherapie
1017,fabrikant
1018,seh-arts
1019,toch
1020,rekatheterisatie
1021,beroerde
1022,aandoening
1023,pathofysiologisch
1024,hyperuricemie
1025,zeldzame
1026,diuretische
1027,overbruggen
1028,ventriculectomie
1029,zelfrapportage
1030,draagbare
1031,rechtszijdig
1032,astmapatiënten
1033,bescherming
1034,zorgsysteem
1035,zelfmedicatie
1036,objectief
1037,oog
1038,vat
1039,verergeren
1040,pathognomonische
1041,standaardlab
1042,hemodynamische stabilisering
1043,creatinineklaring
1044,pasten
1045,gratis
1046,gynaecomastie
1047,alcoholgeïnduceerde
1048,demping
1049,aldosteronreceptoren
1050,polsdruk
1051,harttoon
1052,poliklinisch
1053,gezonde mensen
1054,aanvullende
1055,r-9
1056,hek293-cellen
1057,cardioloog
1058,aldosteronproductie
1059,devices
1060,zuurstofsoorten
1061,ernstig copd
1062,dient
1063,revascularisatie
1064,gezondheidsprobleem
1065,crt-d
1066,waarneming
1067,verrichtingen
1068,re-
1069,kernsymptomen
1070,weten
1071,achtergrondinformatie
1072,cellulaire
1073,receptoren
1074,herstelt
1075,gecombineerd
1076,hoog
1077,βètablokkers
1078,meebrengt
1079,leerpunten
1080,diureticaresistentie
1081,geijkt
1082,latent
1083,vena-cava-superiorisyndroom
1084,starttherapie
1085,hoogst
1086,hydrochloorthiazide
1087,herzien
1088,constructvaliditeit
1089,flexibel
1090,defibrillatortherapie
1091,verboden
1092,spoedopvang
1093,indicatoren
1094,bnp-waarde
1095,bestudeerd
1096,zuurstofopnamekinetiek
1097,metoprolol
1098,overmatige
1099,matrixverval
1100,kern
1101,cox
1102,extern referentiepunt
1103,neurohumorale
1104,stabiele
1105,meededen
1106,laaggedoseerde
1107,failure
1108,perindopril
1109,endotheelfunctie
1110,verwardheid
1111,levervenen
1112,diagnostische standaard
1113,iii-iv
1114,vergrote lever
1115,hartslag
1116,zodanig
1117,cyclo-oxygenase
1118,hypovolemie
1119,geboekte
1120,behandelgroepen
1121,geleidingstijd
1122,benauwde
1123,echotechniek
1124,behandel
1125,vermoeide
1126,npv
1127,nt-probnp
1128,cardiomyopathie
1129,pneumonie
1130,meervoudig
1131,ziekbed
1132,verband
1133,angina pectoris
1134,metastasen
1135,pleura-effusie
1136,voor-
1137,myocard
1138,ß-blokkade
1139,geordend
1140,metformine
1141,dubbele
1142,hyper-
1143,vooral hypertensie
1144,aortaklepstenose
1145,voordeel
1146,zekerheid
1147,grijze zone
1148,dachten
1149,thuisinfusie
1150,tegenstanders
1151,partiële ventriculectomie
1152,constrictie
1153,aannemelijker
1154,terug te zien
1155,kleinschalige
1156,algemeen goed
1157,basistherapie
1158,streefdoseringen
1159,beperk
1160,elektroforese
1161,ß1-adrenerge
1162,overlaten
1163,verhoogde
1164,herseninfarct
1165,linkerbundeltakblok
1166,aanvangsdosering
1167,geneeskundige
1168,na antracyclinegebruik
1169,pulsaties
1170,myocardfibrose
1171,fev
1172,voorkamerfibrillatie
1173,thoracic society
1174,integreer
1175,startdosis
1176,natrium
1177,snelwerkende
1178,controles
1179,praktijk
1180,gedaalde
1181,oncologische
1182,wet
1183,onbesproken
1184,95-betrouwbaarheidsinterval
1185,carotis
1186,ictus
1187,buik
1188,nabelasting
1189,hernieuwd optreden
1190,negen
1191,glitazones
1192,steunhart
1193,synchronisatie
1194,matrixstabiliserende
1195,koppeling
1196,v.
1197,stoffen
1198,gelijktijdig
1199,onderhavige
1200,onbloedige
1201,vochtverlies
1202,gedilateerd
1203,dieettherapietrouw
1204,linker ventrikel
1205,elektronische
1206,rechterbovenbuik
1207,contractie
1208,spierkrachttraining
1209,backward failure
1210,structuurveranderingen
1211,leiden
1212,ace-remmer
1213,genderverschillen
1214,pomp
1215,geleidelijk
1216,jama
1217,aanvullend
1218,etnische
1219,psychofarmaca
1220,aspirine
1221,pneumokokkenvaccinatie
1222,betere
1223,ontraden
1224,breinnatriuretisch
1225,antihypertensivum
1226,nebivolol
1227,zowel
1228,plasmaspiegel
1229,onlangs
1230,groep medicijnen
1231,toont
1232,onvermoed wankel
1233,acra
1234,pleiotrope
1235,diabetische
1236,einddiastolische
1237,ischaemische beroerte
1238,onduidelijkheden
1239,niet-medicamenteuze
1240,verantwoordelijkheid
1241,antidiabetische
1242,sterke
1243,snellere
1244,doorgaans
1245,flecaïnide
1246,operatie bètablokkers
1247,nesiritide
1248,symptoomverbetering
1249,intolerantie
1250,bloeddrukverlaging
1251,afnemen
1252,adrenomedulline
1253,langdurige hypertensie
1254,doorverwezen
1255,acuut
1256,verbetering van kwaliteit
1257,telden
1258,leefstijladvies
1259,abstinentie
1260,met hartfalen
1261,stimuli
1262,acute bronchitis
1263,onderzocht
1264,hartschade
1265,hospitalisatie
1266,subtype
1267,vervolgbehandeling
1268,chromatine
1269,perindoprilgebruik
1270,cns
1271,algemeen
1272,tricuspidalisinsufficiëntie
1273,bindingsduur
1274,polyfarmacie
1275,ace-remming
1276,tegenaanwijzingen
1277,noden
1278,heviger
1279,interventies
1280,terugresorptie
1281,kracht
1282,belasting
1283,leefregels
1284,collapsneiging
1285,bnp-test
1286,wikkelhart
1287,onderzoekers
1288,verapamil
1289,waterretentie
1290,gemeenschappelijk gedragen
1291,bronchospasme
1292,slagen
1293,basisartsen
1294,groeifactoren
1295,overvulling
1296,met copd
1297,ongecontroleerde hypertensie
1298,pulmonaal
1299,rechteratriumdruk
1300,voorschrijfgedrag
1301,", hyperlipidemie"
1302,psychologische
1303,achtergronden
1304,geprikt
1305,prostaathypertrofie
1306,ethische
1307,hba1c
1308,bevolkingsonderzoek
1309,bestond uit
1310,prevent
1311,klacht
1312,counseling
1313,follow-upprogramma's
1314,gemist
1315,spontaan
1316,aritmieën
1317,perioperatief
1318,weer
1319,pomphuur
1320,inactieve
1321,uitgesloten
1322,beta-agonist
1323,ontwatering
1324,alcoholgebruik
1325,val-heft-
1326,reden
1327,omstreden
1328,zorgorganisatie
1329,onderhydratie
1330,2x2-opzet
1331,necrose
1332,kinderschoenen
1333,iii
1334,literatuurgegevens
1335,geïnstrueerd
1336,pacemakerritme
1337,contractiliteit
1338,zuurstofverbruik
1339,lichamelijk
1340,longarts
1341,gestabiliseerde
1342,bel
1343,atherogenese
1344,voorbeschikken
1345,lichte
1346,stimulering
1347,borstholte
1348,gelden
1349,puntjes
1350,inotropica
1351,metoprololgroep
1352,diabetespatiënten
1353,mortaliteitsgegevens
1354,myocardinfarct
1355,vullingsdruk
1356,spoedeisendehulpafdeling
1357,infectie
1358,longfunctieonderzoek
1359,systemische ventriculaire systolische disfunctie
1360,uitspraken
1361,ß-
1362,congres
1363,hartas
1364,onduidelijkheid
1365,oversterfte
1366,tegenaanwijzing
1367,overweeg
1368,bleken
1369,gestrand
1370,experimenten
1371,geëxplanteerde
1372,bèta-adrenoceptorblokker
1373,of nt-probnp-plasmaspiegels
1374,relatieve-risicoreductie
1375,sensibiliteit
1376,mortaliteit
1377,cytokinen
1378,wachtlijst-
1379,drukken
1380,leverrand
1381,uit te sluiten
1382,normaal
1383,in examine
1384,sneller
1385,lieten
1386,zieke
1387,redistributie
1388,voor
1389,leent
1390,placebopil
1391,acetylsalicylaat
1392,allicht
1393,afremmen
1394,fluoropyrimidine
1395,zuurstofsaturatiemeting
1396,eerstelijns
1397,volumedepletie
1398,isosorbidedinitraat
1399,bnp-bepaling
1400,capaciteit
1401,bijwerkingenprofiel
1402,kruidenmengsel
1403,voorvallen
1404,voorspeller
1405,behandelaars
1406,ischemische beroerte
1407,gestratificeerd
1408,ondergrond
1409,voedingstoestand
1410,absorptie
1411,overbruggingsprocedures
1412,atrium
1413,oestrogeenagonistische werking
1414,bruikbaar
1415,rubriek
1416,therapiekeuze
1417,indeling
1418,natriuretische
1419,behoefte
1420,rechter atrium
1421,tripeltherapie
1422,cava
1423,verantwoordelijke gen
1424,effect
1425,daarbij
1426,gecollabeerd
1427,kanker
1428,ruim
1429,pro-bnp
1430,slaapapneu
1431,85-plussers
1432,ferritinewaarde
1433,moeheid
1434,leidraad voor therapiekeuze
1435,perfunderen
1436,aritmieën.8
1437,renovasculair
1438,mediane follow-upduur
1439,wil
1440,onderdrukken
1441,diuretische therapie
1442,nederlandse artsen
1443,geplande
1444,stomp
1445,kosten
1446,omgekeerd
1447,overeenkomst
1448,factoren
1449,zij
1450,griepvaccinatie
1451,ofwel
1452,ontwaterd
1453,medisch-technische
1454,opname
1455,uitgesprokener
1456,systeemtherapie
1457,zouthuishouding
1458,herhospitalisaties
1459,af
1460,talrijke
1461,acetylsalicylzuur
1462,dpp-iv-remmers
1463,hartinfarct
1464,echter
1465,vertoonden
1466,rijst
1467,kon
1468,ehs-hf
1469,prognostische
1470,angiotensine-ii-receptorblockers
1471,aannemelijk
1472,uitval
1473,beloop
1474,onderdiagnostiek
1475,chirurgie
1476,gerandomiseerd onderzoek
1477,alcoholinname
1478,non-occlusieve
1479,doorbloeding
1480,voor copd
1481,kleurstof
1482,opgetreden
1483,gestart
1484,echo
1485,roche-diagnostics
1486,placebo
1487,basisreanimatie
1488,diastolische
1489,( sd
1490,prognose
1491,monitoring
1492,hart
1493,per
1494,triphosphate
1495,implantatie
1496,meters
1497,natuurlijk
1498,links
1499,vermijdbare
1500,normale
1501,bemoeilijkt
1502,twijfelgeval
1503,biochemische bepalingen
1504,isa
1505,zorgkosten
1506,omschrijving
1507,collaps
1508,sinusritme
1509,eindsystolische
1510,wegens
1511,systematisch
1512,én
1513,inspanning
1514,richtdosissen
1515,geïntegreerd
1516,dien
1517,opnieuw
1518,verrichtte
1519,deoxyuridine
1520,gevolge
1521,standaardtherapie
1522,lichamelijk onderzoek
1523,lineaire
1524,vochtbeleid
1525,borstkanker
1526,atrioventriculaire
1527,carotispols
1528,bradycardie
1529,carvedilol
1530,veranderingen
1531,raden
1532,vaccinatie
1533,cardiovasculair
1534,gevoelsstoornissen
1535,tsh
1536,reductie
1537,ace)-remmers
1538,disciplines
1539,tweesnijdend
1540,bovengenoemde
1541,antidiabetische werking
1542,tussentijdse hypotensie
1543,onder
1544,voeten
1545,winst
1546,hulpverleners-ambulanciers
1547,opvolging
1548,snp
1549,multi-organ failure
1550,individuele geneesmiddeleffecten
1551,methoden
1552,- hypertensie
1553,batterijen
1554,adp
1555,dt
1556,acuut hartfalen
1557,kernboodschappen
1558,waterdunne
1559,onderbreking
1560,zekere
1561,cardiovasculaire uitkomst
1562,vochtinname
1563,optitreerfase
1564,vaatziekten
1565,het
1566,toekomst
1567,directe
1568,kaplan-meier-methode
1569,output
1570,geklaard
1571,wegens hypertensie
1572,hartfalers
1573,anxiolytica
1574,reanimatierichtlijnen
1575,hartaanval
1576,cardiologische
1577,remt
1578,achtergrond
1579,bijnier
1580,opzet
1581,vermoeidheid
1582,behandelingsmodaliteiten
1583,afgedrukt
1584,ademhaling
1585,consequenties
1586,doordat
1587,bekostiging
1588,uitvallers
1589,nierschade
1590,vitamine-e-suppletie
1591,derde
1592,pijlers
1593,plaatsgevonden
1594,aii-antagonist
1595,vervolgonderzoek
1596,ketenzorg
1597,decom-pensatio
1598,standaarddosis
1599,dichterbij
1600,geblindeerde
1601,lichaamstemperatuur
1602,uitlokkende
1603,door
1604,hanteerbaar
1605,dosisresponsrelatie
1606,calciumantagonist
1607,kwantificeren
1608,algehele malaise
1609,zaken
1610,onderzoeksvraag
1611,duwt
1612,medische beslissingen
1613,ontslagen
1614,dobutaminetherapie
1615,tegen
1616,voorspellers
1617,kwantiteit
1618,paracorporeel systeem
1619,in biomedicine
1620,staan
1621,uitslag
1622,verergering
1623,weloverwogen
1624,klepgebreken
1625,onderliggende
1626,mitralisklepplastiek
1627,multifactoriële
1628,vonden
1629,geruisen
1630,diuretisch
1631,regressieanalyse
1632,vergrote
1633,doorbreken
1634,contractieverloop
1635,nische
1636,stilgehouden
1637,elektronische monitoring
1638,verhinderen
1639,richtlijn
1640,serumkaliumgehalte
1641,wisselende
1642,geleidingsstoornissen
1643,vermijd
1644,regulair
1645,inhouds-
1646,medicatiebeleid
1647,gfr
1648,hoofddoelen
1649,beoordeeld
1650,klaring
1651,waardes
1652,dieetdagboek
1653,of ptca-behandeling
1654,vochtrestrictie
1655,tenminste
1656,levensgevaarlijke
1657,natriumconcentratie
1658,hartfalenverpleegkundige
1659,conclusies
1660,kostte
1661,hartinfact
1662,bepaling
1663,thiazides
1664,glucose
1665,tricuspidalisklepvlak
1666,renine
1667,vochtretentie
1668,wetenschappelijk
1669,revascularisatie-ingreep
1670,aangegeven
1671,coronairaandoeningen
1672,cumarinen
1673,nierfunctiestoornis
1674,descriptieve
1675,voorspellende waarde
1676,niet-gerandomiseerd onderzoek
1677,bijzonderheden
1678,symptomen
1679,bestonden
1680,spironolactone
1681,methodologie
1682,meer
1683,microscopie
1684,chronische aandoeningen
1685,geschiedenis van ß-blokkers
1686,buikpijnklachten
1687,rx-thorax
1688,endo-
1689,innemen
1690,atrioventriculair blok
1691,dna-fragmentatie
1692,icd-shocks
1693,exacerberen
1694,metoprololsuccinaat
1695,coach-onderzoek
1696,acute dyspnoe
1697,transferrinesaturatie
1698,test
1699,meerdere
1700,angio-oedeem
1701,literatuurreferenties
1702,indicatie
1703,defibrillatie
1704,verpleeghuisbewoners
1705,multidisciplinaire
1706,verbindingslijn
1707,behandelverpleegkundige
1708,statines
1709,afbouwen
1710,diuretica
1711,telefo
1712,warfarin
1713,tests
1714,ontbreken
1715,gemoduleerd toe
1716,contractie-relaxatiepatronen
1717,amlodipine
1718,merit-hf-studie
1719,revalidatieprogramma's
1720,midden
1721,mellitus
1722,bevestiging
1723,rosuvastatine
1724,ml
1725,kortademigheidsklachten
1726,copernicus-studies
1727,icd-implantatie
1728,boezemfibrilleren
1729,er
1730,kleplijden
1731,pci-groep
1732,digoxine
1733,ernstige hypotensie optreden
1734,verwijd
1735,met acuut
1736,bloeddrukmeting
1737,beslag
1738,weefsels
1739,discussies
1740,contact
1741,zorgcentra
1742,roken
1743,respondenten
1744,syndroom hartfalen
1745,diastolische functie
1746,afstemmen
1747,bnp-uitslag
1748,diameter
1749,abdomen
1750,klepoperaties
1751,resynchronisatietherapie
1752,die bètablokkers
1753,venepols
1754,landelijke
1755,kruiden
1756,digitalispreparaten
1757,ace-remmers
1758,wachtlijstkandidaten
1759,gevolgd
1760,neprilysine
1761,programma
1762,statusonderzoek
1763,terugstromen
1764,gereduceerde
1765,cavum
1766,cohortonderzoek
1767,monitoringcondities
1768,diabeteszorgprogamma's
1769,arb's
1770,effectief
1771,defecatie
1772,opmerkelijk
1773,ontstonden
1774,mantelzorgers
1775,perfusiescintigrafie
1776,rugligging
1777,centraalveneuze
1778,hartactie
1779,isosorbidemononitraat-gebruikers
1780,mensen
1781,follow-upduur
1782,parasympatische activiteit
1783,met
1784,benaderden
1785,aanpassing
1786,operationele
1787,evenmin voor dysfunctie
1788,significantieniveau
1789,oedemen
1790,verdroegen
1791,risicofactor
1792,dermate
1793,niet
1794,richtlijnen
1795,filtratiesnelheid
1796,cva's
1797,drukmeting
1798,hemodynamisch
1799,waterzucht
1800,cochrane-review
1801,diagnostische polikliniek
1802,controle-echocardiografie
1803,diffuus
1804,overheerst
1805,a-priorikans
1806,serum
1807,antibioticavoorschriften
1808,activiteit
1809,alogliptine
1810,cardiovasculaire effecten
1811,mechanische
1812,eerstelijnsgezondheidszorg
1813,epd's
1814,gevoeliger voor insuline
1815,mitralis-aortaklepinsufficiëntie
1816,te bestrijden
1817,echografisch
1818,neuropathie
1819,diagnostische
1820,onderscheid
1821,diarree
1822,aangrijpingspunt
1823,( lv)-schade
1824,niet-selectieve cox 1-remmers
1825,cardiale-resynchronisatietherapie
1826,rust
1827,stuurde
1828,aanpassingsproces
1829,casuïstiek
1830,belastend
1831,ooghoogte
1832,defibrillator
1833,( cabg
1834,levensbedreigende hyperkaliëmie
1835,amiodaron
1836,ongewoon
1837,klinische
1838,karakteristieke condensatie
1839,achteruitgang
1840,elders
1841,donorhart
1842,enerzijds
1843,pijler
1844,overigen
1845,heropname
1846,piekconcentratie
1847,gehalte
1848,vervolgduur
1849,professionele
1850,veneuze
1851,cowie
1852,bewaarde
1853,30ml
1854,aldosteronantagonist
1855,behandeldoel
1856,verschijnselen
1857,gewichtsreductie
1858,met acuut hartfalen
1859,verdubbelingen
1860,instelt
1861,duidelijk
1862,daarover
1863,lichaamsgewicht
1864,consultatie
1865,erytrodysesthesie
1866,gevalsonderzoek
1867,prostaglandinesynthese
1868,synergistische
1869,morfine
1870,voordelen
1871,inhalatorgebruik
1872,onrust
1873,doelmatigere
1874,vermindering van de mortaliteit
1875,zoutrestrictie
1876,uitademingsstand
1877,echocardiografie
1878,het rivm
1879,ascitesvocht
1880,losartan
1881,de hyperglykemie
1882,niet-statistisch
1883,gedragen
1884,publicatie
1885,coronairlijden
1886,nulpunt
1887,inventariseren
1888,natriumuitscheiding
1889,klepafwijking
1890,combinaties
1891,lichamelijke activiteit
1892,therapietrouw
1893,hf
1894,ß-blokkers
1895,herstel van sinusritme
1896,tweede-
1897,mede
1898,angiotensine-i
1899,eindstadium
1900,evalueren
1901,apparatuur
1902,hartrevalidatie
1903,remde
1904,type'-myocyten
1905,einddoeltherapiepatiënten
1906,pompen
1907,onderzoeksgroep
1908,supraventriculaire
1909,beduidend
1910,reactieve
1911,methodologische
1912,(ace)-remmers
1913,toe
1914,logisch
1915,traject
1916,seksuele functie
1917,afkapwaardes
1918,gecombineerde
1919,geïsoleerde
1920,insufficiëntie
1921,met chronisch hartfalen
1922,thromboxaan
1923,nierperfusiestoornis
1924,inspanningsvermogen
1925,uitgangswaarden
1926,valt
1927,herseninfarcten
1928,diabetesrichtlijn
1929,hervat
1930,ongunstig
1931,rechter ventrikel
1932,vragen
1933,b-type-natriuretisch
1934,braken
1935,abnormale structuur
1936,voorgeschiedenis hypertensie
1937,behandelingen
1938,tachycard
1939,resultaat
1940,losartan-
1941,nu
1942,trandolapril
1943,ademgeruis
1944,bleef
1945,vermindering
1946,vervolgdiagnostiek
1947,verticale
1948,retrospectief
1949,dringt
1950,teruggeresorbeerd
1951,direct
1952,gangbare
1953,kanmoet
1954,klinische praktijk
1955,peristaltiek
1956,en hypercholesterolemie
1957,angiotensine-converterend-enzymremmers
1958,groepen
1959,intoxicatie
1960,carvedilolgroep
1961,opstaan
1962,dutp-gelabelde
1963,gecorrigeerde
1964,necrotische
1965,fysieke
1966,gegevens
1967,perfusiedruk
1968,aangeboren hartafwijking
1969,uitdiepen
1970,elderly
1971,geïncludeerde
1972,dubbelblind
1973,inleidende
1974,geboden
1975,verstijving
1976,beoordeling
1977,serumconcentraties
1978,ontbreekt
1979,verwezen
1980,parasympathische inhibitie
1981,energy
1982,overbrugging
1983,drukbelasting
1984,inriep
1985,hartstilstand
1986,therapieën
1987,ziektebeeld
1988,met chronisch
1989,vernauwen
1990,eerstehulpafdeling
1991,ventricular
1992,uitgangsgewicht
1993,tenslotte
1994,n-terminaal
1995,deelnemers
1996,niet-medicamenteus
1997,bewijs
1998,geneesmiddelkosten
1999,mechanismen
2000,horizontaal
2001,benadruk
2002,interactie
2003,denk
2004,auc
2005,studieboeken
2006,mate
2007,bij negroïde
2008,brieven
2009,borst
2010,stuurden
2011,behandeling van hartfalen
2012,wachttijd
2013,plaatjesaggregatieremmer
2014,slechtere
2015,afferente
2016,vermijding van gedrag
2017,systolische
2018,reutelende
2019,natriuminname
2020,handelen
2021,aii-antagonisten
2022,wisselend
2023,geëxtrapoleerd
2024,regime
2025,geïncludeerd
2026,pathogene
2027,linkerbundeltakblokconfiguratie
2028,cardiovasculaire
2029,herhaling
2030,bijwerkingen
2031,orthostatische
2032,astma
2033,diureticabeleid
2034,redmiddel
2035,verdubbeld
2036,ventriculaire
2037,richt
2038,serumcreatinine
2039,presentatie
2040,vochthuishouding
2041,onderkenning
2042,over
2043,spierweefsel
2044,nurse
2045,wachtlijst
2046,afbraak
2047,fysiotherapeut
2048,copernicus-studie
2049,( bsvs-chf
2050,revalidatieprogramma
2051,ventrikel
2052,hbo2
2053,toedienen
2054,handvenen
2055,plotse hartdood
2056,gastroscopie
2057,pacing'-pacemaker
2058,diagnose
2059,colofon
2060,cm
2061,type-2
2062,niet-farmacologische
2063,wachttijd voor harttransplantatie
2064,harttonen
2065,wegwijzers
2066,remmend
2067,l.
2068,durende
2069,manieren
2070,gemeten
2071,hypomagnesiëmie
2072,bloeddruk
2073,was
2074,apotheek
2075,serumkaliumstijging
2076,bocht
2077,b-type
2078,interacties
2079,niet-selectief
2080,delicate
2081,donoren
2082,bestrijden
2083,volume-
2084,getild
2085,niet-gerandomiseerde
2086,kortademigheid
2087,elektrolyten
2088,lever
2089,reversibele
2090,stijve
2091,over-
2092,hulpverlening
2093,een
2094,klepdisfunctie
2095,bij copd
2096,ondergingen
2097,verwijden
2098,buikpijn
2099,in bèta-adrenerge
2100,m2
2101,recuperatie
2102,natriumintake
2103,bnp-uitslagen
2104,myocardischemie
2105,therapeutische
2106,lisdiuretica
2107,nmol
2108,statine
2109,tenietgedaan
2110,voor hartfalen
2111,geïndiceerd
2112,niet-afwijkend
2113,beslisregel
2114,vergoed
2115,rechter
2116,dikwijls
2117,afdrukt
2118,gepaste
2119,mdr
2120,benzbromaron
2121,mri
2122,goed
2123,neonatale
2124,hartsouffle
2125,thorax
2126,echocardiografisch
2127,procedure
2128,atriumfibrillatie
2129,kaderhuisarts
2130,trials
2131,inschatten
2132,gestarte
2133,interventiegroep
2134,hypothese te toetsen
2135,of
2136,chronische
2137,zwaard
2138,negatief
2139,heropnames
2140,symptomatische hypotensie
2141,en tandarts
2142,gehoord
2143,misselijkheid
2144,titratie
2145,instrumenten
2146,hemodialyse
2147,bcl2
2148,vaatstenoses
2149,casussen
2150,buikklachten
2151,n-terminal-probnp
2152,therapeutische zorg
2153,algehele
2154,dit
2155,combinatietherapie
2156,vertraagde
2157,valrisico
2158,atriumfibrilleren
2159,functionele
2160,waarde
2161,tricuspidalisklep
2162,normaal sinusritme
2163,ouderen
2164,bleek
2165,conditietraining
2166,hartfalenzorgprogramma's
2167,praktische
2168,stelde
2169,voetzoolreflexen
2170,ontslagdiagnose
2171,bètareceptorblokkade
2172,ontstekingsremmende
2173,informeer
2174,index
2175,drukwisselingen
2176,beschrijvend
2177,geanalyseerd
2178,nct
2179,groenewegen
2180,drukpijn
2181,remming
2182,perfusie
2183,anemie
2184,andere kaliumsparende
2185,stomatitis
2186,verbandwissels
2187,grenzen
2188,leverziekten
2189,vooruitzichten
2190,waterpas
2191,bnp-resultaten
2192,inactivatie
2193,op
2194,diegenen
2195,verhogen van therapietrouw
2196,boog
2197,terugkerende
2198,gerapporteerde verband
2199,anti-inflammatoir
2200,ß2-receptoren
2201,desondanks
2202,gedetailleerdere
2203,overname
2204,subendocardiale
2205,overschaduwt
2206,bètablokkers
2207,zelfvernietiging
2208,onjuiste
2209,gevorderde
2210,spironolacton
2211,betablokkers
2212,activatie
2213,www.trialregister.nl
2214,uitingsvorm
2215,stoornissen
2216,mededelingen
2217,vergroten
2218,hemodynamische verbeteringen
2219,vergevorderd
2220,deed
2221,zoutvervangers
2222,ischemisch hartfalen
2223,rekening
2224,niet-fatale
2225,destilleren
2226,dyspnoïsch
2227,belangrijkste
2228,structurele
2229,vrij
2230,hypertensie
2231,heropnamecijfers
2232,hoe
2233,bejaarden
2234,disfunctioneren
2235,hartstichting
2236,nsaid-gebruik
2237,bisoprolol
2238,leefstijlfactoren
2239,bindingsplaatsen
2240,hulp
2241,lichaamsbeweging
2242,therapeutische overstap
2243,inotropieafhankelijk
2244,ht
2245,realiteit
2246,vernieuwde
2247,ecg
2248,druk
2249,gerandomiseerd
2250,onverzadigde
2251,vanuit
2252,efferens
2253,biomarkers
2254,persoonlijk
2255,vermogen
2256,48-uursschema's
2257,veroudering
2258,afgebouwd
2259,waakzaamheid
2260,ligt
2261,stapsgewijs
2262,echocardiografie. output
2263,spier
2264,enalapril
2265,al
2266,anp
2267,binding
2268,alzheimer
2269,onbetrouwbare
2270,klagen
2271,onderzoeken
2272,95-bi
2273,( nt-pro
2274,mitralisklepafwijking
2275,overweging
2276,begeleiding
2277,antwoorden
2278,syndrome
2279,metingen
2280,de swt
2281,echocardiogram
2282,ga
2283,partners
2284,hulpverleners
2285,atriumpeptiden
2286,sterven
2287,nadenken
2288,onderzoekspublicaties
2289,tweezijdige
2290,stelden
2291,r+5
2292,inhibitors
2293,interviewtechnieken
2294,acute stressreactie
2295,waterhuishouding
2296,inclusie-
2297,verrichten
2298,literatuurstudie
2299,verminderd
2300,hyponatriëmie
2301,druk-volumerelaties
2302,cumarines
2303,veroorzaken
2304,literatuuronderzoek
2305,aterogenese
2306,ernstig
2307,ademfrequentie
2308,financiële
2309,overheid
2310,vierde
2311,vragenlijst
2312,recidiverend
2313,ontladingen
2314,getransfecteerd
2315,sociale
2316,pump
2317,behandelbare
2318,optredend
2319,lvedd
2320,overlevingskansen
2321,off-labelgebruik
2322,overwogen
2323,cox)-2-remmers
2324,omstreeks
2325,auscultatie
2326,probnp
2327,symptoom-gelimiteerde
2328,diureticagebruikers
2329,mitralisklep
2330,respons
2331,significante
2332,extreem
2333,natriumarme
2334,vernevelen
2335,ascites
2336,longziekte
2337,verergerd
2338,serumelektrolyten
2339,screenen
2340,overnemen
2341,nierfunctieverslechtering
2342,reviewers
2343,voegden
2344,acceptabel
2345,terminale
2346,arbs
2347,mswt
2348,tenecteplase
2349,regels
2350,galblaas
2351,voorstadium
2352,geblokkeerd
2353,kinderleeftijd
2354,diastolisch hartfalen
2355,paroxismale
2356,eindstadiumhartfalen
2357,benader
2358,chf
2359,rechterop
2360,vervalt
2361,adrenaline
2362,alvast
2363,biochemisch
2364,tegenstelling
2365,atypisch
2366,best
2367,onderzoek
2368,zelf
2369,hoofd
2370,vervang
2371,water-
2372,goedkoper
2373,aangeraden
2374,et
2375,doorgemaakt
2376,valsartan
2377,ongetransfecteerde
2378,kleppen
2379,natri-uretische
2380,inotropicum
2381,onderzoekspopulaties
2382,geabsorbeerd
2383,doxazosine
2384,5fu
2385,ii-receptorblokkers
2386,geïnvalideerd
2387,natriumretentie
2388,gecontroleerd
2389,bronchitis
2390,artikel
2391,mfm
2392,sensitiviteit
2393,behandeladvies
2394,kniepees-
2395,oorzaken
2396,atherosclerotische aandoeningen
2397,tachypneu
2398,patiënten
2399,meta-analyses
2400,logistisch regressiemodel
2401,toename
2402,lvesd
2403,weefselhypoperfusie
2404,s3 galop
2405,mg
2406,tekortschiet
2407,renine-angiotensine-aldosteronsysteem
2408,veronderstelde hyperkaliëmie
2409,niet-acuut
2410,medicamenteuze
2411,verpleegkundige
2412,spierkracht
2413,alogliptinebehandelde
2414,hartspier
2415,gestoorde
2416,sleutelwoorden
2417,coach-studie
2418,placebogroep
2419,uitnodiging
2420,onderhoudsdosis
2421,palliatie
2422,bevorderen
2423,gewicht
2424,cytostaticum
2425,slechte systolische functie
2426,hemodynamiek
2427,gewichtscontrole
2428,systolische functiestoornis
2429,farmacotherapie
2430,nhg-standaard
2431,bnp-geleide
2432,hypoxemische
2433,cardiologen
2434,nieren
2435,deoxynucleotidyl
2436,netwerk
2437,beluisterde
2438,acs
2439,communi - catiemethoden
2440,intraveneus
2441,infusiesysteem
2442,autorijden
2443,tot
2444,onregelmatig
2445,one-stop shop
2446,van bètablokkeerders
2447,gehanteerd
2448,geven
2449,gedemonstreerd
2450,discrepantie
2451,ingevoerd
2452,dilatatoire
2453,ijzerstatus
2454,medicatie
2455,bovenlichaam
2456,wat
2457,vullingsdrukken
2458,cardiaca
2459,lisdiureticuma
2460,leefstijlinterventies
2461,dat
2462,adviezen
2463,psychopathologie
2464,hulpmiddelen
2465,a2
2466,ernstige
2467,zelfdosering
2468,angiotensineconverterendenzymremmers
2469,nierinsufficiëntie
2470,afgestemd
2471,harfalen
2472,kleine
2473,tumoren
2474,levensfase
2475,heart
2476,dyspnoe
2477,laten
2478,gso
2479,defecatiepatroon
2480,a.
2481,gecontraïndiceerd
2482,subklinische
2483,niet-cardiale
2484,in
2485,dpp4-remming
2486,zeldzamer
2487,contra-indicaties
2488,voor hypercapnie
2489,beschermend effect
2490,congenitale
2491,cytotoxische
2492,rattencardiomyocyten
2493,coronaire
2494,wijzigingen
2495,zelfcontrole
2496,angst
2497,afwijkend
2498,met trastuzumab
2499,leverde
2500,vaten
2501,organen
2502,relatie
2503,diëtist
2504,conditie
2505,plaatjesremmers
2506,klassen geneesmiddelen
2507,luchtbel
2508,niet-cardiaal
2509,hartfalenpatiënt
2510,chloortalidon
2511,kosteneffectief
2512,vervolgtraject
2513,calciumantagonisten
2514,aldosteronreceptorblokker
2515,hypotensie
2516,asat
2517,elektrocardiografisch
2518,isosorbidemononitraat
2519,natriuretisch
2520,interstitieel
2521,rechtszijdig hartfalen
2522,alat
2523,met dyslipedemie
2524,stapsgewijze
2525,variaties
2526,eindpunt
2527,hfbef
2528,afzonderlijke
2529,speckle-echo
2530,risicofactoren voor hartfalen
2531,zorg
2532,beperken
2533,of nt-probnp
2534,problemen
2535,operatieve
2536,transplantatie-wachtlijst
2537,tabel
2538,av-blok
2539,variantgenen
2540,nsaid's
2541,biochemische
2542,perifere
2543,contacten
2544,belangenconflict
2545,voorlichting
2546,aantonen
2547,proces
2548,antihypertensieve
2549,gedocumenteerd
2550,percutane
2551,drie
2552,i-ii
2553,standaard
2554,spirometrie
2555,verslechtering
2556,bradycardieën
2557,cytotoxisch
2558,loslaatpijn
2559,nierfunctie
2560,elektrolytstoornissen
2561,bepalen
2562,nettoresultaat
2563,duurtraining
2564,staken
2565,natuurlijke antagonisten
2566,veld
2567,multidisciplinair
2568,opioïden
2569,inhalatie
2570,ruimer
2571,geprogrammeerde celdood
2572,tegen apoptose
2573,lvef
2574,voorschrift
2575,effecten
2576,ibopamine
2577,gunstiger
2578,verrichte
2579,ischemische hartziekten
2580,inspanningstolerantie
2581,gewichtstoename
2582,fret
2583,intercurrent
2584,vertraagd
2585,ramus
2586,bumetanide
2587,lisinopriltoediening
2588,2dd
2589,ingeval
2590,ondersteuningspompen
2591,idiopathische
2592,longen
2593,psychosociale
2594,stijging
2595,morbiditeit
2596,dutp
2597,lijn
2598,besluiten
2599,overtuigende
2600,rhonchi
2601,geleide
2602,tegenstrijdige
2603,vertegenwoordigd
2604,obesitas
2605,lvad
2606,aan-
2607,voor geneesmiddelen
2608,voor medicatie
2609,behandelaar
2610,rct
2611,ritmestoornissen
2612,externe factoren
2613,overleed
2614,regel
2615,5fu-toxiciteit
2616,bij
2617,opvoeren
2618,acute darmischemie
2619,controleer
2620,darm-
2621,telemonitoring
2622,fibrinogeen
2623,arni's
2624,longmaligniteit
2625,plasma-bnp-concentratie
2626,boogmethode
2627,bnp-gehalte
2628,zachte
2629,hoogstwaarschijnlijk
2630,trouw
2631,medische zorg
2632,bevelen
2633,tekort
2634,cardiotoxiciteit
2635,cordis
2636,verricht
2637,voorspellende
2638,gestandaardiseerd
2639,hospice
2640,kwantitatief
2641,ontregeling
2642,rondstuurt
2643,apoptose
2644,furosemide
2645,meting
2646,mechanisme
2647,ernstiger
2648,esc
2649,ontstekingsremmers
2650,staand
2651,aanwijzingen
2652,voorzichtigheid
2653,eetlustverlies
2654,dpp-4
2655,oedemateuze
2656,inname
2657,bevestigen
2658,niet-coronaire
2659,gerelateerde
2660,hartfalenprogramma's
2661,neurohormoonbepalingen
2662,therapeutisch effect
2663,tevoren
2664,operaties
2665,renine-angiotensine-aldosteron-systeem
2666,losartangroep
2667,defibrilleren
2668,pro-breinnatriuretisch
2669,gewichtverlies
2670,omvang
2671,net
2672,geleidelijk ontstaan
2673,traden
2674,aanwijzing
2675,evaluatie
2676,pompfunctie
2677,vertekeningen
2678,gecontra-indiceerd
2679,dehydratie
2680,inneemt
2681,na intraveneuze
2682,gevalideerd
2683,rechtvaardigen
2684,niertubulus
2685,blijf
2686,ontwikkelingskosten
2687,vetzuren
2688,nefroloog
2689,arg389-variantcellen
2690,oedeem
2691,toedieningsvorm
2692,postglomerulaire
2693,onafhankelijke voorspeller
2694,vliegtuig
2695,volwassenen
2696,hersenbloeding
2697,deden
2698,remmen
2699,perifeer
2700,digoxinegebruik
2701,cardiologenpanel
2702,berekeningen
2703,medische
2704,behandeling
2705,verstrengeling
2706,dubbelwerkend
2707,linkerventrikel-ejectiefractie
2708,achterstandswijk
2709,getuige
2710,lag
2711,formulieren
2712,2-toppig
2713,decapeptide
2714,als clopidogrel
2715,rechterventrikelfalen
2716,ingrepen
2717,commentaar
2718,academisch
2719,coach-dieetdagboek
2720,medicus
2721,vented electric system
2722,1dd
2723,aldosteronreceptorantagonist
2724,besturen
2725,kwetsbare
2726,overgaat
2727,of hypertensie
2728,overlap
2729,menselijke
2730,slijmvliezen
2731,assist
2732,hoesten
2733,revalidatie
2734,anti-inflammatory drugs
2735,werkingsmechanisme
2736,inziens
2737,nitraatgebruik
2738,intoxicaties
2739,inotrope
2740,behandelingsmogelijkheden
2741,extraheerden
2742,cardiomegalie
2743,fluorescent resonance
2744,mechanismen.1
2745,", hypertensie"
2746,steeds
2747,zorgverleners
2748,nauwkeuriger
2749,omzettingssnelheid
2750,kwartier
2751,werkingsmechanismen
2752,ms
2753,stimulator
2754,bij hypervolemische hyponatriëmie
2755,fysiologische
2756,kankerincidentie
2757,vervolg
2758,dihydropyrimidinedehydrogenase
2759,tandarts
2760,monotherapie
2761,aandoeningen
2762,werkdiagnose
2763,recidiefmyocardinfarct
2764,lisdiureticum
2765,onmisbaar
2766,circulatie
2767,verkleinen
2768,voor-achterwaartse
2769,calcium
2770,microcytair
2771,meebeoordeeld
2772,en redactioneel
2773,waarden
2774,speckle-tracking
2775,lijden.14
2776,perioperatieve
2777,ph
2778,immuunhistochemisch
2779,externe validatie
2780,nitraten
2781,congestief
2782,ß1-adrenerge receptor
2783,nader
2784,nierarteriestenose
2785,outcome
2786,thoraxfoto
