0,fœtus
1,décédés
2,néonatologues
3,critère cardiaque composite
4,cardiopathie ischémique
5,parois myocardiques
6,marqueurs alternatifs
7,syndrome du tako-tsubo
8,chronic heart failure
9,symptomatologie
10,nésiritide
11,binomiale
12,interpréter
13,dysfonction ventriculaire gauche
14,stimulation biventriculaire
15,reverse remodelling
16,interatrial
17,fibres myocardiques
18,auriculoventriculaire
19,réponse rénale
20,inhomogène
21,post
22,thiaminémie
23,pressions
24,démographique
25,endocardites infectieuses
26,américaines
27,lacunes
28,probantes
29,son
30,radiologiques
31,implantation
32,localisations
33,antalgiques
34,force musculaires
35,postpartum
36,tolérance de la grossesse
37,hôpital
38,ethniques
39,hyperéosinophilie
40,pseudovirale
41,médico-économiques
42,ruptures
43,machine
44,dyspnée
45,évidence
46,perçue
47,syndrome de leriche
48,génériques
49,étiologiques
50,non-diabétiques
51,perte de poids
52,fin de vie
53,introduits
54,pré
55,tension pariétale
56,hémocultures
57,analyse spectrale
58,oxydatives
59,éliminées
60,thromboembolique
61,calibrateur
62,évalué à long terme
63,lésions cardiaques
64,"r=0,57"
65,antibiothérapie
66,pessimisme
67,pathogénique
68,combler
69,découpée
70,épisodes aigus
71,débit pulmonaire
72,anthracyclines
73,endocarde
74,défibrillateurs cardiaques
75,point de vue
76,myocytes
77,autosomiques
78,mesurées
79,bloc auriculoventriculaire
80,21e
81,ondes p
82,troponine
83,électrolytes
84,observationnelle
85,histologie
86,énalapril
87,débit
88,reproductibles
89,lorraine
90,pondérale
91,musculaires
92,endothéliale
93,repos
94,surrénales
95,devons
96,hormone thyréotrope
97,embolisation percutanée
98,sance cardiaque
99,messager
100,coronaires
101,seuil de bnp
102,vitesse de propagation
103,hypotension
104,approche globale
105,obésité
106,prometteurs
107,obstructifs
108,tad
109,thérapeutiques
110,béribéri cardiaque
111,thrombi intraventriculaires gauches
112,néoplasique
113,car
114,sous
115,adipocyte
116,apnéiques
117,trans-mitral
118,affirmer
119,battement
120,bénignes
121,thrombi
122,événement embolique
123,agressifs
124,syndrome coronaire aigu
125,trastuzumab
126,coeur gauche
127,lymphomes
128,myxome de l' oreillette droite
129,transgénique
130,majoritairement
131,cardiomyopathie dilatée péripartum
132,aisé
133,amoindrie
134,échographie cardiaque
135,imputés
136,atteinte cardiaque
137,centres urbains
138,oppose
139,électriques
140,a.f.
141,exérèse chirurgicale
142,montrant
143,irradiation
144,diminuée
145,mal
146,internes
147,epidémiologie
148,insuffisants cardiaques diabétiques
149,communications
150,vasodilatateurs
151,covariables
152,primordial
153,bêta-bloquants
154,vagal
155,hyponatrémie chronique
156,oxydation
157,midodrine
158,coronaropathies
159,rétrospective transversale
160,physiopathologique
161,traitement
162,patientes
163,transfusion
164,tumeurs
165,stimulation épicardique
166,systèmes de soins
167,hypertensif
168,carotidien
169,myocardites
170,sous-jacente
171,foetale
172,propos
173,anormalités
174,production d' espèces
175,embolisation
176,ventriculographique
177,antécédent cardiaque
178,abordée
179,soins palliatifs
180,patiente
181,hyponatrémie
182,valve atrioventriculaire
183,enzymes musculaires
184,noire
185,facteurs
186,quatrième
187,dissection
188,anticorps
189,vecteurs
190,stimulateur cardiaque
191,étiologique
192,trachomatis
193,perte d' autonomie
194,trouble de développement
195,corporelle
196,méta-analyse
197,index cardiaque
198,calcium
199,hypertension
200,étude de framingham
201,sonde
202,vitales
203,enzymes cardiaques
204,streptocoque
205,unités de soins
206,études propectives
207,dilatée
208,soins à traiter
209,hypertensives
210,spécificités
211,écart-type
212,congénitales
213,commercialisées
214,filtrations
215,amyloïdose
216,obser
217,détection
218,analyses univariée
219,exagérée à la vasoconstriction induite
220,hypertrophie
221,décennies
222,eau
223,épaisseur
224,glycolipides
225,neurologique
226,bloc auriculo-ventriculaire complet
227,trichrome masson
228,présomption
229,syndrome de meadows
230,coeur
231,dérivés nitrés
232,efficacité
233,peptide natriurétique cérébral
234,circulant
235,notion
236,défibrillation
237,test de marche
238,apparition
239,oculaire
240,angineux
241,pathie
242,occlusion
243,hormones thyroïdiennes
244,systèmes vasodilatateurs
245,retest
246,appendu
247,prostacycline
248,pro
249,inflammation
250,bêtabloqueur
251,fibreux
252,naissances
253,anasarque
254,concentration de bnp
255,antithrombotique
256,rares
257,pré-probnp
258,essor
259,fibrose endomyocardique
260,oral
261,hypotension orthostatique
262,gine
263,peropératoires
264,macrocranie
265,boîtiers de petite taille
266,intra-utérins
267,rallonger
268,cardiopathies hypertensives
269,est
270,temps d' attente
271,vasodilatatrice
272,réadmission
273,tableau clinique
274,histologique
275,thrombus apical ventriculaire gauche
276,peptides
277,syncopal
278,bloc auriculo-ventriculaire
279,déterminantes
280,côte d' ivoire
281,long
282,risque
283,réopérer
284,toux
285,anti-chronologique
286,fibrose interstitielle
287,interquartile
288,défibrillateur cardiaque
289,adénopathies médiastinales
290,du rythme
291,dysfonction neurohormonale
292,stade terminal
293,localisé
294,inadvertance
295,infiltration lymphoplasmocytaire biventriculaire
296,nourrisson
297,agissait
298,hypothyroïdie
299,bolus
300,identifiée
301,significative
302,maladie de mönckeberg
303,ß-bloquants
304,traitement médical
305,séro-positive
306,myalgies
307,hydralazine-isosorbide
308,syndromes
309,approche du traitement
310,intratumorale
311,protéines pariétales
312,oncopédiatre
313,nécropsiques
314,radiothérapie
315,transfusés
316,hypertendu
317,sous-utilisés
318,cinquième
319,médicamenteux
320,enzymes
321,morbidité
322,préservation
323,paroi du ventricule gauche
324,muqueuses digestives
325,bisoprolol
326,thérapie génique
327,défaillance
328,angioplastie
329,lésions carcinoïdes
330,excrétion urinaire
331,échographiques
332,postéro-inférieure
333,sa
334,septique
335,significatif
336,signification
337,autonomie
338,constamment
339,ccc
340,compétence
341,consultation
342,souffrant
343,pu
344,courbe d' apprentissage
345,transition
346,œdème
347,dominantes
348,écoulées
349,in
350,stress émotionnel
351,décèdent
352,n=12
353,morbide
354,mcdi
355,reproductible
356,fistules
357,anse de henle
358,plage
359,intraventriculaire
360,scores globaux
361,réadaptation
362,essouffle
363,immunodéficience
364,circulatoire
365,médicaux
366,contre-traduits.
367,dénutrition
368,analyse
369,péricardites
370,artérielle
371,fonction systolique
372,étude descriptive
373,greffé
374,fraction d' éjection ventriculaire
375,anormaux
376,constance
377,complété
378,facteur
379,temporaire
380,prennent en charge
381,isolation
382,5fu
383,parcourue
384,implantable
385,marqueur
386,sérologie
387,tumeurs cardiaques
388,dépression
389,systématique
390,staphylocoque
391,bloc de branche gauche
392,intra-ventriculaires
393,saharienne
394,ischémiques
395,orthostatique
396,vasodilatation
397,rétroaction
398,hypo-oncocitémie
399,thérapie
400,test de six minutes
401,méthode de holter
402,stimulus volémique
403,digitalique
404,transplantation cardiaque
405,ventri
406,hormone antidiurétique
407,coronarographie
408,survenus
409,superposé
410,antihypertenseur
411,révélatrices
412,cardiopathies ischémiques
413,télésurveillés
414,activation
415,système rénine–angiotensine–aldostérone
416,dupliqué
417,reins
418,pourvoyeuses
419,retrouvait
420,excédentaire
421,remplissage ventriculaire
422,tolérance
423,dotés de cette propriété
424,compression cardiaque
425,bilan
426,modification
427,ur
428,sévère
429,amiodarone
430,majeurs
431,protéines
432,rapprochant
433,étude rétrospective transversale descriptive
434,mono
435,mustic
436,sélectif
437,natriurétique
438,maladies
439,pressions de remplissage
440,transduction des signaux
441,coronarienne
442,facteur de risque
443,médecine générale
444,pas
445,intervalle qt
446,risque de prématurité
447,inotropes
448,endoprothèses coronaires
449,revascularisation myocardique
450,héparine de bas poids moléculaire
451,actifs
452,thiamine
453,centre médicochirurgical
454,répercussions
455,séquestration pulmonaire
456,radiographique
457,électrocardiogramme de repos
458,étude etics
459,poumon
460,détresse respiratoire
461,équivalentes
462,endomyocardiques
463,chronique
464,cause
465,antitumoraux
466,décrivons
467,éprouvés
468,souffle
469,majeures
470,cardiologie
471,meme
472,logique
473,plasmatiques
474,tricuspide
475,résonance magnétique
476,micro-angiopathie
477,classiques
478,étendu
479,thoracotomie
480,étendues
481,différentielle
482,en
483,inhibiteur
484,vivants
485,traitements
486,activation sympathique
487,rentables
488,non valvulaire
489,molécules aquarétiques
490,chlamydia
491,inexorablement
492,adénome toxique
493,mitral
494,syndrome de churg-strauss
495,digitalodiurétique
496,délétères
497,défibrillateur automatique implantable
498,aa
499,traumatique
500,transfert génétique
501,facteurs de croissance
502,éloignement
503,torpide
504,cinétique
505,récessives
506,condition
507,endocavitaire
508,améliorent
509,champ
510,syndrome coronarien aigu
511,bradycardie
512,chirurgical
513,syndromes coronariens aigus
514,démarche éducative
515,aigu
516,identifié
517,aps
518,valvulaires
519,expression
520,régression logistique
521,lipomes
522,morbimortalité
523,rénale
524,péri
525,cardiotoxicity
526,définir
527,pic de vo2
528,exacerbations
529,utérine
530,300pg
531,177000fcfa
532,diagnostic
533,tumeur carcinoïde métastatique
534,aha
535,sécrétée
536,facteur socio-économique
537,rendant
538,homocystéine
539,tolérant
540,neuro-hormonale
541,spécialistes
542,normales
543,détriment de la sécurité
544,antibiotique
545,esthétique
546,artériopathie
547,incertain
548,squelettiques
549,extracorporelle
550,toxicité
551,reçoivent
552,sarcome
553,radiographie thoracique
554,fil du temps
555,documenter
556,caractérisée
557,cardiopédiatres
558,stimulateur cardiaque biventriculaire
559,admissions
560,surinfection
561,myocardite
562,analyse a
563,hypokinésie ventriculaire gauche
564,carcinoïde
565,insuffisance cardiaque fœtale
566,marqueurs de sévérité
567,pronosgtic
568,obèses
569,lésions neurologiques
570,μg
571,résistine
572,malaise
573,diminué
574,comorbidité
575,obstétricales
576,mort non subite
577,greffe cardiaque
578,mortalité
579,accidents
580,choc
581,myocardiopathies
582,cardiomyopathie inexpliquée
583,humeur
584,interindividuelle
585,199s
586,roc
587,vitesse systolique
588,survenu
589,traitement de fond
590,déplacements
591,maladies cardiovasculaires
592,met
593,neuropédiatres
594,rhabdomyomes
595,vieillard
596,cardio-vasculaire
597,revascularisation coronaire
598,infections
599,dysmétabolismes
600,allonger
601,fonctionnelles
602,vieillissement
603,libéraux
604,malade
605,reproductibilité
606,dilatation
607,cardiorénal
608,électrodes
609,amlodipine
610,hta
611,thromboemboliques
612,stimulateurs cardiaques
613,stimulation
614,cellulaires
615,stades de sévérité
616,épidémiologique
617,vieillissante
618,artériel
619,agressions
620,et
621,cellulaire
622,multicentriques
623,congénitaux
624,subi
625,biologiques
626,recherche de grande envergure
627,pronostiques
628,choc de pointe
629,organes
630,adiastolie
631,breast cancer
632,développement socio-économique
633,artériosclérose
634,opérés
635,systolique
636,assistance
637,soit
638,ms
639,bévacizumab
640,qualité de vie
641,si
642,pointe
643,fonction respiratoire
644,recombinant
645,maladies neurologiques
646,symptôme
647,polyarthrite destructrice
648,élévation de seuil
649,maladies cardiovascule
650,intra-veineuse
651,intra
652,patience
653,dialysé
654,bronchique
655,cardiaques
656,risque d' effets
657,standardisation
658,buts
659,assurance-maladie
660,pompes
661,segmentaire
662,suscité
663,patients
664,cesse de croître
665,agissait de remplir
666,classe igm
667,ni de fuite valvulaire
668,mesurés
669,malignes
670,maladie aortique
671,classe ii
672,ou
673,rechercher
674,visant
675,retentissement
676,arthrites
677,inappropriés
678,comorbidités
679,chirurgie cardiaque
680,β-bloquant
681,post-charge
682,adolescent
683,cardiomyopathie dilaté
684,alimentaire
685,testostérone améliore
686,hôpitaux
687,décubitus
688,doppler
689,accidents cerebrovasculaire
690,stable
691,surcharge de pression
692,désensibilisation
693,pharmaciens
694,strain systolique
695,morphologiques
696,sélénium
697,éliminé
698,polymédicamenté
699,théories
700,troubles de conduction
701,sécrété
702,péri-opératoires
703,oreillette droite
704,abcès cardiaques para-annulaires
705,pathologiques
706,régurgitation valvulaire
707,polynucléaires neutrophiles
708,initiation
709,conditions
710,syndrome d' épuisement vital
711,agents alkylants
712,cardiogène
713,visent
714,aiguës
715,liée a
716,courte durée
717,neuro-hormonaux
718,artère rénale
719,insuffisance cardiaque intra-utérine
720,aiguë diastolique
721,avérée
722,fistule coronarocardiaque
723,iodée
724,indépendant
725,glycémie améliore
726,thoraciques
727,séquence
728,spironolactone
729,seize
730,pontage aortocoronarien
731,5-fluoro-uracile
732,agisse
733,point de comparaison
734,congestifs
735,prédialysé
736,suivi
737,tonus
738,entourées
739,pompe cardiaque
740,antiarythmique
741,maladie de système
742,hémorragiques
743,syncopes
744,médication
745,intraopératoire
746,femmes
747,anatomie
748,activer
749,ancrée
750,gênées fonctionnellement
751,mgldl
752,régressive
753,contractile
754,post-ischémique
755,métabolites
756,ventilation
757,soins de la somme
758,atteinte cardiaque chronique
759,diastolique isolée
760,centrer
761,prescripteurs
762,avalent
763,fibroblastes
764,appareil circulatoire
765,élève
766,intra-vg
767,athérosclérose
768,normalisation
769,constriction péricardique
770,entité
771,imagerie non invasive
772,cardiopathie
773,syndrome d' apnées du sommeil
774,rémission
775,anti-aldostérone
776,constrictive
777,pronostic
778,diurne
779,rupture
780,néonatale
781,multidisciplinaires
782,analyse du fonctionnement
783,échocardiographies
784,système nerveux sympathique
785,corporel
786,arythmies
787,angioscintigraphie
788,médicale
789,cim-9
790,affiliation
791,galectine-3
792,septal
793,myocardite fulminante
794,tube
795,incidence
796,viraux
797,basses
798,porté
799,coronaro-ventriculographie
800,capacité réelle
801,infectieuse
802,diète
803,hémopathies
804,physiologie
805,méthodologiques
806,cytokines
807,fraction d' ejection
808,tolérance d' injections
809,système de soins
810,réglons
811,endocardite de lôffler
812,corrélée
813,atteintes de cmh
814,adapter
815,bas
816,gy
817,hospitalisations
818,tissu
819,intolérances
820,transrénale
821,hypertendus
822,bloc atrio-ventriculaire
823,hormonale
824,valeurs kappa
825,technologie
826,prospective
827,impédance
828,asymptomatiques
829,mixte
830,réanimateur
831,basiques
832,congénitale
833,embolie
834,centrales
835,organe
836,agressive
837,apposition
838,sodium
839,évolution
840,impérative
841,séquelle
842,insuffisance rénale aiguë
843,médicaments
844,sumatriptan
845,pédiatrie
846,isolée du ventricule gauche
847,dysfonction systolique
848,âgés.
849,trompeuses
850,hémangiomes
851,dérivations
852,dysfonction cardiaque diastolique
853,multidisciplinaire
854,chirurgicales
855,thies
856,dilatation du ventricule droit
857,peptides natriurétiques
858,thromboses intracardiaques
859,centre hospitalier général
860,angine
861,inhibiteurs de tyrosine kinase
862,hyposodé
863,bloc
864,prescription
865,familiale
866,initiaux
867,faisabilité
868,énergie
869,endothéliales
870,galop protodiastolique
871,classe iii
872,tumeurs bénignes
873,affection circulatoire
874,africain
875,déclampage
876,suppléance
877,décompensée
878,molécules
879,baby-boom
880,salé
881,hémodynamique droite
882,myocardiopathie dilatée idiopathique
883,blocage du système rénine-angiotensine
884,irm
885,soins de confort
886,lésions endocarditiques
887,rendement
888,déoxyribonucléotide terminale
889,négatives
890,somnologues
891,cm2
892,pente
893,du récepteur minéralocorticoïde
894,corrige
895,naturelles
896,hématopoïétiques
897,viscérales
898,hypotension artérielle réfractaire
899,indicateurs du statut nutritionnel
900,altération
901,étude rétrospective
902,chirurgicaux
903,thyrotoxicose
904,systole auriculaire
905,aveugle
906,on
907,âgées
908,fraction d' éjection ventriculaire gauche
909,standardiser
910,masse non grasse
911,double évaluation
912,dilatation ventriculaire droite
913,ventricule
914,épaississement
915,globalité
916,scanner
917,dysfonctions ventriculaires
918,nébuleuse
919,complexe
920,graves
921,gémellaire
922,lésion coronaire droite
923,accident vasculaire ischémique
924,hyperthyroïdie
925,intra-cardiaque
926,coronaire droite
927,classes fonctionnelles
928,urine
929,aire
930,fil
931,dysfonctions organiques
932,pénurie de moyens
933,protéolyse
934,capacité d' effort
935,insulinorésistantes
936,cardiologues
937,patient
938,pulmonaires
939,n=17
940,circulation sanguine
941,étiopathogénie
942,germe
943,circulation
944,thyroïdectomie
945,sous-groupe
946,extrêmes
947,diastole
948,liée
949,appareil
950,psychomoteur
951,ventriculaire gauche
952,secondaire
953,"plage de 0,39"
954,traitements de base
955,biopsier
956,cardiomyopathie hypertrophique
957,améliore
958,diagnostiquées
959,électrocardiographique
960,développant
961,révéla-tion
962,perméabilité
963,biopsie endomyocardique
964,prédilection
965,mitro-aortiques
966,angiomes
967,quant
968,chirurgie valvulaire
969,oxygène
970,glucose
971,primordiale
972,empirique
973,antihypertenseurs
974,conditions de vie
975,icb
976,anticytoplasme
977,face
978,relaxer
979,rénal
980,infectieuse aortique a-t-elle
981,rr
982,déterminant
983,sous-jacents
984,sang
985,vivo
986,isotopiques
987,sensibilité
988,défaillance cardiaque
989,rétention chronique
990,spécifique
991,adulte
992,suraiguë
993,rattachée
994,implications
995,hyperpigmentation cutanée
996,infarctus du myocarde
997,dysfonction systolique ventriculaire
998,centre hospitalier
999,min-1
1000,cérébrale
1001,soins
1002,implanter
1003,somnolence
1004,soins paraît
1005,rein
1006,antécédents thromboemboliques
1007,classification
1008,objectiver
1009,centre de chirurgie cardiaque
1010,mécanismes de transition
1011,détecter
1012,place
1013,récidive
1014,fistule coronaire
1015,signal
1016,tolérables
1017,rendu de résultat
1018,endormir
1019,absence d' anomalies
1020,shunts
1021,cardiomyopathie décompensée
1022,identification de critères
1023,enceinte
1024,morts
1025,tsm
1026,créneaux
1027,biopsies
1028,laissent
1029,dosage du bnp
1030,opérer
1031,irréversible
1032,chirurgien
1033,mesures de poids
1034,cardioversion
1035,hétérogènes
1036,conduction
1037,hémiplégie
1038,salée
1039,significativement
1040,tertiaire
1041,autopsiques
1042,anévrisme
1043,hygiénodiététiques
1044,androgénique
1045,assistances
1046,fistule aorto-cave distale
1047,lien de causalité
1048,fibromes
1049,dysplasie
1050,déterminée
1051,enquête transversale
1052,insuffisamment dépistés
1053,insuffisants cardiaques chroniques
1054,traitements antiangineux
1055,cardiovasculaire
1056,coronaropathie
1057,qualité
1058,circulatoires
1059,réhospitalisation
1060,thrombus adhérant
1061,souffrances cérébrales
1062,pré-implantation
1063,vasodilatation périphérique
1064,majore
1065,palliative
1066,cardiopathie carcinoïde
1067,n=3803
1068,nos
1069,fibrose
1070,distensibilité passive
1071,insuffisance
1072,soupçonne
1073,maladies chroniques
1074,nodule
1075,dépister
1076,santé
1077,adipeuse du myocarde
1078,angiographie cérébrale
1079,trouble de conduction
1080,infarctus
1081,mco
1082,porteuse
1083,scannographie
1084,oxymètres
1085,paraclinique
1086,marqueur de gravité
1087,cardiomyopathies hypertensives
1088,clinicien
1089,infrahissien
1090,variabilité
1091,glyqués
1092,matrice
1093,contrecarrer
1094,hypertension artériellle
1095,étiopathogéniques
1096,mesurer
1097,versitaire de brazzaville
1098,trouble
1099,élimine
1100,fœtales
1101,tolérée
1102,remplissage vasculaire
1103,électrocardiographiques
1104,se
1105,primitives
1106,psychologiquement
1107,remodelage cardiaque
1108,insuffisance cardiaque globale
1109,excentrique
1110,méta-analyses
1111,aborderons
1112,radiographie pulmonaire
1113,caractéristique
1114,enfance
1115,incapacités
1116,impesait
1117,élucidée
1118,hernie discale lombaire
1119,agents
1120,asymptomatique
1121,pathophysiologique
1122,cancers du sein
1123,sensibilisateur
1124,survenue
1125,isolées
1126,muscle cardiaque
1127,âgés
1128,accélération
1129,traitement conventionnel
1130,veines
1131,cardiomégalie radiologique
1132,couplée
1133,ultérieure
1134,sacrococcygien
1135,endopeptidase
1136,pic de la vo2
1137,pression artérielle
1138,régresser
1139,élevée.
1140,entraînement
1141,ecg
1142,synthétisé
1143,bioprothèse
1144,progression
1145,dimension
1146,bactériologique
1147,spécificité
1148,éducation
1149,induit
1150,myocytes cardiaques
1151,héréditaire
1152,schémas
1153,compliance
1154,imagerie morphologique
1155,medicaux
1156,accidents vasculaires cérébraux
1157,préservée
1158,sélective de contrôle
1159,du bnp
1160,ventriculaire droite
1161,délai d' apparition
1162,sexe
1163,contre-indication
1164,bloc complet
1165,séjour
1166,catabolisme
1167,modérée
1168,voire vital
1169,maladie de whipple
1170,heart failure
1171,inhibiteurs
1172,sains
1173,isoprotérénol
1174,expansion volémique
1175,rééducative
1176,inhibiteurs calciques
1177,hémorragie aiguë
1178,volumes
1179,ultérieur
1180,déterminants socio-démographiques
1181,émis
1182,oncotique plasmatique
1183,chlorthalidone
1184,embole
1185,qualité de vle
1186,igg
1187,aspirine
1188,assurance de la qualité
1189,probnp
1190,intra-aortique
1191,iec
1192,hplc
1193,phase
1194,décès
1195,croître
1196,rhumatisme psoriasique
1197,ľétiologie
1198,seuil de positivité
1199,cyanose
1200,plasma
1201,adipeux
1202,syndrome d' apnées-hypopnées
1203,évaluation de ce nouveau
1204,immunosuppresseur
1205,asa-1
1206,tachycardie à complexes
1207,lésion médiastinale
1208,second
1209,maternelle
1210,échantillon
1211,épidémiologie
1212,prenantes
1213,nitrés
1214,traitement satisfaisant
1215,pression
1216,sclérose
1217,hypertrophie cardiaque
1218,cardiomyopathie ischémique
1219,pneumologique
1220,sévères
1221,transculturelle
1222,6e
1223,est-ce
1224,épidémie
1225,médicament
1226,insuffisance cardiaque.
1227,post-hospitalière
1228,défaillances
1229,complication
1230,laryngée
1231,indiquant
1232,insuffisant
1233,toxocarose
1234,atteintes cardiaques
1235,artère coronaire
1236,réabsorption
1237,oedemes périphériques
1238,amsacrine
1239,inhibiteurs de la synthèse
1240,pioglitazone
1241,insuffisance ventriculaire gauche
1242,isolée
1243,conférence de consensus
1244,systèmes
1245,maladie coronaire
1246,précliniques
1247,thérapeutique
1248,dysfonction ventriculaire
1249,venus
1250,divisés
1251,obstructives
1252,métabolisme
1253,tumeur
1254,médecins urgentistes
1255,gêne
1256,valve aortique
1257,biochimique
1258,joint
1259,rapides
1260,protéines contractiles
1261,ère
1262,constitution
1263,il
1264,angiotensine
1265,souffle cardiaque
1266,eu
1267,exérèse
1268,insuffisants cardiaques
1269,abcès
1270,masse intra-auriculaire droite
1271,insuffisance aortique
1272,universelle
1273,orthotopique
1274,immunomodulatoire
1275,amyloïdose sénile
1276,bloquée
1277,probabilité
1278,tachyarythmie
1279,univentriculaire
1280,adaptation
1281,cardiothyréose
1282,cérébraux
1283,éjection du ventricule gauche
1284,périopératoires
1285,prise
1286,rôle crucial
1287,pré-pectorale
1288,cicatricielle
1289,trompeur
1290,séronégative
1291,150 μmol·l–1
1292,pharmacologique
1293,pluridisciplinaire
1294,ventilation non-invasive
1295,démographiques.
1296,héparine
1297,cardiaque
1298,inhibition
1299,sous-ensemble de données
1300,testostérone
1301,divers
1302,gcest
1303,index de masse corporelle
1304,état
1305,récepteurs
1306,fibroblastique
1307,évoluer
1308,système rénine-angiotensine
1309,prédicteurs
1310,"r=-0,55"
1311,déplacement de sondes
1312,négligée
1313,léthalité
1314,survenant
1315,géogra
1316,veille
1317,mortem
1318,récepteur
1319,pédiatres
1320,remplir
1321,ventricule gauche
1322,éthiques
1323,adaptations
1324,fébrile
1325,sclérose en plaques
1326,atteinte neurologique périphérique
1327,supérieur gauche
1328,localisés
1329,myxome
1330,dermatoarthrite lipoïdique
1331,échographique
1332,stables
1333,goitre compressif
1334,castration
1335,faibles
1336,myocarde
1337,insuffisance cardiaque de novo
1338,du
1339,centre de réadaptation
1340,as
1341,prurigineux
1342,stimulateur
1343,equipments
1344,dipyridamole-thallium
1345,ml
1346,évoqué
1347,furosémide plasmatique
1348,insu
1349,tachycardie ventriculaire
1350,maladie thromboembolique
1351,double
1352,test d' exercice
1353,hypertensive
1354,utero
1355,médicalisation
1356,cardiomyopathie
1357,relayé
1358,endocardite infectieuse
1359,prescrits
1360,peptide natriurétique
1361,maladie de basedow
1362,périphériques
1363,noradrénaline
1364,écho-doppler
1365,insuffisance cardiaque diastolique
1366,échocardiographie transthoracique
1367,atteint
1368,mécaniques
1369,malformations atrioventriculaires
1370,toxicity
1371,absorption
1372,ďêtre
1373,apex
1374,secondaires
1375,atteint d' ic
1376,dysfonction
1377,abcès cardiaques
1378,leucémies
1379,médecins de famille
1380,boom
1381,thérapie cellulaire
1382,externes
1383,antécédents
1384,charge
1385,modalité non effractive
1386,boissons
1387,soins ambulatoires
1388,norépinéphrine
1389,affecte
1390,somatique
1391,contre-pression
1392,épreuve
1393,oreillettes
1394,neurologiques
1395,protéomique
1396,du ventricule gauche
1397,insuffisance du myocarde
1398,chirurgicale
1399,prescrite
1400,volume
1401,infracellulaires
1402,mitraux
1403,traitement spécifique
1404,insuffisance cardiaque réfractoire
1405,médicales
1406,moelle osseuse
1407,défibrillateur
1408,stimulation cardiaque
1409,pathologie
1410,centre médical
1411,peptide natriurétique de type-b
1412,amyloïde
1413,dépistés
1414,strain
1415,comblement
1416,hypertrophie ventriculaire gauche
1417,inhibition du ras
1418,pathogène
1419,bénéfiques
1420,rythme réciproque
1421,consultant
1422,hypertension artérielle
1423,but de l' étude
1424,reconnu
1425,n=1514
1426,infectieux
1427,diagnostiquée
1428,indice de masse corporelle
1429,susceptible
1430,perte d' efficacité
1431,ordinale
1432,part aléatoire
1433,ralentir
1434,multivariée
1435,angio-œdème
1436,rechute
1437,réticulohistiocytose multicentrique
1438,fonction ventriculaire gauche
1439,culaire
1440,micro-éveils
1441,ischémie myocardlque
1442,âgé
1443,séquestrationextralobaire
1444,immuomarquage
1445,facteur rhumatoïde
1446,aiguillés
1447,médicothérapie
1448,clampage
1449,confond
1450,excrétion
1451,sphinglopidose
1452,stratification
1453,abaisser
1454,spectre
1455,sténose aortique
1456,hypertrophie cardiaque gauche
1457,fonction systolique diminuée
1458,interventionnels
1459,inexpliquée
1460,néonataux
1461,questionnaire de goldman
1462,veines pulmonaires
1463,étude qualitative
1464,associer de principe
1465,sinusale
1466,silencieux
1467,captopril
1468,urgentiste
1469,ment
1470,mimant
1471,expérimental
1472,insuffisance cardiaque
1473,sinus coronaire
1474,autodétermination
1475,retraite
1476,paracliniques
1477,tumeur cardiaque
1478,myocardiques
1479,pathologie inflammatoire
1480,somme
1481,myofibrilles
1482,oncologues
1483,tapis
1484,digestive
1485,précordiales
1486,cardiomyopathie du péripartum
1487,sèche
1488,cim
1489,3e
1490,cd8
1491,antagoniste
1492,hémorragies cérébrales
1493,htap
1494,décompensées
1495,thromboses intraventriculaires
1496,risque de chute
1497,sous-groupes
1498,majorer
1499,adénoviraux
1500,myocardite à éosinophiles
1501,tranche
1502,myopotentlels
1503,méthode structurée
1504,type b
1505,antagonistes
1506,bilatérales
1507,central
1508,statines
1509,hypo-osmolarité plasmatique
1510,infectieuses
1511,intra-thoraciques
1512,myélinolyse centropontine
1513,ligature
1514,auricule gauche
1515,précipitants
1516,manifestation
1517,pré-mortem
1518,bosentan
1519,mère
1520,cardiaque droite
1521,sécrétion
1522,insuffi
1523,foetaux
1524,flux sanguin
1525,surveillance cardiaque
1526,délai
1527,tachycardie jonctionnelle permanente
1528,noradrénaline plasmatique
1529,français
1530,anesthésie générale
1531,généraux
1532,pile
1533,évacuation
1534,malformation
1535,pouvaient
1536,anticoagulation
1537,coronaire gauche
1538,reflux télédiastolique
1539,convaincants
1540,anti-vitamines
1541,sodé
1542,fardeau
1543,fréquemment
1544,thérapie vasodilatatrice
1545,bris de sonde
1546,vées
1547,ponts
1548,thrombolytiques
1549,non-peptidiques
1550,traumatismes
1551,sein
1552,complications
1553,induits
1554,fibrillation atriale
1555,identification de nouveaux
1556,collagène
1557,hypothèse
1558,susceptibles
1559,corrélées
1560,oxygène d' appoint
1561,admis
1562,insuffisances cardiaques
1563,dynamique
1564,maximale de l' effort
1565,diffusion
1566,décroît
1567,non-spécialistes
1568,réversibles
1569,alternative
1570,radiologique
1571,posologie
1572,incapacité
1573,aorte
1574,fonction systolique d' éjection conservée
1575,déformation myocardique
1576,double chambre
1577,protéine bcl-2
1578,auriculo-ventriculaire complet
1579,clivage
1580,examen rétrospectif
1581,"p=0,001"
1582,syndrome de takotsubo
1583,mâles
1584,anamnèse
1585,shunt
1586,neuropathie cardiaque
1587,amélioré
1588,insuffisance cardiaque terminale
1589,temps de surveillance
1590,atteinte médiastinale
1591,récidives
1592,abaisse
1593,tachycardies
1594,protéine
1595,sous-clavière
1596,poussées
1597,endocarditiques
1598,intervalle de confiance
1599,batts
1600,élimination
1601,comas
1602,hyperchromique
1603,cnamts
1604,bétabloquants
1605,antiprolifératif
1606,traitement immédiat
1607,burkina faso
1608,vitamine d
1609,concentrique
1610,créatinine
1611,coma
1612,hypertrophique
1613,volumineux
1614,péricardique
1615,stimuli
1616,centres français
1617,insuffisance coronaire
1618,électroencéphalogramme
1619,décrite
1620,tricuspidien
1621,corollaire
1622,alcoolisme
1623,n=93
1624,nitroglycérine
1625,insuffisance cardiaque systolique
1626,abdomen
1627,débit cardiaque de repos
1628,analyse binaire
1629,plaquettes
1630,littératur
1631,natriuretic peptide
1632,remodelage
1633,localisation
1634,vieillissement cardiaque
1635,paramédicaux
1636,transoesophagienne
1637,ruraux
1638,dysfonctions neurocognitives
1639,classe iv
1640,dysfonction myocardique
1641,aldostérone
1642,rémittente sévère
1643,peptide b natriurétique
1644,millimètre
1645,renouveler
1646,interaction
1647,valsartan
1648,cardiomyoplastie cellulaire
1649,hospitalisée
1650,anomalies
1651,fonction
1652,cerebrovasculaire
1653,immunologiques
1654,600fca
1655,symptomatique
1656,veine
1657,rétention hydrosodée
1658,remplacement
1659,natriurèse
1660,ruptores
1661,double aveugle
1662,vasoconstricteurs
1663,courantes
1664,fœtale
1665,aidants
1666,humaines
1667,implantables
1668,revêtir
1669,trompeurs
1670,rigoureux
1671,traitements spécifiques
1672,cliniciens
1673,études de la période
1674,observation
1675,apte
1676,étiologies
1677,obstétricale
1678,planification du congé
1679,anp
1680,npr-a
1681,sepsis
1682,oedemes
1683,dilaté
1684,industrialisés
1685,fréquence cardiaque
1686,après-midi
1687,atteinte thyroïdienne
1688,enzyme de conversion
1689,dysplasie ventriculaire droite arythmogène
1690,diminution de l' activation
1691,pronostique
1692,tissu cicatriciel
1693,partielles
1694,polymorphisme
1695,isolément
1696,diamètre
1697,syndrome cardiorénal
1698,vital
1699,thorax
1700,filtration glomérulaire
1701,cachexie
1702,optique
1703,vus à domicile
1704,cyclophosphamide
1705,exposition
1706,stimulant
1707,la
1708,fraction
1709,flux
1710,chu
1711,marche
1712,études antérieures
1713,coeur artificiel total
1714,morbi-mortalité
1715,joue
1716,insuffisance cardiaque de classe ii
1717,maladaptées
1718,valeur prédictive négative
1719,χ2
1720,rare
1721,dt2
1722,tachycardies jonctionnelles
1723,arythmie
1724,péricardectomie
1725,persistante
1726,contrôle de la fréquence
1727,classe de killip
1728,isomérisme gauche
1729,peripartum
1730,obtention
1731,inhibiteurs du mtor
1732,essais de prévention
1733,stimulation atriobiventriculaire
1734,idiopathiques
1735,méthodologie
1736,hétérotopique
1737,rétablis
1738,électromécaniques
1739,diurétique de l' anse
1740,tension
1741,régression logistique multivariée
1742,endoveineuse
1743,statistique
1744,calciques
1745,pistes
1746,adénosine
1747,génèrent
1748,tumeurs thoraciques
1749,croissant
1750,soigner
1751,prise d' anorexigènes
1752,antéroseptales
1753,entourage
1754,antiplaquettaires
1755,valvulaire aortique
1756,hormones
1757,préopératoires
1758,élévation de la masse grasse
1759,impédancemétrie
1760,échographie
1761,sanguines
1762,cystatine
1763,oligurie
1764,extension
1765,fatigue
1766,paires de données
1767,démasqué
1768,vieillissement de la population
1769,diminution de la masse
1770,thérapies
1771,ordre d' importance
1772,infarctus myocardique
1773,contre-indications
1774,liquide
1775,papulonodulaire
1776,congestion veineuse
1777,cave
1778,démographiques
1779,circulantes
1780,réduisant
1781,syndrome d' apnées-hypopnées obstructives
1782,hypertension artérielle pulmonaire
1783,tachycardie ventriculaire paroxystique
1784,sévère de myocardite
1785,réversible
1786,résistant
1787,placard
1788,sériques
1789,stéroïdes
1790,hypercapnie
1791,éducative
1792,bêtabloquant
1793,corrélation
1794,urémique
1795,permi
1796,consécutives
1797,cancers
1798,t-elle
1799,infestation
1800,vascularisation
1801,péripartum
1802,ventricule droit
1803,induites
1804,forts
1805,organiques
1806,planimétrie
1807,rang
1808,troubles du rythme
1809,mécanique
1810,moitié
1811,phosphodiestérases
1812,réfractaires
1813,étude prospective
1814,an
1815,sera
1816,hommes
1817,enceintes
1818,fonction systolique préservée
1819,oxygénothérapie
1820,métastatiques
1821,essentiels
1822,typique
1823,veineux
1824,écarter
1825,ischémie myocardique
1826,non
1827,tensionnelles
1828,angor
1829,cardiovasculaires
1830,hétérogénéité
1831,insuffisances mitrales fonctionnelles
1832,duodénales
1833,pharmacologie
1834,recepteurs alpha
1835,hypertrophie ventriculaire
1836,traitement impose
1837,traduction
1838,arythmies ventriculaires
1839,inapparente
1840,endocardite
1841,dialyse péritonéale
1842,epical
1843,fistule
1844,prescriptions
1845,tuniques
1846,thrombose droite
1847,prévalences
1848,centre hospitalier universitaire
1849,médecin généraliste
1850,bronchopneumopathie obstructive chronique
1851,thrombophlébite
1852,récepteurs de l' angiotensine
1853,arrêté de prendre
1854,déviation
1855,sud
1856,index de masse
1857,stimulation cardiaque double chambre
1858,analyse rétrospective
1859,hmg
1860,mesure de la composition
1861,hormone
1862,soins de fdv
1863,atteinte valvulaire
1864,récupéré
1865,aggrave
1866,prescripteur
1867,ampoule de galien
1868,dépit de progrès
1869,décennie
1870,intrapleurales
1871,fonction rénale
1872,péjoratif
1873,thrombose intracardiaque
1874,fonction systolique ventriculaire gauche
1875,danger
1876,aiguë à fonction systolique conservée
1877,hémangiome
1878,icd
1879,agents sympathicomimétiques
1880,validité
1881,bénéfique
1882,médecin
1883,échocardiographie
1884,douze
1885,polygraphie
1886,immédiat
1887,âge
1888,ventriculaire droite arythmogène
1889,auriculo-ventriculaire
1890,congestive
1891,dyspnée aiguë
1892,intra-rénale
1893,montré
1894,lymphocytes
1895,système de conduction
1896,colligées
1897,intervention
1898,fièvre
1899,aériennes
1900,subite
1901,rsus
1902,myocardiopathie
1903,lésions valvulaires
1904,cliniques
1905,diagnostiquer
1906,justification
1907,hyperkinésie basale
1908,bloc de branche
1909,défibrillateurs
1910,bêta bloquants
1911,hypothèses
1912,médecine interne
1913,cardiologique
1914,dépit de leur efficacité
1915,plaques
1916,fonction cardiaque
1917,intriquées
1918,rapprochent
1919,fibrillation ventriculaire
1920,anténatale
1921,obèrent
1922,tumeur bénigne
1923,diamètres
1924,prescrit
1925,nord
1926,éliminer
1927,insuffisants
1928,progressive
1929,oreillette
1930,diastoliques
1931,macrophages
1932,resynchronisation
1933,extrasystole ventriculaire
1934,coefficient de corrélation intraclasse
1935,hypoxies
1936,myocarde infarci
1937,embolisations
1938,rfc
1939,ac
1940,sujets à risque
1941,bpco
1942,sarcomes
1943,entretien
1944,fols
1945,profonde
1946,classe il
1947,stimulation double chambre
1948,abcès para-annulaires
1949,diurétiques
1950,endocardite fibroblastique
1951,maladie chronique
1952,cardiomégalie
1953,gauche
1954,l'
1955,hydroélectrolytique
1956,cardiowest
1957,démence
1958,new york heart association
1959,veineuse
1960,micro-immunofluorescence
1961,approche structurée
1962,asystolie
1963,hypertrophier
1964,subitement
1965,intoxications
1966,doppler cardiaque
1967,diététiques
1968,nécrose myocardique
1969,déshydratation
1970,temps de relaxation isovolumique
1971,abaissée
1972,stimulation rétablissant
1973,long terme
1974,analyse du risque
1975,ventriculaire gauche isotopique
1976,débit élevé
1977,validité de convergence
1978,vertébral
1979,intra-ventriculaire
1980,fréquence
1981,aidant
1982,économique
1983,chocs
1984,para-annulaires
1985,vacuolaires
1986,prévalence
1987,tumeurs malignes
1988,rythme sinusal
1989,ultrarapide
1990,adrénoméduline
1991,embolie périphérique
1992,retentissement cardiaque
1993,soulagement
1994,bnp
1995,baux
1996,mmhg
1997,urinaire
1998,diminution de la force
1999,foetal
2000,lymphoplasmocytaires
2001,lésions
2002,anévrysme mycotique
2003,"p=0,02"
2004,vasculaire
2005,volets
2006,lrm
2007,relation étroite
2008,myoblastes
2009,cirrhose
2010,stimulateurs
2011,fibrillation auriculaire
2012,peptides natriurétiques auriculaires
2013,paroi
2014,devienne irréversible
2015,post-infarctus du myocarde
2016,ballonnet
2017,peptide
2018,substitutive
2019,cellules
2020,du rythme cardiaque
2021,protocoles
2022,valvulopathies
2023,débit de réabsorption
2024,cardio(néphro)
2025,thrombolyse
2026,distance de marche
2027,ordonnance
2028,parallèle
2029,apoptose
2030,transcriptase-polymerase reverse
2031,perturbations
2032,vingtaine
2033,réfractaire
2034,européenne de mise
2035,décéda
2036,neurobiologiques
2037,carence
2038,souffrant de sa
2039,malades
2040,dysplasie bronchopulmonaire
2041,trioxyde d' arsenic
2042,statistiquement
2043,bloc opératoire
2044,précharge
2045,sombre
2046,lésion
2047,classification de la nyha
2048,nourrissons
2049,seuils de stimulation
2050,vérapamil
2051,ambulatoires
2052,chirurgie
2053,thiazolidinediones
2054,artères rénales
2055,insuffisance coronarienne
2056,rarement
2057,stabilisants de membrane
2058,antiarythmiques
2059,retrouvons
2060,apnée
2061,cardio-vasculaires
2062,prévention
2063,fonction systolique du ventricule gauche
2064,système cardiovasculaire
2065,suivis
2066,glitazones
2067,sténose ostiale
2068,hormonaux
2069,essai de prévention
2070,sub
2071,cardiotoxicité
2072,physiopathologie
2073,localisée
2074,traduisant
2075,hospitalisation
2076,valides
2077,insuffisance mitrale
2078,test d' atp
2079,sub-saharienne
2080,génère
2081,toxicité cardiaque
2082,métastases
2083,déformation systolique myocardique
2084,approche pluridisciplinaire
2085,hospitalisés
2086,atrioventriculaire
2087,tachycardies supraventriculaires
2088,défaillances multiviscérales
2089,colligé
2090,ablation
2091,indéterminée
2092,muqueuses
2093,passées
2094,boîtier
2095,cr
2096,peutiques
2097,initiale
2098,rhumatoïde
2099,endocardique
2100,dai
2101,socio-économique
2102,bout
2103,cancérologie
2104,hystérectomie
2105,assistance circulatoire
2106,physiques
2107,aptitude
2108,jour de vie
2109,points de vue
2110,vasculaires
2111,durée de l' exercice
2112,collapsus
2113,conservateur
2114,système novacor
2115,fonctionnel
2116,pouls
2117,obstructif
2118,rythme d' échappement
2119,virales
2120,néo-angiogenèse
2121,théorie
2122,rique
2123,thoracique
2124,épanchements
2125,terrain
2126,gravité
2127,vitro
2128,éviction
2129,induite
2130,disparités
2131,inhibiteurs du système rénine-angiotensine-aldostérone
2132,handicap
2133,classe
2134,traitée
2135,prenaient
2136,artériels
2137,hypertensions artérielles
2138,cardiomyopathie dilatée hypokinétique
2139,lourdement
2140,classification fonctionnelle
2141,pathologies
2142,physiologiquement
2143,isolés
2144,décédée
2145,valables
2146,antivitamines
2147,composés
2148,péri-opératoire
2149,prometteur
2150,cardio-rénal
2151,16s
2152,intriquer
2153,valvulopathie
2154,électrocardiographie
2155,épidémiologiques
2156,dysfonction systolique du ventricule gauche
2157,atteints de sida
2158,clinique
2159,dépressive
2160,cathétérisme
2161,stabilité
2162,médecine fœtale
2163,protidémie
2164,dl
2165,antipaludéens de synthèse
2166,chirurgiens
2167,composite
2168,coronaropathie tritronculaire
2169,gadolinium
2170,invalidantes
2171,paroxystique
2172,néprilysine
2173,insuffisant cardiaque
2174,hémodynamique intrarénale
2175,omnipraticiens
2176,panne
2177,assistance circulatoire biventriculaire
2178,amyloïdose cardiaque
2179,aidé
2180,exceptionnel
2181,anti
2182,cellules souches
2183,systémiques
2184,hyperinsulinisme
2185,décrites
2186,pilier
2187,thrombose ventriculaire gauche
2188,choc anaphylactique
2189,intolérance
2190,type-b
2191,pro-inflammatoires
2192,arythmie ventriculaire
2193,lit
2194,chroniques
2195,drainé
2196,seuil
2197,lévosimendan
2198,défibrillation-resynchronisation
2199,estimée
2200,anticancéreux
2201,asservie
2202,volémie
2203,anticoaaulation
2204,tissu nerveux autonome
2205,vasodilatateur
2206,calcifications
2207,nutritionnel
2208,endoprothèse coronaire pharmacoactive
2209,auto-immun
2210,loge
2211,lètalité intra-hospitalière
2212,pré-hospitalière
2213,détérioration
2214,favorable
2215,décompensation
2216,coronariens
2217,randomisés
2218,postopératoires
2219,temps de décélération
2220,cellules musculaires
2221,béta-2 adrénergiques
2222,expansion
2223,mitoxantrone
2224,igs
2225,récepteur de clairance
2226,anormal
2227,génétique
2228,tumorale
2229,extracellulaire
2230,interféron
2231,transposer
2232,hémodynamique
2233,systèmes pneumatiques
2234,transductal
2235,courte
2236,propriétés biologiques
2237,ganglionnaire
2238,viellissement
2239,régression
2240,médecine
2241,hospitalisé
2242,études prospectives
2243,infructueux
2244,gradient de pression oncotique
2245,surcroît
2246,répondeurs à ce traitement
2247,pression capillaire pulmonaire
2248,diagnostics
2249,cerner
2250,affectent
2251,comparateur
2252,apyrétiques
2253,inexpliquées
2254,maintenus
2255,angulaire
2256,neuro-psychiques
2257,doré
2258,tôt
2259,hémoglobinémie
2260,médiane
2261,ľaltération
2262,embryogenèse
2263,ni
2264,hospitalisées
2265,prednisone
2266,réponse anormale
2267,élevée
2268,sténose pulmonaire
2269,pulmonaire
2270,sus-hépatiques
2271,cim-10
2272,hospitalières
2273,intra-vd
2274,ira
2275,valvulopathie mitrale
2276,traitement de choix
2277,curative
2278,ventriculaire
2279,assistance circulatoire mécanique
2280,polyarthrite
2281,médicochirurgicale
2282,correction
2283,ramipril
2284,agissait de cinq
2285,régulatrices
2286,intraveineuse
2287,iode radioactif
2288,méthode
2289,vitamine b1
2290,inopérable
2291,sécurité
2292,arthralgies
2293,radiotherapy
2294,partum
2295,candesartan
2296,tachycardie
2297,combinés
2298,rénales
2299,induction
2300,morbides
2301,commodité
2302,baroréflexe
2303,pharmacocinétique
2304,valeur prédictive
2305,excursion systolique
2306,thallium
2307,facteur peptidique natriurétique
2308,octogénaires
2309,idiopathique
2310,whipplei
2311,tératome sacrococcygien
2312,données paramétriques
2313,affection
2314,créatininémie
2315,système nerveux central
2316,eto
2317,pris en charge
2318,insuffisance cardiaque diastolique aiguë
2319,diabète
2320,hypoxémie
2321,vaptans
2322,vingtième
2323,longitudinale
2324,toxiques
2325,résistances périphériques
2326,thrombopénie
2327,découverte tardive
2328,sténose
2329,sel
2330,fortiori
2331,pluies
2332,douleurs
2333,anesthésique
2334,interprété
2335,chute
2336,fonction myocardique
2337,maladie du coeur
2338,explanter
2339,assurance
2340,végétations
2341,déficit
2342,soulagement de la douleur
2343,gréver
2344,néphrologues
2345,heart
2346,traitement préventif
2347,dilatées hypokinétiques
2348,respiration
2349,chirurgicalement
2350,prostaglandines
2351,congolais
2352,dérivés
2353,auto-soins
2354,prendre en charge
2355,infection
2356,palliatifs
2357,lombotomie
2358,thrombose veineuse
2359,revascularisation
2360,repolarisation
2361,posologies
2362,péricardite
2363,champs de codage
2364,échographie-doppler
2365,lipidique
2366,axé
2367,électrocardiogramme
2368,distance
2369,physique
2370,signalisation
2371,primaire
2372,angio-œdèmes
2373,enoximone
2374,médical
2375,méconnues
2376,immédiats
2377,myriade
2378,isotopique
2379,décortication
2380,hommes de 30
2381,diffuse
2382,systoliques
2383,psychique
2384,hypocalcémie
2385,rapprochée
2386,accord de l' institution
2387,maladie inflammatoire
2388,tropical
2389,né
2390,exercent
2391,diabétiques de type 2
2392,transplantation
2393,mort subite
2394,résonance magnétique nucléaire
2395,auscultation
2396,anémie
2397,redoutables
2398,détriment
2399,atteintes
2400,fonction pompe ventriculaire droite
2401,implantés
2402,préventif
2403,ultrafiltration
2404,flux aortique
2405,fractionnelle
2406,septale
2407,éducatifs
2408,urémie
2409,insuffisamment
2410,enfant
2411,majoration du volume plasmatique
2412,global de transition
2413,99e
2414,abord
2415,phique
2416,diagnostique
2417,approches
2418,mécanisme
2419,asynchronisme
2420,thromboses
2421,transferase
2422,inapproprié
2423,hépatomégalie
2424,centres hospitaliers
2425,antérieur
2426,connectivite
2427,cytotoxiques
2428,échelle d' activité spécifique
2429,inadaptation
2430,rétablie
2431,insuffisance cardiaque gauche
2432,guérison
2433,hospitalier
2434,classique
2435,cérébrales
2436,surmortalité
2437,ng\l
2438,défaillance multiviscérale
2439,émergent
2440,récidivé
2441,ergométrie
2442,transverse
2443,interruption
2444,intoxication
2445,déplétion
2446,intraveineuses
2447,ménopause
2448,respiratoire
2449,létalité
2450,ré-admission
2451,sous-estimée
2452,arthrite chronique
2453,cosmopolites
2454,péricardiques
2455,goitre nodulaire
2456,inhabituelle
2457,fraction d' éjection
2458,systémique
2459,stratégies de réduction
2460,associées
2461,intubation
2462,inspiratoire
2463,cnp
2464,respiratoires
2465,ventilatoires
2466,insuffisance valvulaire tricuspide
2467,médicamenteuse
2468,agressivité
2469,randomisé
2470,pandémie
2471,leptine
2472,fonction de la taille
2473,lourdes
2474,cœur
2475,traitement médicamenteux
2476,point d' entraîner
2477,tacrolimus
2478,impact
2479,chloroquine
2480,inhiber
2481,parité
2482,hypertrophie myocytaire
2483,ajustée à la taille
2484,tissu musculaire squelettique
2485,hétérotopiques
2486,sérum
2487,stimulus
2488,rythme
2489,neuro-hormonales
2490,pompe
2491,corrélations
2492,synergique
2493,peropératoire
2494,non invasif
2495,canadienne de cardiologie
2496,histologiques
2497,biomarqueurs
2498,ralentissement
2499,ventriculaires
2500,pharmacies
2501,barrage
2502,décompensation aiguë
2503,mesurée
2504,dysfonctionnements diastoliques
2505,dyspnée d' effort
2506,distension pariétale
2507,randomisée
2508,tétées
2509,toxocara canis
2510,précarité
2511,diurétique
2512,étaint allongé
2513,intercurrente
2514,sousjacente
2515,bout de six
2516,étendue
2517,anticoagulant
2518,pmsi
2519,stimulateur biventriculaire
2520,inférieure
2521,tout-trans-rétinoïque
2522,psychologue
2523,abdominales
2524,décrit
2525,obèse
2526,cytosquelette myocytaire
2527,décompensation cardiaque
2528,infirmière
2529,essoufflement
2530,spondylarthrite ankylosante
2531,enregistrement holter
2532,apicale
2533,respiration périodique de cheyne-stokes
2534,combiné
2535,prothrombine
2536,thrombophilie
2537,insuffisance valvulaire
2538,cardites rhumatismales
2539,arythmies cardiaques
2540,réanimateurs
2541,syncope
2542,hydrique
2543,pression diastolique
2544,thérapie génétique
2545,entérocolite ulcéronécrosante
2546,oncocitémie
2547,n=8
2548,génitales
2549,intubation trachéale
2550,explorés
2551,diminution
2552,érythropoïétine
2553,neurohumorale
2554,extralobaire
2555,infirmières
2556,voie
2557,aiguiller
2558,1'icc
2559,vitamine d.
2560,sécuritaire
2561,i-care
2562,ascite
2563,ciclosporine a
2564,élevés
2565,pauvre
2566,traitement étiologique
2567,p^0.05
2568,prédictive négative
2569,moléculaire
2570,latéral
2571,épisode
2572,echocardiographie
2573,pontage
2574,antimétabolites
2575,dix
2576,maladies cardiaques
2577,tachycardies ventriculaires
2578,incapacité fonctionnelle
2579,récidivante
2580,africaines
2581,objectif de sécurité
2582,épreuve d' effort
2583,rétrograde
2584,insuffisance cardiaque aiguë
2585,furosémide
2586,récepteur de l' angiotensine
2587,bactériologiques
2588,accouchements
2589,anticancéreuses
2590,accident vasculaire
2591,systèmes vasoconstricteurs
2592,bloquant
2593,diabete
2594,postopératoire
2595,pneumothorax
2596,stress
2597,volet essentiel
2598,autopsie
2599,normal
2600,retenue
2601,apyrexie
2602,épreuves d' effort
2603,fuites valvulaires
2604,réserve coronarienne
2605,antiplaquettaire
2606,11ans
2607,de
2608,étude multicentrique
2609,pacemaker
2610,faut-il
2611,immunodosage
2612,hypersensibilité
2613,dysthyroïdie
2614,canadienne
2615,rhumatisme articulaire aigu
2616,pharmacovigilance
2617,incessantes
2618,zone tropicale
2619,télésystoliques
2620,onze
2621,sporadique
2622,traiter
2623,significatives
2624,coronaire
2625,classe igg
2626,œsophagien
2627,non invasifs
2628,diabètique
2629,proximal
2630,conduit naturellement
2631,chromatographie liquide à haute performance
2632,antiviraux
2633,ara2
2634,délétère
2635,myxomes
2636,cliniquement
2637,courante
2638,classification de feinstein
2639,biodisponibilité
2640,artificiel total
2641,aorte abdominale
2642,logistiques
2643,traitement symptomatique
2644,plateau
2645,codes de cim
2646,testt de student
2647,sinon
2648,diabétiques
2649,fragile
2650,insuline
2651,accidents vasculaires
2652,subites
2653,primitive
2654,pression artérielle pulmonaire
2655,méthodes
2656,déclenchants
2657,tendent
2658,normaux
2659,valves
2660,hormonothérapie
2661,crâne
2662,endémiques
2663,approche-t-on
2664,valve
2665,bloc de haut degré
2666,immunosuppresseurs
2667,hormonales
2668,insuffisance cardiaque congestive
2669,fonctionnelle
2670,limite de positivité
2671,prise en charge
2672,études expérimentales
2673,traumatiques
2674,récepteurs à l' angiotensine ii
2675,inactif
2676,porteurs
2677,rétablissement de la fréquence cardiaque
2678,espérance de vie
2679,aiguë
2680,œsophage
2681,phases à hautes
2682,cerveau
2683,hypo-albuminémie
2684,ôu
2685,apnées
2686,adénovirus
2687,chimiothérapies
2688,médecins généralistes
2689,cardiopulmonaires
2690,perdue de vue
2691,dégradation
2692,torsades à couplage
2693,validées
2694,endovasculaire
2695,n=57
2696,actif
2697,desépisodes de détresse respiratoire
2698,interrogés
2699,carcinoïdes
2700,soins de fin de vie
2701,causalité
2702,périopératoire
2703,ventilatoire
2704,tératomes
2705,intracrânienne
2706,duré
2707,54e
2708,péricarde
2709,capacité fonctionnelle
2710,volumique
2711,introduction
2712,diabète de type 2
2713,rythmologie
2714,performance cardiaque
2715,aortique
2716,adultes
2717,insuffisance cardiaque à progression fulminante
2718,sur
2719,tachycardie sinusale
2720,permanente
2721,ischémie
2722,ďimportance
2723,symptomatiques
2724,imagerie additionnelle
2725,opératoires
2726,igm
2727,endocarties
2728,mortalité périopératoire
2729,décompensés cardiaques
2730,itraconazole
2731,qualité de la vie
2732,transposition
2733,ľanesthésiste
2734,insuffisance rénale chronique
2735,fonction diastolique
2736,réanimation
2737,interprétés
2738,â-bloquants
2739,obstruction
2740,hospitalière
2741,négative
2742,associe
2743,alcooliques
2744,postcapillaire
2745,issus
2746,points de référence
2747,pg
2748,interdépendant
2749,atteinte cérébrale
2750,broncho-pneumopathie chronique obstructive
2751,cavités
2752,insuffisance rénale chronique terminale
2753,ischémique
2754,néonatales
2755,lésions cutanées
2756,unité
2757,perte
2758,débit cardiaque
2759,post-partum
2760,fonde
2761,admission
2762,évaluation fonctionnelle
2763,apnée du sommeil
2764,élévation
2765,lisinopril
2766,imagerie par résonance magnétique
2767,parviennent
2768,du rythme auriculaires
2769,indication
2770,cardiopathies chroniques
2771,prudente
2772,vasopressine
2773,stimulation cardiaque biventriculaire
2774,substance
2775,greffe
2776,sexe féminin
2777,innocuité
2778,congé
2779,système nerveux autonome
2780,médicaments vasodilatateurs
2781,amyloïdose cardiaque sénile
2782,vingt
2783,génétiques
2784,clampage aortique
2785,coronarocardiaques
2786,centres hospitaliers universitaires
2787,préopératoire
2788,vd
2789,phosphorylation
2790,analyse systématique
2791,goitre multinodulaire
2792,vaisseaux
2793,équimolaire
2794,des
2795,implanté
2796,essai prospectif aléatoire
2797,biais
2798,vus
2799,action
2800,surpoids
2801,ľintervention
2802,cutané
2803,immunosuppression
2804,baby
2805,anomalie
2806,troubles
2807,soutenue
2808,biologie
2809,pied
2810,biomarqueur
2811,contraction
2812,systématiquement
2813,thrombose
2814,prématuré
2815,épargnés
2816,énergétique
2817,routier
2818,emboliques
2819,ľinsuffisance cardiaque
2820,circulations
2821,pariétales
2822,suractivation
2823,volume de cardiaque
2824,récepteur à l' angiotensine 2
2825,peptide natriurétique de type b
2826,métabolisme du coeur
2827,sain
2828,technique
2829,réinductibles
2830,humide
2831,international
2832,paclitaxel
2833,aggravation
2834,inhibiteurs d' enzyme de conversion
2835,osseuse
2836,pharmacogénomique
2837,étude a
2838,atteintes cardiovasculaires
2839,délimiter
2840,rétrécissement aortique
2841,admise
2842,croyance
2843,classe nyha
2844,bêtabloquants
2845,scintigraphie
2846,mort cellulaire programmée
2847,centre de cardiologie tertiaire
2848,cardiogénique
2849,endothéline
2850,contractilité
2851,marqueurs
2852,comité d' experts
2853,indice apnée-hypopnée
2854,hypertrophie cellulaire
2855,oedèmes
2856,insuffisance systolique ventriculaire gauche
2857,soins curatifs
2858,insuffisance cardique
2859,sixième
2860,cellules musculaires squelettiques
2861,réabsorbent
2862,dispersion
2863,g·l–1
2864,trajectoire
2865,temps de remplissage
2866,énoximone
2867,défibrillateurs automatiques
2868,branches
2869,internistes
2870,destruction articulaire massive
2871,candésartan
2872,index systolique
2873,retenu
2874,atteinte ventriculaire gauche
2875,épanchement péricardique
2876,effet de lutter
2877,voles
2878,bioélectrique
2879,myocardique
2880,terminale
2881,analyse multivariée
2882,stimulateur cardiaque biventriculaire.
2883,droites
2884,insuffisance cardiaque réfractaire
2885,antithyroïdiens de synthèse
2886,atteints
2887,radio-induite
2888,fibroélastomes
2889,insuffisance cardiaque sévère
2890,cardiopathie restrictive
2891,régurgitation
2892,mutations
2893,congénital
2894,muscle
2895,femme
2896,bras
2897,secondairement
2898,registre transversal
2899,défaillante
2900,contractiles
2901,ďenviron
2902,spécialiste
2903,immunofluorimétriques
2904,cardiomyocytes
2905,lésions ischémiques
2906,coeur artificiel
2907,osmolarité urinaire
2908,stades
2909,dysfonction diastolique
2910,indépendante
2911,temporaires
2912,débit global de filtration glomérulaire
2913,systèmes d' information
2914,poids
2915,accumulation
2916,recul
2917,maladie athéromateuse diffuse
2918,accident vasculaire cérébral
2919,diastolique
2920,gènes
2921,sénile
2922,étalant
2923,antécédent
2924,ivabradine
2925,huit
2926,authentique
2927,insuffisance rénale
2928,stade
2929,désaturation
2930,turbine intraventriculaire
2931,maladie de fabry
2932,vie
2933,carentielle
2934,dépistage
2935,β-bloquants
2936,centrifuges
2937,amyloses cardiaques séniles
2938,bénéficié
2939,basse
2940,sérique
2941,remplacements valvulaires aortiques
2942,vole
2943,médicalement
2944,kg-1
2945,ischémiques cérébraux
2946,bêta-bloquant
2947,clairance
2948,cumulative
2949,insuffisance cardiaque chronique
2950,stimulation cardiaque multisite
2951,assistances circulatoires
2952,rétablissent
2953,cardiologue
2954,brain natriuretic peptide
2955,aspergilloses
2956,promeut
2957,"p=0,055"
2958,électrique
2959,va
2960,placebo
2961,auriculo-ventriculaires
2962,œdème aigu
2963,sauvent
2964,fractions d' éjection
2965,tonus parasympathique
2966,diurétiques de l' anse
2967,opératoire
2968,obstructive
2969,adéquation
2970,durée de la vie
2971,diabétique
2972,oxygène de pointe
2973,multidisciplinarité
2974,biventriculaires
2975,hypertoniques
2976,voie d' administration
2977,transthoracique
2978,transplantés
2979,infiltration
2980,perfusion
2981,cardiospécificité
2982,non spectrale
2983,syndromes d' apnées du sommeil
2984,urodilatine
2985,plaignaient
2986,hémorragies
2987,c2
2988,sévérité
2989,surcharge
2990,myocardiopathie du post-partum
2991,dépressif
2992,malnutries
2993,immunohistochimiques
2994,biventriculaire
2995,basal
2996,bilirubine
2997,insuffisance cardiaque droite
2998,revue de la littérature
2999,blocs isolés
3000,étude non contrôlée
3001,subnormale
3002,regroupant
3003,supplémentation
3004,antécédent cardia-vasculaire
3005,services de pédiatrie
3006,entrevues
3007,neurohormonale
3008,protocole
3009,amylose cardiaque sénile
3010,contrepulsion
3011,intra-auriculaire droite
3012,échocard
3013,affectif
3014,ischémie coronarienne
3015,classifications fonctionnelles
3016,dysfonction ventriculaire gauche systolique
3017,atteinte
3018,lymphoma
3019,réanimations
3020,tolérance à l' effort
3021,lien
3022,bloquer
3023,diététique
3024,retardé
3025,social
3026,isolé
3027,cardiac
3028,essentielle
3029,déprogrammation
3030,caricaturale
3031,coma urémique
3032,pac
3033,oligohydramnios
3034,faisceau
3035,facteur prédictif
3036,canal artériel
3037,tissu cardiaque
3038,cherchée
3039,agents tubulo-affins
3040,femmes.
3041,angiotensine 2
3042,critère de comparaison
3043,lésions articulaires
3044,parcourir
3045,fraction filtrée
3046,médecins
3047,pallier
3048,visée
3049,séquelles à long terme
3050,centre spécialisé
3051,technologiques
3052,fistuleuse
3053,genèse
3054,emblée
3055,récepteurs de l' angiotensine ii
3056,rythmique
3057,bénigne
3058,prolongée
3059,osf
3060,rhumatologique
3061,distendre
3062,dysfonction systolique ventriculaire gauche
3063,inotropisme
3064,témoin de référence
3065,syndrome
3066,métaboliques
3067,chez
3068,insuffisance tricuspidienne
3069,lier
3070,âgée
3071,hémodynamiques
3072,alitement
3073,tissus
3074,angiographie
3075,rattachent
3076,ve
3077,min
3078,éjection
3079,anatomopathologique
3080,pression artérielle systolique
3081,endomyocardique
3082,cavité auriculaire droite
3083,battements
3084,fonction systolique conservée
3085,machines
3086,apnées du sommeil
3087,biopsie
3088,adverses
3089,clearance du pah
3090,non ischémique
3091,pléthysmographie
3092,soudain
3093,sénescence
3094,défibrillateur biventriculaire
3095,identiques
3096,ic
3097,système rénine-angiotensine-aldostérone
3098,soins post-hospitaliers
3099,musculaire
3100,poussée
3101,médico-chirurgicale
3102,symptômes
3103,jumeau
3104,"p=0,005"
3105,co-morbidité
3106,bradykinine
3107,qt
3108,réactives
3109,randomisées
3110,aki-dyskinésie apicale
3111,services
3112,constantes
3113,péricardite chronique constrictive
3114,restrictive
3115,infusions
3116,myopathie
3117,septum
3118,transmission
3119,metformine
3120,prendre en main
3121,éosinophilie
3122,injection
3123,individualisation
3124,score
3125,ambulatoire
3126,diagnostiqués
3127,nécrose antérieure
3128,concitoyens
3129,valvulopathies carcinoïdes
3130,artérielles
3131,thiazide
3132,sous-cutanés
3133,insuffisance mitrale fonctionnelle
3134,significatifs
3135,cardiomyocyte
3136,doubler
3137,pneumoniae
3138,cesse
3139,non-prescription
3140,sang périphérique
3141,anormale
3142,immunoglobuline intraveineuse
3143,insuffisance prédominante
3144,cardiopulmonaire
3145,cellules tubulaires
3146,sauvée
3147,ventricules
3148,clivé
3149,dérivé azolé
3150,fraction de raccourcissement
3151,béribéri
3152,artériographie cérébrale
3153,percutanée
3154,contre-indique
3155,absolve
3156,françaises
3157,réentraînement
3158,anatomique
3159,endopelvienne
3160,soins tertiaires
3161,échocardiographie-doppler
3162,remède
3163,diurèse
3164,exposent
3165,dysfonctionnement ventriculaire gauche
3166,physiopathologiques
3167,grave
3168,élargissent
3169,sommeil
3170,biologique
3171,facteurs de risque
3172,hypervascularisées
3173,récupération
3174,femme de race
3175,hospitaliers
3176,polyarthrite rhumatoïde
3177,thrombo-emboliques
3178,lourds
3179,paramédicale
3180,15e
3181,prophylactique
3182,non invasives
3183,technologies
3184,vs
3185,foie
3186,/ ss-b
3187,anticoagulants
3188,dysfonctionnements
3189,détectés
3190,défaillance cardiogénique
3191,péricardite bénigne
3192,indométacine
3193,valvulaire
3194,analyse univariée
3195,urgences
3196,relaxation
3197,élevées
3198,fibrilation auriculaire
3199,altère
3200,permanentes
3201,diagnostiques
3202,altérer
3203,analyse bibliographique
3204,diminution de force
3205,ventilation assistée
3206,courant
3207,arythmie auriculaire
3208,accident embolique
3209,hémoculture
3210,prédicteurs anamnestiques
3211,tests de marche
3212,saines
3213,cardiomyopathie diabétique
3214,pharmacologiques
3215,asynchronisme auriculo-ventriculaire
3216,maladie cardiaque
3217,tumeur bénigne cardiaque
3218,dysfonction cardiaque
3219,droite
3220,test
3221,effecteur
3222,maladie
3223,tour
3224,typiques
3225,vg
3226,obstétrique
3227,chimiothérapie
3228,destructrices
3229,rosiglitazone
3230,attaque d' apoplexie
3231,survie
3232,dobutamine
3233,libres
3234,éducatif
3235,grossesses
3236,bloqueurs du système rénine-angiotensine
3237,post-hoc
3238,noté
3239,glycation
3240,cardiopathies
3241,desmosomes
3242,ľanesthésie
3243,non maîtrisée
3244,marqueurs biologiques
3245,validation
3246,mort
3247,orpheline
3248,concurrent multifactorielle
3249,angioplastie endoluminale
3250,substantielle
3251,urgence
3252,surveillance
3253,hydroxychloroquine
3254,rhumatismales
3255,syndromes coronaires aigus
3256,microcirculatoire
3257,co-morbidités
3258,amorce
3259,douleur
3260,corticothérapie
3261,orale
3262,héparines de bas poids moléculaire
3263,épiphénomène
3264,hypoxie
3265,foie cardiaque
3266,lésions coronaires
3267,extracardiaque
3268,lésion coronaire
3269,théra
3270,pathophysiologie
3271,circulation extra-corporelle
3272,non-répondeurs
3273,dysfonctionnement
3274,inhibiteurs de l' angiotensine ii
3275,critère d' inclusion
3276,masse
3277,dysthyroïdies
3278,valeur prédictive positive
3279,moelle
3280,cardiomyopathie dilatée
3281,électromagnétique
3282,endothélial
3283,remplissage
3284,cancer
3285,flash
3286,jonctions cellulaires
3287,sérologique
3288,avitaminose b
3289,cardiomyopa
3290,sténoses athéroscléreuses
3291,antérieurement
3292,non-compaction ventriculaire gauche
3293,française
3294,africaine
3295,échocardiogramme
3296,soins en fin de vie
3297,greffons cardiaques
3298,tubulaire
3299,étiologie
3300,dilatées
3301,hémoglobine
3302,particularités
3303,classe fonctionnelle
3304,ori
3305,insuffisance cardiaque à débit
3306,allemande
3307,anneau tricuspide
3308,volumes télédiastoliques
3309,traumatisme
3310,évolutionniste
3311,ventriculogramme
3312,contrepulsation
3313,cardiomyopathie du ventricule droit
3314,gêne fonctionnelle
3315,grevée
3316,digitaliques
3317,défibrillateur automatique
3318,années de vie
3319,insuffisant cardiaques
3320,inhibiteur de la calcineurine
3321,indemne
3322,fonction vd
3323,inhibé
3324,traitement précoce
3325,hemopump
3326,réhospitalisations
3327,gymnastique
3328,physiologiques
3329,auto-immune
3330,sériées
3331,améliorée
3332,nouveau-né
3333,hyponatrémies
3334,recommandations
3335,chemin
3336,fumeurs
3337,plasmatique
3338,passant
3339,pas de ntg
3340,exégèse
3341,n-terminal
3342,affections
3343,techniques
3344,séronégatives
3345,iga
3346,effort
3347,somnologue
3348,malaises
3349,intervalles spécifiques
3350,radiographie
3351,prophylaxie
3352,satellite
3353,consultations
3354,dilatation ventriculaire gauche
3355,branche gauche
3356,annuels
3357,inflammatoire
