0,ventrikelfibrilleren
1,diuretische therapie
2,berustend
3,perken
4,hemodialyse
5,klasse gunstige
6,obesitas
7,gemoduleerd
8,inbegrip
9,vernieuwde richtlijnen
10,metingen
11,natuurlijke
12,heropnamen
13,e-learning
14,dynamiek
15,beroerde
16,benadrukken
17,echografisch
18,polsslag
19,gemeten
20,inhouds-
21,bejaarden
22,vervolgonderzoek
23,variabelen
24,ventrikeldisfunctie
25,niet-ischemische
26,zelfvernietiging
27,antioxidantia
28,afgaat
29,kwaliteit
30,beschouwden
31,volume-
32,tachy-
33,onafhankelijke
34,bnp-gehalte
35,troglitazon
36,subgroepanalyses
37,cochrane-review
38,treat'-benadering
39,zuurstofsoorten
40,benauwde
41,vbelangrijke
42,revalidatieprogramma's
43,minderheid
44,atypisch
45,aanzienlijk
46,onderzocht
47,rehospitalisatie
48,defecatiepatroon
49,longvaatbed
50,cardiomyocyten
51,beschrijft
52,bepalen
53,euvolemische
54,valsartan
55,plaatjesaggregatieremmer
56,voorspellers
57,leverrand
58,revascularisatie-ingreep
59,behandelverpleegkundige
60,gesteld
61,aan de maaltijd
62,spoedeisend
63,bezwaren
64,bedroegen
65,meerwaarde
66,nefroloog
67,benadrukt
68,indruk
69,doxazosine
70,circulatie
71,behandeldoel
72,calciuretisch
73,uitend
74,aangenomen
75,toegediend
76,hersenbloeding
77,linkerzijligging
78,hartinfarct
79,bijnier
80,defibrillator
81,methode
82,serumkaliumstijging
83,polsgolf
84,perindopril
85,grote database
86,myocyten
87,amper
88,populatie bestond
89,uithoudingsvermogen
90,rijst
91,in
92,uitgangssituatie
93,uitermate
94,gedraaid
95,pacemakers
96,alcoholinname
97,gestuurd
98,onstabiele
99,op
100,orthostatische
101,ontwikkeling
102,fev
103,gang
104,werking
105,in-vitro-opstelling
106,instelling
107,grote mate
108,atherogenese
109,auscultatie
110,tegenstelling
111,vervolgdiagnostiek
112,geboekte
113,afgenomen
114,vijfhonderd
115,carcinoom
116,ace-remmer
117,maximale
118,gecollabeerde
119,einddiastolische linkerventrikelvolume
120,tevoren
121,cumarinen
122,grote klinische trial
123,converting
124,zin
125,ß1-
126,redistributie
127,aldosteronantagonist
128,overweging
129,vernieuwde stroomdiagram
130,opeenvolgende
131,psychosociale
132,isosorbidemononitraat
133,genetisch
134,draagbare
135,cardiologie
136,atriumgrootte
137,percutane coronaire
138,hemodynamische
139,geaccepteerd
140,efficiënte
141,diastolische functie
142,ingesteld
143,verergeren
144,haar
145,bètablokkers
146,geaccepteerde
147,prostaglandinesynthese
148,relatie
149,circa
150,inotropica
151,vorming
152,tweesnijdend
153,misselijkheid
154,wijzen
155,aanzienlijke
156,dachten
157,boogvormige
158,diegenen
159,verzameld
160,heropnamecijfers
161,vernevelen
162,volumebelasting
163,disciplines
164,experimentele
165,klinisch syndroom
166,gemist
167,structurele
168,opstelling
169,captopril
170,eerstehulpafdeling
171,ibopamine
172,behandelingsoptie
173,hervat
174,bewerkstelligen
175,benzbromaron
176,digoxine-spiegels
177,bindingsplaatsen
178,heffende
179,studiegroep
180,destilleren
181,klepgebreken
182,variantgenen
183,verlenging
184,exacerbaties
185,synergistische
186,leverfalen
187,doorgaans
188,breuk
189,vena-cava-superiorisyndroom
190,aanmerking
191,aanhoudende
192,enalapril
193,verstoring
194,diurese
195,ontspannen
196,therapietrouw
197,ms
198,klinische symptomen
199,aantoonbare
200,niet-cardiaal
201,uit te voeren
202,statine
203,sensitiviteit
204,dichterbij
205,langetermijneffect
206,waterhuishouding
207,noot 1
208,hoogstwaarschijnlijk
209,schaduwzijde
210,snelwerkende nitraten
211,beslisregel
212,verklaren
213,enzym
214,dubbelblinde
215,withering
216,studieboeken
217,gevorderde
218,agonisten
219,zieken
220,niet-farmacologische
221,antracyclinen
222,vormt
223,werkgroep
224,grote
225,aldosteronproductie
226,niet-medicamenteus
227,langwerkende
228,onderhavige
229,geconsulteerd
230,chromatine
231,verandert
232,retrospectief
233,onjuist
234,nagenoeg
235,tegenstrijdige
236,new york
237,gewichtsverlies
238,strijklicht
239,ontwatering
240,pijn
241,fdh
242,bucindolol
243,behoudens
244,voorstadium
245,winst
246,vaatwand
247,alcohol
248,tijd
249,zwangerschap
250,ictus
251,serum
252,overleven
253,stelden
254,ethische
255,éénjaarsoverleving
256,onzekere
257,tegenaanwijzing
258,biomedische
259,copd
260,belasting
261,verspreiding
262,gestoord
263,links-en
264,atriumfibrillatie
265,multifactoriële
266,bisoprolol
267,controlegroepen
268,verrichten
269,hf-pef
270,start-
271,symptoom
272,betablokkers
273,metoprolol
274,omwille
275,elektronische monitoring
276,significantieniveau
277,spier-
278,diureticaresistentie
279,herhaaldelijk
280,gecorrigeerde
281,studie
282,nefrologische
283,auto
284,niet-acuut
285,acuut
286,toring
287,defibrilleren
288,drukmeting
289,klinische trial
290,indicatiebeperking
291,cor-thoraxratio
292,kruiden
293,placebopil
294,onvermoed
295,linker ventrikel.1
296,glitazones
297,systole
298,progressief
299,hieromtrent
300,gecontraïndiceerd
301,verrichtingen
302,cyp2c9
303,voor-
304,fabrikant
305,definitie
306,angiotensine-converterend-enzym
307,haldol
308,gevoeliger
309,gesproken
310,kort
311,ga
312,in te vullen
313,sinoatriaal
314,reanimatierichtlijnen
315,kaliumsparende
316,rr
317,overlevingskans
318,ace)-remmers
319,afwijkend
320,ontvingen
321,niet-cardiale
322,progressieve
323,x-dal
324,zuurstofsaturatie
325,door een zeer zeldzame
326,roken
327,nachts
328,graad
329,parameters
330,congenitale
331,zelfdosering
332,resultaat
333,cva
334,gedoseerde rust
335,vervolgtraject
336,dorstgevoel
337,terug
338,kracht
339,cross-overonderzoek
340,nt-probnp
341,coumarine
342,echocardiogram
343,besproken
344,herziene
345,accelerometer-eenheden
346,aldosteronsecretie
347,rubriek
348,overige
349,elektrocardiografisch
350,vragenlijst
351,toediening
352,grijze zone
353,gehalveerd
354,insufficiënt
355,klinische praktijk
356,berekend
357,nct
358,klinisch hartfalen
359,niet-fatale
360,drukbelasting
361,verrichtte
362,inriep
363,matig
364,gedrongen
365,thiazide
366,ictus cordis
367,onder de oudere
368,gemarkeerd
369,gebonden
370,wisselende
371,psychologische
372,waterdunne diarree
373,drijven
374,harttoon
375,mantelzorgers
376,systolische ruis
377,bindingsduur
378,spieren
379,bmi
380,betrokkenheid
381,horizontaal
382,offspring
383,vitale
384,2x
385,geëxplanteerde
386,gestelde
387,met
388,ace)-remmer
389,basisvoorlichting
390,diameter
391,tricuspidalisklep
392,verbandwissels
393,nagaan
394,stapsgewijze
395,effect
396,spironolactone
397,subschalen
398,kpa
399,afdrukken
400,harttransplantatie
401,voorbarig
402,berekeningen
403,gebruik
404,van carvedilol
405,onderliggende
406,spierkrachttraining
407,grote hoogte
408,positieve
409,onregelmatig
410,gecontinueerd
411,evaluating
412,beslag
413,volstond
414,mdr
415,voorgesteld
416,combinatietherapie
417,twijfelgeval
418,naproxen
419,kleinschalige
420,of bètablokkers
421,oedeem
422,amsterdam
423,vaatstenoses
424,naasten
425,onderkenning
426,overschaduwt
427,verkregen
428,voorspeller
429,pioglitazon
430,carvedilolgroep
431,analyses
432,gewenst
433,proces
434,tachypneu
435,aannemelijk
436,diureticagebruikers
437,pathofysiologisch
438,cardiovasculaire setting
439,geïnvalideerd
440,klepdisfunctie
441,chronisch hartfalen
442,72-jarige man
443,bloeddruk
444,benaderden
445,benadruk
446,soms
447,armen
448,netwerk
449,aanbeveling
450,hoofdzakelijk
451,afsluiting
452,nageleefd
453,perifere
454,potentieel
455,ontstekingsremmende
456,ace-inhibitoren
457,primair
458,aangegeven
459,meervoudig
460,ritmestoornis
461,geprotocolleerde
462,ventricular assist devices
463,verschil
464,zagen
465,mmol
466,effecten
467,overheid
468,nauwkeuriger
469,nadien
470,monitoringcondities
471,thuissituatie
472,regelmatige
473,zieke
474,opnamen
475,gaande
476,multidisciplinair
477,kussentje
478,amlodipine
479,case studie
480,stimuleert
481,gehoord
482,voorgestelde
483,voorzichtigheid
484,rechterop
485,wél
486,uitsluit
487,vernieuwde
488,chronotroop
489,verlengde
490,aanpassingsproces
491,inhalatorgebruik
492,monogenetische
493,astma astma
494,diclofenac
495,inspannen
496,biochemische bepalingen
497,tests
498,opgesteld
499,bekostiging
500,43-jarige man
501,pompwerking
502,na 2
503,flexibel
504,nabelasting
505,vochtophopingen
506,relaxatieverloop
507,bijwerkingenprofiel
508,huidtemperatuur
509,uiteinden
510,recidiverend
511,technieken
512,extremiteiten
513,grote topcat-onderzoek
514,afgestemd
515,geleidingsvertraging
516,3dd
517,afstand
518,hoeverre
519,hartfalenpatiënt
520,zit
521,aanpak
522,behoefte
523,geïmplementeerd
524,hartpatiënten
525,cardioverter-defibrillator
526,comet-uitkomsten
527,daling
528,aandoeningen
529,kwartielen
530,voorbelasting
531,manieren
532,cardiac output
533,sinusritme
534,tegengevallen
535,gemetastaseerde
536,achterhalen
537,sociale
538,digoxinegebruik
539,licht
540,tegenaanwijzingen
541,gewogen
542,myocardiale
543,exogene
544,met bètablokkers
545,therapeutische
546,assays
547,geklaard
548,hals
549,risicos
550,ecg
551,cardiologen
552,aldus
553,waardevol
554,linker-
555,onderzochten
556,mechanismen
557,pleiotrope
558,onmogelijk
559,erfelijke
560,zeldzamer
561,circumflexus
562,angiotensine
563,endotheline
564,ischemische
565,diastolische
566,sinds
567,therapeuticum
568,deelnam
569,afdeling
570,correctiemechanisme
571,linkerventrikeldysfunctie
572,tijdschrift
573,bleek
574,zweden
575,oversterfte
576,b-typenatriuretisch
577,matrixstabiliserende
578,niet-gerandomiseerde
579,eiwit
580,zelden
581,kleurstof
582,zinvol
583,mesangium
584,genetische varianten
585,voor
586,verrichtte echografie
587,cellulaire
588,van bètablokkers
589,omstreden
590,driemaal
591,ook bètablokkers
592,verrichtten
593,psychofarmaca
594,doel
595,derdegraads
596,algeheel
597,navenant
598,overschaduwd
599,kanmoet
600,slaapapneu
601,leent
602,subklinische
603,fluoropyrimidine fluorouracil
604,spiercelverlies
605,praktische
606,isosorbidedinitraat
607,ogen
608,vaatvernauwende
609,aangesloten
610,langdurig
611,defecatie
612,vergetelheid
613,geïsoleerde
614,synchronisatie
615,aan de apex
616,stimuleren
617,gevalideerd
618,gewichtscontrole
619,door te breken
620,herhaalde
621,ejectiefractie
622,onderzoeksmethoden
623,discrepantie
624,afgewend
625,wát
626,microscopie
627,geboden
628,sensibiliteit
629,contacten
630,veroorzaken
631,ß-blokker
632,pacing
633,losartan
634,myocardinfarcten
635,gesuggereerd
636,heropgenomen
637,hart-
638,einddoeltherapiepatiënten
639,cva's
640,voorwandafleidingen
641,stelde
642,poliklinische zorg
643,gebruikelijk
644,efferente
645,thuisinfusietherapie
646,hypervolemische
647,uitdroging
648,bijkomend kleplijden
649,perioperatieve
650,tubulair
651,adviseer
652,turgor
653,tabel
654,driemaandelijkse
655,herseninfarct
656,informatienetwerk
657,hoeksteen
658,type-2
659,elektrische asynchronie
660,rechter hand
661,behandelingsevenwicht
662,elektrocardiografie
663,behandeld
664,geproduceerd
665,stap
666,wijkverpleegkundige
667,systolisch
668,ramipril
669,behalen
670,syndrome
671,laagste
672,ontwikkelingen
673,hartrevalidatie
674,hulpmiddelen
675,gedocumenteerd
676,gemarkeerde
677,peptide
678,scoorden
679,draagt
680,eenmaal
681,klasse i-ii
682,voorspoedig
683,evalueren
684,myocardfibrose
685,arbeidsvermogen
686,gamma-gt
687,rijp
688,van bèta-2-adrenoceptoren
689,peil
690,typische
691,voorgrond
692,ijzergebrek
693,pathologisch
694,inotropicum
695,revalidatieprogramma
696,behoed
697,doodsoorzaak
698,instantie
699,excavatio rectouterina
700,levensjaar
701,verantwoord
702,microcytair
703,opgezette
704,heropname
705,gynaecomastie
706,clinic
707,plaatjesaggregatie
708,omzetting
709,opvolging
710,omstreeks
711,βètablokkers
712,zelfrapportage
713,vermindering
714,bundeltakblokpatroon
715,vrijzetting
716,wekelijks
717,verantwoordelijkheid
718,contra-indicatie
719,harfalen
720,bol
721,gold
722,congres
723,vagotoon
724,congestief
725,transplantatie
726,ritme-
727,publicatie
728,relatief
729,hyperlipidemie
730,tripeltherapie
731,diuretisch
732,1-toppig
733,begeleid
734,uitgelegd
735,behoeft
736,serumcreatinineconcentratie
737,kwartiel
738,hangen
739,werpen
740,kern
741,geriatrische
742,systematisch
743,enkels
744,inspanningstolerantie
745,therapie
746,voorspelde
747,bespreken
748,wand
749,verlichten
750,kindertijd
751,werkdiagnose
752,genoemde
753,geneesmiddelkosten
754,1dd
755,postglomerulaire
756,om
757,pleura-effusie
758,verhoging
759,inhibitors
760,perifere vaten
761,gecombineerde-zorggroep
762,rechtvaardigen
763,arsenaal
764,geformuleerd
765,omvangrijker
766,meten
767,combinatie
768,subendocardiale
769,tonen
770,obstructieve
771,factoranalyse
772,aanbeveelt
773,systolisch hartfalen
774,thiazides
775,nierschade
776,vermoeden
777,afzonderlijke
778,verzamelen
779,ontoereikend
780,remmend
781,waarneming
782,natrium-
783,assent-4
784,non-steroïde
785,aannemelijker
786,beperken
787,naar
788,tenzij
789,aandacht
790,stroomt
791,risicofactoren
792,blokkers
793,verergerd
794,borsten
795,angina pectoris
796,conventionele
797,leverde
798,klinisch
799,alzheimer
800,48-uursschema's
801,descriptieve
802,gestarte
803,afbouwen
804,uitwijst
805,nettoresultaat
806,fibrinogeen
807,risicofactor
808,gevalsonderzoek
809,tricuspidalisinsufficiëntie
810,halsvenen
811,doorbloeding
812,sluiten
813,stijve
814,defibrillatie
815,vocht
816,houd
817,vasopeptidase-remmer
818,veroudering
819,voerden
820,wandspanning
821,gemodificeerde
822,afdeling spoedeisende
823,serumkaliumconcentratie
824,buikpijnklachten
825,figuur
826,wachtlijstkandidaten
827,productiegegevens
828,groep
829,ergometrietest
830,cumulatieve
831,decompensatie
832,therapieën
833,ingeval
834,tweede lijn
835,bewezen
836,voorlopige
837,gestopt
838,vaatziekte
839,vroegtijdig
840,fase
841,normaal
842,behandelmethoden
843,gezet
844,klasse-iv-patiënt
845,hierin
846,30ml
847,matrixverval
848,drukwisselingen
849,donorhart
850,geobserveerde
851,resynchronisatietherapie
852,pomphuur
853,dikwijls
854,contractie-relaxatiepatronen
855,ß-blokkers
856,herzien
857,resultaten
858,hoog
859,vermijdbare
860,verpleeghuis
861,casussen
862,contraheert
863,levensverwachting
864,spanningsveld
865,intravasculair volume
866,opvolgen
867,rosuvastatine
868,extreem
869,vervolgduur
870,hibernation reversible
871,53-jarige man
872,overeenkomst
873,klassen ii
874,kortademigheid
875,test
876,lastig
877,mitralis-aortaklepinsufficiëntie
878,optrad
879,anamnese
880,kortwerkende
881,verrichte
882,wachttijd
883,snelheid
884,vroegere studies
885,mitralisklepafwijking
886,gebruikten
887,mensen
888,cabg
889,uitoefenen
890,regressieanalyse
891,dt
892,angiotensine receptor
893,grote trial
894,health literacy
895,losartangroep
896,klasse-effecten
897,en bètablokker
898,huid
899,verschijnselen
900,aangedreven
901,inname
902,vergelijkbare
903,afgesproken
904,herhospitalisaties
905,mening
906,kliniek
907,ontwaterd
908,atriumfibrilleren
909,falen
910,oplaaddosis
911,opgenomen
912,leidde
913,single group
914,receptoren
915,derde lijn
916,na
917,stabiel
918,aortadruk
919,vergelijkbaar
920,langzaam
921,zwaard
922,placebo
923,geleid
924,verwijden
925,hartmassae
926,intercurrente
927,adjuvant
928,succes
929,spreekuur
930,bovenbuikklachten
931,bleef
932,cox
933,zestig
934,steeg
935,hartfalen
936,gecontra-indiceerd
937,hormoon
938,linker ventrikel
939,pacemaker
940,natriuminname
941,volstaat
942,digitalispreparaten
943,linkerventrikelhypertrofie
944,spoedig
945,rechterventrikelfalen
946,negatief
947,cytostatica
948,internisten
949,veranderende
950,gelopen
951,hyper-
952,polsdruk
953,lijk
954,jonger
955,klassieke tegenaanwijzingen
956,roept
957,verboden
958,medische dossiers
959,tenecteplase
960,therapeutisch
961,natriumretentie
962,leefstijladviezen
963,grootschalig
964,receptorstructuur
965,bloeddrukverlaging
966,mitralisklepinsufficiëntie
967,geleidingstijd
968,leefstijlinterventies
969,teruggeresorbeerd
970,onbloedig
971,voorgehouden
972,biomarkers
973,icd-shocks
974,studiepopulatie
975,alcoholgeïnduceerde
976,zorgvoorzieningen
977,opties
978,disfunctioneren
979,vernauwen
980,circulerend
981,wisselend
982,a2
983,cross-over
984,ventrikel-
985,verkorting
986,ingevulde
987,elektrofysiologische
988,uitvoering
989,depressie
990,genderverschillen
991,endotheelfunctie
992,geobjectiveerd
993,geneesmiddeleninteractie
994,y-h
995,euvolemie
996,cardiovasculaire aandoeningen
997,toekomstverkenningen
998,hamvraag
999,controles
1000,uikomsten.13
1001,speuren
1002,vochtverlies
1003,werkingsprofiel
1004,conditie
1005,uitersten
1006,laaggedoseerde
1007,event
1008,85-plussers
1009,risicogroepen
1010,onrust
1011,onderhoudsmedicatie
1012,stopgezet
1013,multicentrische
1014,klinische verslechtering
1015,waarnemer
1016,exacerberend
1017,doeltreffender
1018,genetische variant
1019,zorgcentra
1020,uitkomst
1021,hyponatriëmie
1022,getild
1023,richtlijn hartfalen
1024,bolustoediening
1025,astmapatiënten
1026,abnormaal
1027,logisch
1028,gastroscopie
1029,rechterbovenbuik
1030,verstandig
1031,natriumuitscheiding
1032,serumcreatininespiegel
1033,inneemt
1034,informeer
1035,bewoners
1036,jama
1037,gekenmerkt
1038,lukt
1039,bronchoconstrictie
1040,contractieverloop
1041,echocardiografische technieken
1042,contractie
1043,min
1044,vochtbeleid
1045,regulair
1046,statines op hartfalen
1047,benader
1048,radionuclidemetingen
1049,meegeven
1050,bewijs
1051,moderne
1052,vroege lvef-daling
1053,halvering
1054,metoprololonderzoek
1055,levensbedreigende
1056,verlaagd
1057,geadviseerde
1058,re-
1059,systolische ventriculaire dysfunctie
1060,linker atrium
1061,klasse ii
1062,acute dyspneu
1063,vermijden
1064,geriater
1065,elderly
1066,geneesmiddeleffecten
1067,benen
1068,inotroop
1069,referentiepunt
1070,keus
1071,grenzen
1072,behandeling
1073,acute stressreactie
1074,combinaties
1075,cytotoxische
1076,stellen
1077,blok
1078,acute darmischemie
1079,ondervertegenwoordigd
1080,liggen-zitten-staan
1081,radiance
1082,hyperventilatie
1083,eenvoudig
1084,bronchospasme
1085,spirometrie
1086,dubbelblind
1087,invloed
1088,welbevinden
1089,aangrijpingspunten
1090,doseringsvorm
1091,nachtelijke
1092,kortademigheidsklachten
1093,hart
1094,eenvoudige
1095,wegnemen
1096,filtratiesnelheid
1097,veneuze
1098,diureticagebruik
1099,inkomen
1100,oraal
1101,verticale
1102,chemo-
1103,voortijdig
1104,kon
1105,nederland
1106,beschadiging
1107,literatuur
1108,bestond
1109,hfbef
1110,decapeptide
1111,korte termijn
1112,isa
1113,losartangebruikers
1114,vaatziektes
1115,schaal
1116,behandelgroepen
1117,hypoalbuminemie
1118,euthanasie
1119,vochtbalans
1120,ene
1121,door een cardioloog
1122,bepaalde bètablokker
1123,voorgeschreven
1124,overdiagnostiek
1125,regressiemodel
1126,beoordelend
1127,ontstond
1128,gestratificeerd
1129,waterpas
1130,renine-angiotensine-aldosteron
1131,beschouwde
1132,gedragen
1133,geplande
1134,b-type-natriuretisch
1135,gewaarborgd
1136,voorhanden
1137,remmende
1138,gepaste
1139,behandelaar
1140,atherosclerotische
1141,controleharten
1142,bypassoperatie
1143,acute
1144,uitgangswaarde
1145,hamstrings
1146,geneesmiddelen
1147,sloten
1148,ziekbed
1149,colofon
1150,aanpassing
1151,hyperglykemie
1152,kalium
1153,spoedeisende
1154,zuurstof
1155,stroomdiagram
1156,lisdiuretica
1157,aanwakkert
1158,dna-fragmentatie
1159,omkeerbaarheid
1160,overvulling
1161,myocardischemie
1162,praktijk
1163,spierweefsel
1164,keken
1165,gemetaboliseerd
1166,instellen
1167,zuurstofverbruik
1168,nierfunctieverslechtering
1169,begeleidende
1170,niet-medicamenteuze
1171,infusiesysteem
1172,vroegtijdiger
1173,metoprololsuccinaat
1174,latje
1175,centrum
1176,kamers
1177,op de angulus sterni
1178,vaatwandeigenschappen
1179,anti-inflammatoire
1180,gecheckt
1181,significante
1182,handvenen
1183,nierfalen
1184,dyspnoe
1185,afkapwaardes
1186,gewoonlijk
1187,klinische analyse
1188,multipel
1189,gerehydreerd
1190,carotis
1191,troponine
1192,inschatten
1193,werkte
1194,angiotensinogeen
1195,samenwerking
1196,ontstekingsremmers
1197,draagvlak
1198,waakzaamheid
1199,gewicht
1200,een bètablokker
1201,obgvm
1202,vetweefsel
1203,geïsoleerde spierkrachttraining
1204,intraveneus
1205,hechten
1206,recent
1207,stoffen
1208,klinische syndroom
1209,literatuurstudie
1210,berust
1211,plasmaconcentraties
1212,validatie
1213,waterzucht
1214,thuiszorgverpleegkundigen
1215,geïncludeerd
1216,andersom
1217,lisdiureticum
1218,catiemethoden
1219,levensfase
1220,diëtist
1221,ooghoogte
1222,serumkalium
1223,uitgezette galwegen
1224,toe te dienen
1225,nmol
1226,beleving
1227,auteur
1228,farmacotherapie
1229,gelden
1230,nauw
1231,europa
1232,wijst
1233,behandelingen
1234,klinische les
1235,geadviseerde obgvm
1236,bradyaritmieën
1237,stimulator
1238,aangrijpingspunt
1239,ontladingen
1240,bijwerking
1241,staand
1242,reduceren
1243,vrouwelijke
1244,gereanimeerd
1245,complicaties
1246,sd
1247,gepositioneerd
1248,ventricular
1249,serumkaliumgehalte
1250,ongeacht de reden
1251,acute cholecystitis
1252,aangewezen
1253,uitslag
1254,bax
1255,hypokaliëmie
1256,doordat
1257,structuur
1258,voor-achterwaartse thoraxdiameter
1259,afstemming
1260,opgerakeld
1261,literatuuronderzoek
1262,pro-breinnatriuretisch
1263,natrium
1264,eenderde
1265,cardiologenpanel
1266,metastasen
1267,cohortonderzoek
1268,getolereerde
1269,apotheek
1270,anticoagulantia
1271,onbeantwoorde
1272,voorloper
1273,in twee groepen
1274,tachycardieën
1275,zuurstofsaturatiemeting
1276,subtype
1277,onderzoeker de kin
1278,verapamil
1279,myocardinfarct
1280,kwantiteit
1281,voortschrijden
1282,terminale
1283,gestabiliseerde
1284,alogliptine-
1285,review
1286,hypertensie
1287,voedingstoestand
1288,absorptie
1289,bleken
1290,pulseren
1291,aterogenese
1292,controleer
1293,gerandomiseerd
1294,degenen
1295,one-stop shop
1296,leeftijdsgroep
1297,gepaste dosering
1298,standaardlab
1299,elektrisch
1300,cholesterol
1301,kleven
1302,radioloog
1303,gegrond
1304,gemiste
1305,binnen
1306,aanwijzingen
1307,eerste lijn
1308,acetylsalicylaat
1309,verondersteld
1310,uitspraken
1311,chf-diagnoses
1312,na 5 uur
1313,niet-coronaire
1314,voor-achterwaartse thoraxdiameters
1315,capecitabine
1316,systeemtherapie
1317,systolische functie
1318,verlaagt
1319,differentiaaldiagnose
1320,vertekeningen
1321,intoxicaties
1322,doorbreken
1323,echter
1324,lever-
1325,reizen
1326,volumedepletie
1327,linker kamer
1328,nierfunctie
1329,bovenbuik
1330,pas
1331,chemotherapie
1332,gedefinieerd
1333,waarschijnlijkheidsdiagnose
1334,vergevorderd
1335,anp
1336,klassieke hartfalensymptomen
1337,remmers
1338,afname
1339,telefo
1340,buikpijn
1341,volhouden
1342,hypotensie
1343,cordis
1344,passen
1345,nulpunt
1346,aanvullend
1347,loslaatpijn
1348,gepaard
1349,buik
1350,slagen
1351,ventrikelseptum
1352,basenoverschot
1353,polikliniekbezoek
1354,geplast
1355,proeflaparotomie
1356,a-priorikans
1357,stijgende
1358,langer
1359,nuttigheid
1360,post-hoc analyse
1361,die bètablokkers
1362,stuwingsbeeld
1363,leeggestreken
1364,geprobeerd
1365,www.nhg.org
1366,linkerventrikeldruk
1367,ace-remmers
1368,aritmieën
1369,onder de roc-curve
1370,wijzigingen
1371,afwijkende
1372,inleidende
1373,schakel
1374,meting
1375,tempo
1376,gemeld
1377,levervenen
1378,waterig
1379,dyspneu
1380,meededen
1381,redactioneel
1382,eindstadium
1383,longarts
1384,niet-selectieve bètablokker
1385,afspiegeling
1386,ongetransfecteerde
1387,dichtheid
1388,enzovoort
1389,aanwinst
1390,baseline bnp concentratie
1391,relatieve-risicoreductie
1392,fret
1393,geremd
1394,verstijving
1395,tachyaritmieën
1396,paracorporeel
1397,procedure
1398,databases
1399,toxiciteit
1400,schat
1401,ontsluiering
1402,aanmerkelijk
1403,counseling
1404,oefenen
1405,voorwaarts
1406,interviewtechnieken
1407,angulus sterni
1408,carvedilol
1409,harttonen
1410,consensusgroep
1411,winterslaap
1412,enkel
1413,orgaan
1414,opmerkelijk
1415,geëxtrapoleerd
1416,sleutel
1417,verplegen
1418,bestudeerde
1419,kaakhoek
1420,verwardheid
1421,gevoeligheid
1422,1b
1423,map
1424,b-type
1425,renine
1426,qs-complexen
1427,batista
1428,voorvallen
1429,gedialyseerd
1430,natriumarme
1431,medicament
1432,verlagen
1433,luidt
1434,overmaat
1435,reden
1436,aldosteronantagonisten
1437,omvang
1438,in-
1439,ntvg
1440,abnormale
1441,kwikmanometer
1442,concentraties
1443,spoedopvang
1444,beslaat
1445,uitgewerkte
1446,infusietherapie
1447,ace
1448,verbeteren
1449,remmen
1450,omzettingssnelheid
1451,omapatrilaat
1452,rekatheterisatie
1453,rechter atrium
1454,stomp
1455,ontregeling
1456,uitlokkende
1457,erytrodysesthesie
1458,onderling
1459,pompfunctie
1460,klacht
1461,criterium
1462,diastolisch
1463,depressies
1464,medische beslissingen
1465,wijden
1466,direct
1467,lager
1468,grote rol
1469,brady-
1470,gecompenseerd
1471,perfunderen
1472,l.
1473,zoutbeperkt
1474,weefselperfusie
1475,variaties
1476,voorspellende
1477,drukcurve
1478,afgebroken
1479,ascites
1480,1a
1481,noden
1482,batista-operatie
1483,renine-angiotensine-aldosteronsysteem
1484,diuretica intraveneus
1485,gevolg
1486,klassieke hartfalenbehandeling
1487,voorspelbare
1488,koppeling
1489,aangetoond
1490,herseninfarcten
1491,achtergrondinformatie
1492,aanvang
1493,hartfalers
1494,onvoldoende
1495,onmisbaar
1496,behulpzaam
1497,gelegd
1498,linkerventrikelfunctie
1499,b-type-natriuretische
1500,traden
1501,vochtbeperking
1502,inclusie-
1503,afkappunt
1504,kaliumrijk
1505,evidence-based medicine
1506,idiopathische dilaterende
1507,digoxine
1508,uitstek
1509,opgestart
1510,overbelasting
1511,opnieuw
1512,aspirine
1513,hartfalenprogramma's
1514,95%-bi
1515,uitgangswaarden
1516,hoofdstuk
1517,vergrote lever
1518,diureticadosis
1519,ventrikel
1520,spoedeisendehulpafdeling
1521,groepen
1522,scoren
1523,contra-indicaties
1524,voeten
1525,genetische achtergrond
1526,geëvolueerde
1527,klinische model
1528,geblindeerde
1529,spreken
1530,elektrolyten
1531,onzeker
1532,a.
1533,noodzaak
1534,gerandomiseerde
1535,voren
1536,voegden
1537,rookstop
1538,variatie
1539,rechteratriumdruk
1540,zuurbranden
1541,gecombineerd
1542,verbeteringen
1543,geëxcludeerd
1544,axial flow pump
1545,linkerventrikeldisfunctie
1546,gehalte
1547,langduriger
1548,werkingsmechanismen
1549,vertegenwoordigd
1550,afgeleid
1551,niet-afwijkend
1552,arbeid
1553,5fu
1554,algehele
1555,implanteerbare
1556,linker
1557,vochtsuppletie
1558,gecombineerde systolische
1559,zeurende
1560,hoogbejaarde
1561,recuperatie
1562,ladderpatroon
1563,nodig
1564,kweken
1565,gunstiger
1566,kunstklep
1567,uit te stellen
1568,klinische vraag
1569,ventrikelrespons
1570,hypovolemie
1571,deelonderzoeken
1572,oogpunt
1573,gekarakteriseerd
1574,commentaar
1575,centrale rol
1576,arni's
1577,bewaarde
1578,binding
1579,beoordeeld
1580,mmhg
1581,ischemische cardiale
1582,ischaemia trial
1583,subgroep
1584,simpel
1585,45-jarige man
1586,cavum douglasi
1587,ijking
1588,spoed
1589,stijfheid
1590,water-
1591,inactivatie
1592,behandelen
1593,failure
1594,elektronische
1595,asthma cardiale
1596,nesiritide
1597,verslechteren
1598,aangevuld
1599,hoge doseringen
1600,klasse 2
1601,veranderd
1602,eerstelijnsgezondheidszorg
1603,risico's
1604,voorschrijven
1605,mswt
1606,verkleinen
1607,vaatziekten
1608,academisch
1609,uitgesprokener
1610,ontraad
1611,klein te houden
1612,gespannen
1613,inziens
1614,rechts
1615,aanslag
1616,streefdosis
1617,onderworpen
1618,oppervlakte
1619,nood
1620,eerstelijns
1621,traject
1622,arts-assistenten
1623,overprikkeling
1624,icd
1625,staken
1626,aldosterone
1627,beëindiging
1628,lactaatconcentratie
1629,bestudeerd
1630,belandde
1631,geïnterpreteerd
1632,rondstuurt
1633,etiologie
1634,cumarines
1635,stomatitis
1636,2-toppig
1637,voorspellen
1638,wanddikte
1639,verpleegkundigen
1640,thiazolidinedionen
1641,expressie
1642,verpleeghuisbewoners
1643,nierfunctieverlies
1644,partners
1645,fysisch-diagnostisch
1646,atherosclerotische aandoeningen
1647,ontrafeling
1648,instelt
1649,zaak
1650,onderstreept
1651,morfine-analogen
1652,voor-achterwaartse
1653,lisinopriltoediening
1654,vad
1655,cardiovasculair
1656,angiotensin
1657,intoxicatie
1658,thuisinfusie
1659,ghanese
1660,conclusie
1661,afzonderlijk
1662,ventriculectomie
1663,marges
1664,hiernaar
1665,vertroebelen
1666,aortaklepstenose
1667,uniform
1668,klinieken
1669,bemand
1670,hf
1671,bètareceptorblokkade
1672,lisinopril
1673,doorbraken
1674,stadia van hartfalen
1675,hulp
1676,gly389
1677,polymorfisme
1678,lichte lichamelijke
1679,doorgaans gunstig
1680,desbetreffende
1681,gemodificeerd
1682,hieraan
1683,luchtweg-
1684,ontslagdiagnose
1685,studiepatiënten
1686,beleid
1687,microal-buminurie
1688,onderzoekbank
1689,jonge
1690,onderzoeksbevindingen
1691,beschrijvend
1692,afgewezen
1693,midden
1694,parasympathische
1695,therapiekeuze
1696,leidt
1697,opstarten
1698,geneesheren
1699,dosering
1700,geschat
1701,ingezet
1702,consultatie
1703,richt
1704,leefstijlfactoren
1705,begeleiding
1706,volgranenontbijt
1707,gerandomiseerde studies
1708,onder de plasmaconcentratie-tijdcurve
1709,ontwikkelde
1710,raltitrexed
1711,dieettherapietrouw
1712,apoptosis
1713,vooruitzichten
1714,na-
1715,ongeschikt
1716,torsades
1717,uiting
1718,startdosis
1719,isosorbidemononitraat-gebruikers
1720,diffuus reticulaire
1721,discussies
1722,comorbiditeit
1723,aangespannen
1724,nierfunctiestoornis
1725,veranderde
1726,vergrijzing
1727,zorginstellingen
1728,beter
1729,antibioticavoorschriften
1730,endo-
1731,opgevoerd
1732,gevraagde
1733,deelverantwoordelijkheden
1734,cm
1735,hoekstenen
1736,enerzijds carvedilol
1737,pacemakerritme
1738,terugkerende
1739,klinisch nut
1740,klasse iii
1741,handvenen gevuld
1742,productie
1743,alternatief
1744,ischaemische
1745,perfusiedruk
1746,coördinatie
1747,diverse
1748,aanvulling
1749,metabole
1750,vulden
1751,asymptomatisch
1752,creatinineklaring
1753,captoprilgebruikers
1754,ter analyse
1755,liepen
1756,plaatje
1757,grote trials
1758,insulinegevoeligheid
1759,langere
1760,cardiale oorzaken
1761,vochtrestrictie
1762,posities
1763,overlijdt
1764,nhg-website
1765,onduidelijkheid
1766,ongecontroleerde hypertensie
1767,aii-antagonist
1768,componenten
1769,vergroot
1770,embase
1771,voegen
1772,hanteerden
1773,ingestelde
1774,geïnstrueerd
1775,systemische
1776,bnp-concentratie
1777,gewichtsreductie
1778,overname
1779,coronarialijden
1780,inactieve
1781,hartschade
1782,gecontroleerde onderzoeken
1783,aii-antagonisten
1784,lichaamsoppervlakte
1785,glucose
1786,aldosteronproductie.1
1787,gewijd
1788,behouden
1789,geneesmiddelvoorschriften
1790,zenuwstelsel
1791,pg
1792,aanzetten
1793,onafhankelijk
1794,methodologie
1795,hyperkaliëmie
1796,tussentijdse
1797,verbaast
1798,stijgt
1799,linkerventrikel-ejectiefractie
1800,gestoorde
1801,aldosterone-antagonist spironolactone
1802,herziening
1803,aantonen
1804,zichtbare
1805,overgang
1806,verkeerde
1807,poliklinieken
1808,vad-tubes
1809,ondergrond
1810,middel
1811,hospitalisatie
1812,slechtere
1813,voorschrijfgedrag
1814,fluorescerende
1815,monotherapie
1816,tachycardie
1817,leidraad
1818,astma
1819,gezonde
1820,slagvolume
1821,boogmethode
1822,valrisico
1823,fluorouracil
1824,bcl2
1825,extra
1826,zoutvervangers
1827,waarde
1828,longstuwing
1829,paragraaf
1830,hibernatie
1831,glomerulaire
1832,interactie
1833,onderzoekers
1834,acetylsalicylzuurgebruik
1835,ernstig
1836,nt-pro
1837,agonistische
1838,ademgeruis
1839,afnemen
1840,getallen
1841,natriumbeperking
1842,abdomen
1843,plaatjesremmers
1844,handhaven
1845,vertoonde
1846,pathognomonische
1847,drijf
1848,furosemide
1849,vermoeidheid
1850,leefstijladvies
1851,levenslang
1852,gewichtstoename
1853,crp
1854,klassen
1855,ongepubliceerde
1856,dilaterende
1857,lange termijn
1858,gezondheidsvaardigheid
1859,hetgeen
1860,multivariate analyse
1861,urgentie
1862,peripartum
1863,standaard
1864,koude acra
1865,insufficiëntie
1866,na 1
1867,draait
1868,min.
1869,www.trialregister.nl
1870,groot
1871,linker ventriculectomie
1872,lvef
1873,atrioventriculair
1874,stimulus
1875,wachtlijst
1876,hartrevalidatieprogramma
1877,gestabiliseerd
1878,ventrikelseptumruptuur
1879,ace-remmergebruikers
1880,minpunt
1881,statusonderzoek
1882,gevorderd
1883,geëigende
1884,uitsluiting
1885,klasse ii-iv
1886,beginfase
1887,rechter
1888,korte observatieperiode
1889,overstap
1890,steriele
1891,stimulering
1892,95%ci
1893,links
1894,hulpverlener
1895,toevoeging
1896,niveaus
1897,uitademingsstand
1898,lichaamslengte
1899,angiotensineconverterend-enzym
1900,aangeboren
1901,overbruggen
1902,sopravivenza
1903,necrose
1904,opioïden
1905,nitraatgebruik
1906,frequentie
1907,onderzoekspopulaties
1908,verpleegkundige
1909,nurse practitioner
1910,cardioloog
1911,apoptose
1912,telden
1913,kniepees-
1914,placebogroep
1915,calcium
1916,klepafwijkingen
1917,bypass-
1918,coenzym
1919,zijde
1920,onacceptabel
1921,informatievoorziening
1922,omschrijving
1923,verwijd
1924,drukken
1925,matige
1926,bewaking
1927,dialysetherapie
1928,geïsoleerd
1929,dihydropyrimidinedehydrogenase
1930,renine-angiotensine-aldosteron-systeem
1931,optimale
1932,veranderingen
1933,coronairvaten
1934,complexe
1935,ziekenhuizen
1936,schattingen
1937,kernsymptomen
1938,heffend
1939,diuretica
1940,defibrillatortherapie
1941,onbloedige
1942,type 2
1943,moeheid
1944,kwetsbare
1945,nieuwere
1946,sporen
1947,specialist
1948,aanvangsdosering
1949,voorschrift
1950,op de nieren
1951,zorgverleners
1952,post-hoc
1953,streefdosering
1954,cardiale
1955,vullingsdruk
1956,onterecht
1957,chf-diagnose
1958,pulmonale
1959,hypertensief
1960,ventrikelfibrillatie
1961,zoutrestrictie
1962,reviewers
1963,meetinstrument
1964,prognose
1965,3e
1966,galopritme
1967,grote plantkundige
1968,onbekend
1969,constrictie
1970,doorgemaakt
1971,starttherapie
1972,beta-gonisten
1973,natri-uretische
1974,tertielwaarde
1975,dd
1976,dig
1977,echocardiografisch
1978,hoopt
1979,herhalingen
1980,verkorte
1981,tijdstippen
1982,gissi-he
1983,optitreren
1984,ontsmetting
1985,variëren
1986,casustekst
1987,onjuiste
1988,onderzoeksgroep
1989,betrof
1990,navraag
1991,waterretentie
1992,kunstharten
1993,verband
1994,richtlijn
1995,angst
1996,basisbegeleiding
1997,ischemie
1998,vullingsdynamiek
1999,pci-studie
2000,medicatie
2001,lichaamsbeweging
2002,overeenkomt
2003,duurtraining
2004,evaluatie
2005,captoprilgroep
2006,boog
2007,oncologische
2008,usa
2009,behandelaars
2010,icpc-code
2011,vergeleken
2012,geneeskundige
2013,roche-diagnostics
2014,revascularisatie
2015,geneeskundig
2016,echocardiografie
2017,overgaat
2018,vaccinatie
2019,geabsorbeerd
2020,vraagstelling
2021,m2
2022,onderdiagnostiek
2023,amiloride
2024,training
2025,geleidingsstoornissen
2026,bnp
2027,onzekerheid
2028,spoor
2029,afkapwaarde
2030,pomp
2031,ritme
2032,nsaid-gebruik
2033,trandolapril
2034,aanmoeten
2035,pmol
2036,studies
2037,voorkómen
2038,basisreanimatie
2039,pols
2040,einddoeltherapie
2041,bewegingsprogramma
2042,allicht
2043,raadplegen
2044,microstukje
2045,gericht
2046,ontoereikende
2047,van
2048,inotrope
2049,doorgestuurd
2050,oplossen
2051,tekortschietende
2052,dringt
2053,stabiel hartfalen
2054,weloverwogen
2055,boston
2056,progressie
2057,re-entry-mechanismen
2058,hoogtechnologische
2059,optreedt
2060,elektrolytstoornissen
2061,komst
2062,geassocieerd
2063,abstinentie
2064,sterven
2065,bepaling
2066,vesnarinon
2067,c-statistic
2068,onderscheid
2069,(ace)-remmers
2070,indeling
2071,mede
2072,veronderstelling
2073,gefaciliteerde pci
2074,gedilateerde
2075,nauwkeurig
2076,literatuurgegevens
2077,beenmerg
2078,exclusiecriteria
2079,richtlijnen
2080,bijgehouden
2081,cytotoxisch
2082,bnp-test
2083,beluisterde
2084,cava
2085,voorbeschikken
2086,geslikt
2087,ferritinewaarde
2088,polyfarmacie
2089,gestandaardiseerd
2090,boezemfibrilleren
2091,linkerbundeltakblok
2092,spiercellen
2093,bronchitis
2094,loop
2095,waarden
2096,neprilysine
2097,klinische zorg
2098,nifedipine
2099,wgbo
2100,hb
2101,ofschoon de twijfel
2102,uitgesloten
2103,beoordeling
2104,kleplijden
2105,becommentarieerd
2106,klinische
2107,samenhang
2108,spierkracht
2109,serumconcentraties
2110,toegenomen
2111,gerecompenseerde
2112,enkeloedeem
2113,zuurstofopnamevermogen
2114,gestaakt
2115,kwartier
2116,sublinguale
2117,verstrengeling
2118,beoogt
2119,vergoed
2120,iii
2121,shock
2122,disfunctie
2123,afwijking
2124,specialistische zorg
2125,blokkeren
2126,vertraging
2127,luchtbel
2128,uit te sluiten
2129,av-blok
2130,gestrand
2131,respectievelijk
2132,gecollabeerd
2133,aan-
2134,capecitabinedosis
2135,ischemisch
2136,indicatie
2137,balans
2138,dubbelwerkend
2139,nationaal
2140,ontbraken
2141,geadviseerd
2142,onlangs
2143,opsporen
2144,initiatief
2145,noot
2146,beëindigd
2147,orale
2148,omgekeerd
2149,klinisch revalidatieprogramma
2150,verbleef
2151,peristaltiek
2152,pillen
2153,heden
2154,vermeden
2155,hba1c
2156,alogliptine
2157,lezing
2158,leefstijl
2159,empa-reg
2160,klein
2161,aan de hand
2162,geleider
2163,medisch handelen
2164,passend
2165,nieuw hartfalen
2166,verwees
2167,overmatig
2168,afwezigheid
2169,vermageren
2170,groenewegen
2171,horizontale
2172,pneumokokkenvaccinatie
2173,anp-
2174,epidemiologie
2175,leefregels
2176,toe
2177,candesartan
2178,overlap
2179,systemen
2180,breinnatriuretisch
2181,hospice
2182,bijkomende
2183,drukpijn
2184,zuurstofopnamekinetiek
2185,angiotensine-ii
2186,kritiek
2187,pro-bnp
2188,factor
2189,verbetering
2190,voorzichtig
2191,therapeutische serumdigoxineconcentratie
2192,levensduur
2193,cva.2
2194,gunstig
2195,uitgegeven
2196,trombi
2197,tandarts
2198,spironolactongroep
2199,centraalveneuze
2200,bèta-adrenoceptorblokker
2201,inhalatie
2202,geordend
2203,interacties
2204,gecontroleerd
2205,syncope
2206,overleving
2207,oedemateuze
2208,instrumenten
2209,tweede
2210,stapsgewijs
2211,systemisch
2212,ontsteking
2213,slijmvliezen
2214,opstellers
2215,crepitaties
2216,d'effort
2217,tweede-
2218,ontstonden
2219,x-thorax
2220,grootschalige
2221,klink
2222,type 2 diabetes
2223,hulpmiddel
2224,halveer
2225,luchtwegobstructie
2226,halfwaardetijd
2227,speckle-echo
2228,afwachting
2229,afwijzing
2230,morbiditeit
2231,pen
2232,baseline
2233,mitralisklep
2234,achteruit
2235,hanteerbaar
2236,ventrikelfrequentie
2237,endemisch
2238,streefdosissen
2239,ontsporing
2240,nurse
2241,psychopathologie
2242,acute bronchitis
2243,geleidingsstoornis
2244,ingrepen
2245,getoetst
2246,anti-inflammatoir
2247,gestuwde lever
2248,onderhoudsdosis
2249,stijging
2250,verbied alcoholgebruik
2251,ml
2252,men bèta-2
2253,weergeeft
2254,auc
2255,amiodaron
2256,remde
2257,acute hemodialyse
2258,captoprilgebruik
2259,stuurde
2260,derdegraads av-blok
2261,tezamen
2262,onbekende
2263,schijnbaar
2264,losartan-
2265,wegens
2266,klepafwijking
2267,stoppen
2268,trekken
2269,geïntroduceerd
2270,voorheen
2271,iv
2272,ontstane
2273,lichaamstemperatuur
2274,functiestoornis
2275,tong
2276,onderzoek
2277,plasmaspiegel
2278,cardiale toestand
2279,arbs
2280,heropnames
2281,na te gaan
2282,vochthuishouding
2283,map-daling
2284,geïncludeerde
2285,contact
2286,regelmatig
2287,sterk
2288,data
2289,tekortschiet
2290,bijwerkingen
2291,nauwgezetheid
2292,cross-sectioneel
2293,hartfalenpatiënten
2294,handrug
2295,adrenomedulline
2296,onderzoeker
2297,bi ventricular assist device
2298,nhg-standaard
2299,aldosteron
2300,auteurs
2301,voorkwam
2302,activiteit
2303,beloop
2304,heelkunde
2305,methoden
2306,endomyocardfibrose
2307,er
2308,verwaarloosbaar
2309,afhankelijk
2310,stappenplan
2311,achterstandswijk
2312,measurement design
2313,bloeddrukmeting
2314,bevestigen
2315,vervolgbehandeling
2316,klinische toestand
2317,mellitus
2318,over-
2319,lineaire relatie
2320,kwart
2321,vierde
2322,coumarinegroep
2323,men
2324,stimuli
2325,pleuravocht
2326,pijlers
2327,toenemen
2328,eindstadiumhartfalen
2329,diagnosticum
2330,luchthoudendheid
2331,ventrikelfunctie
2332,syndroom
2333,vooruitgang
2334,bijgeluiden
2335,vervolgen
2336,hierop
2337,perindoprilgebruik
2338,diastolische disfunctie
2339,insuline
2340,h2o
2341,gestructureerde
2342,belemmert
2343,onderzoeken
2344,craniaal
2345,parasympatische activiteit
2346,bespraken
2347,rugligging
2348,clinicus
2349,weefsels
2350,nt-probnp-waarde
2351,verzamelden
2352,gezondheidszorgvoorzieningen
2353,gevolgd
2354,onderste
2355,infarcering
2356,voorkomende
2357,nier
2358,functionerende
2359,bevestiging
2360,rust
2361,buiten
2362,rechtop
2363,herhaling
2364,inleiding
2365,reductie
2366,ingreep
2367,opvoeren
2368,verdubbeld
2369,gewichtverlies
2370,ingevoerd
2371,benadering
2372,geanalyseerd
2373,gecorreleerd
2374,braken
2375,lcz696
2376,1x
2377,uitkomstmaten
2378,ontslag
2379,onwaarschijnlijk
2380,2b
2381,standaarddosis
2382,voortzetting
2383,leverstuwing
2384,afkappunten
2385,verpleeg
2386,pretransplantatiepatiënten
2387,stoornissen
2388,observeren
2389,wijziging
2390,autorijden
2391,eenmalig
2392,huisbezoe
2393,bestrijden
2394,uitingsvorm
2395,linker-ventrikel
2396,verslechtering
2397,hoorde
2398,invulden
2399,adequaat
2400,natriuretisch
2401,hoesten
2402,longcapaciteit
2403,antibioticagebruik
2404,vergroten
2405,langerdurend
2406,ogenblik
2407,linkerventrikelvolume
2408,gegroeid
2409,nierinsufficiëntie
2410,terugplaatsing
2411,off-labelgebruik
2412,fluoropyrimidine
2413,communi
2414,benut
2415,palmoplantaire
2416,pathogene
2417,behandeladvies
2418,thuiszorg
2419,gefaciliteerde pci-groep
2420,vermoeide
2421,soepel
2422,darm-
2423,chemotherapeutische
2424,startdosering
2425,perioperatief
2426,daalde
2427,geproduceerde stoffen
2428,geleidingssnelheid
2429,gedemonstreerd
2430,werkingsmechanisme
2431,afbraak
2432,new york heart association
2433,maculopathie
2434,geneesmidddelen
2435,aanbevelingen
2436,ace-remming
2437,essentieel
2438,hierover
2439,ofwel
2440,würzburg
2441,vaatlijden
2442,uiterst
2443,gecorrigeerd
2444,ondersteunen
2445,genetische
2446,exacerberen
2447,haloperidol
2448,na harttransplantatie
2449,pacing'-pacemaker
2450,dehydratie
2451,longfunctieonderzoek
2452,micro-
2453,integreer
2454,patiënten
2455,echotechniek
2456,onderlinge
2457,dutp
2458,uitvoer
2459,zoutarm
2460,gepast
2461,meldde
2462,tachypnoïsche
2463,volstrekt
2464,serumcreatinine
2465,ondergingen
2466,lopen
2467,voorgedaan
2468,nogmaals
2469,alvast
2470,opzet
2471,per
2472,schakelen
2473,directe angiotensine-ii-receptorblockers
2474,intensive-careafdeling
2475,hepatomegalie
2476,aanwijzing
2477,bedroeg
2478,richten
2479,klinische trials
2480,ondernemen
2481,weten
2482,gedaald
2483,aanmaak
2484,gedragsmatige
2485,kernboodschappen
2486,lisdiureticuma
2487,aliskiren
2488,langwerkend
2489,afgebouwd
2490,perifeer
2491,necrotische cellen
2492,geprogrammeerde celdood
2493,halve centimeter
2494,fibrinolytica
2495,overbrugging
2496,vergelijkend
2497,macroalbuminurie
2498,natriumsuppletie
2499,probe
2500,glucosurie
2501,steunhart
2502,vertraagd
2503,doeltreffend
2504,uitgedrukt
2505,linkerventrikelejectiefractie
2506,cardiale pompfunctie
2507,waargenomen
2508,medicus
2509,neonatale rattencardiomyocyten
2510,stijgen
2511,meta-analyse
2512,klinische bewijzen
2513,uitnodigden
2514,overgeplaatst
2515,grijze gebied
2516,zittend
2517,bumetanide
2518,falende
2519,onveranderd
2520,lichte
2521,verergering
2522,natriumconcentratie
2523,gezamenlijke
2524,allel
2525,beluisterd
2526,diafragma
2527,literatuurreferenties
2528,bespreking
2529,geleidelijk
2530,activering
2531,stabiele
2532,asat
2533,uitsluitingscriteria
2534,mini-review
2535,r-2
2536,nieuwe bètablokkeerder
2537,behandelwijzen
2538,gewijzigd
2539,prostaglandinen
2540,medisch-technische
2541,hand-voetsyndroom
2542,nsaid's
2543,toetsing
2544,oedemen
2545,actie
2546,standaarddoses
2547,zorg
2548,kwalitatieve
2549,echo
2550,nierarteriestenose
2551,mechanisme
2552,dieet
2553,groeifactoren
2554,nauwe
2555,zwakte
2556,vragenlijsten
2557,diagnostiek
2558,immunomodulerend
2559,diagnose
2560,onder
2561,perifeer vaatlijden
2562,levenskwaliteit
2563,fysiotherapeut
2564,biochemisch
2565,onderzoekspublicaties
2566,derde
2567,klepfunctie
2568,sexual adjustment
2569,dien
2570,klinische beslissingen
2571,aan
2572,practitioner
2573,spier
2574,spiegels
2575,calciumantagonisten
2576,afdrukt
2577,galblaas
2578,national heart
2579,eplerenon
2580,studiegroepen
2581,verdubbelingen
2582,warfarine
2583,adenosine-di-fosfaat
2584,aangeraden
2585,vervolgfase
2586,uitnodiging
2587,druk-volumerelaties
2588,cm.
2589,longlijden
2590,dm2
2591,experimenten
2592,vrij
2593,telemonitoring
2594,onverzadigde vetzuren
2595,longmaligniteit
2596,medische zorg
2597,optitreerfase
2598,reversibele
2599,gevoelig
2600,venepols
2601,procedures
2602,mag
2603,cardiomegalie
2604,afneemt
2605,nadeel
2606,gedecompenseerd
2607,alogliptinebehandelde
2608,verdragen
2609,geboekt
2610,stappen
2611,ondersteuningspompen
2612,probnp
2613,harten
2614,externe
2615,nitroglycerine
2616,nier-
2617,man
2618,thalidomide
2619,criteria
2620,terugkoppeling
2621,onderkend
2622,beduidend
2623,infarct
2624,stuurden
2625,niet-steroïde
2626,orde
2627,hartgeruis
2628,exacte
2629,innemen
2630,lijden.14
2631,uren
2632,ervaren
2633,trager
2634,natriumarm
2635,long
2636,opgeleid
2637,mits
2638,zekerheid
2639,basistherapie
2640,complex
2641,real time
2642,zoutbeperking
2643,linkerventrikel
2644,darmpakket
2645,beëindigde
2646,afwijkingen
2647,thromboxaan
2648,hernieuwd
2649,stop
2650,handen
2651,beschrijven
2652,kortetermijnveranderingen
2653,leerpunten
2654,bijtijds
2655,opiaten
2656,lichaamsgewicht
2657,voorlichting
2658,middelbare
2659,beargumenteren
2660,kerley-b-lijntjes
2661,apoptotische cellen
2662,gedifferentieerde
2663,inspanningsvermogen
2664,veronderstelde hyperkaliëmie
2665,hartfrequentie
2666,ijzergebreksanemie
2667,irregulair
2668,aritmie
2669,aangezogen
2670,syndromen
2671,2dd
2672,geprikt
2673,opgetreden
2674,torasemide
2675,uitlokken
2676,aandoening
2677,thoraxfoto
2678,interstitieel
2679,indien
2680,middelen
2681,galop
2682,hartfunctie
2683,zelfcontrole
2684,blokker
2685,pluspunt
2686,voornoemde
2687,bradycardieën
2688,trokken
2689,hoogteverschil
2690,output
2691,hyperuricemie
2692,klinische eindpunten
2693,druk
2694,ontkracht
2695,ejection fraction
2696,vroege
2697,copd-ers
2698,klinische tekenen
2699,zachte
2700,na ziekenhuisopname
2701,langdurige
2702,pretransplantatiekandidaten
2703,superieur
2704,frequent
2705,anemie
2706,o.a.
2707,overigen
2708,gezondheidswinst
2709,laparoscopie
2710,adviezen
2711,dagdosis
2712,klinische studies
2713,coronaire
2714,nazorg
2715,algemeen
2716,reflextachycardie
2717,angiotensineconverterend
2718,levensgevaarlijke
2719,verbindingslijn
2720,onderzoeksvragen
2721,cohn
2722,linkerbundeltakblokconfiguratie
2723,ritmestoornissen
2724,vlak
2725,dutp-gelabelde
2726,optie
2727,geïmplanteerd
2728,geuit
2729,instructies
2730,mechanische
2731,piekconcentratie
2732,eerstelijns diabetesrichtlijn
2733,harm
2734,etnische
2735,gewichtsneutraal
2736,reperfusie
2737,crt-d
2738,ter
2739,klasse-effect
2740,klinische diagnose
2741,uit
2742,rustsituatie
2743,pars
2744,bloedonderzoek
2745,neurohormoonbepalingen
2746,batterijen
2747,levensgevaar
2748,verbreed
2749,ontraden
2750,gecombineerde
2751,bradycardie
2752,rechter ventrikel
2753,standaardnazorg
2754,standaardtherapie
2755,in ons ziekenhuis
2756,toeneemt
2757,casuïstische mededelingen
2758,belangrijke
2759,gebruikelijke
2760,snellere
2761,spontaan
2762,breed
2763,individuele
2764,gedrag
2765,doorverwijzen
2766,wikkelhart
2767,hyperfiltratie
2768,monitoring
2769,rikssvikt
2770,klinisch onderzoek
2771,literatuurreview
2772,terugstromen
2773,mengelmoesje
2774,nadenken
2775,ketenzorg
2776,weefselhypoperfusie
2777,cardiotoxiciteit
2778,cardiomyopathie
2779,gerapporteerde
2780,opvattingen
2781,neuropathie
2782,pulmonale dyspneu
2783,multivariabele
2784,beveelt
2785,betere
2786,moeizaam
2787,onverklaarde
2788,pulsaties
2789,onbetrouwbare
2790,biventriculaire
2791,bleek carvedilol
2792,bijscholing
2793,gfr
2794,kleppen
2795,risico
2796,perfusie
2797,veelvoorkomende
2798,basisartsen
2799,lijdt
2800,jicht
2801,gestart
2802,snp
2803,communiceert
2804,r-9
2805,clopidogreltherapie
2806,hulpverlening
2807,merendeel
2808,intra-aortale
2809,bescherming
2810,tricuspidalisklepvlak
2811,ingenomen
2812,realiteit
2813,follow-up
2814,verantwoordelijk
2815,expertpanel
2816,doelstelling
2817,verzwakt
2818,thiazidediuretica
2819,terugresorptie
2820,ontwikkelingskosten
2821,kijf
2822,aangevraagd
2823,zeldzaam
2824,kaderhuisarts
2825,achilleshiel
2826,morfine
2827,oog
2828,hinderlijke
2829,verdraagbaarheid
2830,in-vitrostudie
2831,vaat-vernauwende
2832,echocardiografische
2833,vochtretentie
2834,medische voorgeschiedenis
2835,pasten
2836,als
2837,ondersteuning
2838,acenocoumarol
2839,longen
2840,5fu-expositie
2841,voorzorgen
2842,kwantificeren
2843,begrippen
2844,serumelektrolyten
2845,opgezet
2846,stuwing
2847,apoptose verloopt
2848,overbruggingsprocedures
2849,verwezen
2850,getransfecteerd
2851,aldosteronreceptoren
2852,casus
2853,organen
2854,en
2855,1 c
2856,weer
2857,wachtlijst-
2858,wetenschappelijk
2859,gestimuleerde
2860,tussen
2861,zelfmedicatie
2862,weergegeven
2863,functionele
2864,afhangt
2865,gunstige
2866,bestonden
2867,voorgeschiedenis
2868,opvallend
2869,oestrogeenagonistische
2870,digitalis
2871,65-plussers
2872,rol
2873,bewegingspatroon
2874,voorspelbaar
2875,hartactie
2876,hoofddoelen
2877,kortdurend
2878,prostaathypertrofie
2879,beschouwd
2880,tachycard
2881,anxiolytica
2882,gediagnosticeerd
2883,schatting
2884,in bèta-adrenerge
2885,cytokinen
2886,aortae
2887,longziekte
2888,intraveneuze
2889,cohort
2890,falend
2891,afgedrukt
2892,toont
2893,mfm
2894,reversibel
2895,geen
2896,gezondheidszorgsysteem
2897,klepoperaties
2898,treedt
2899,bijgesteld
2900,uitstellen
2901,herhaald
2902,meetpunt
2903,luchtwegen
2904,afremmen
2905,cardiovasculaire
2906,griepvaccinatie
2907,slaapstoornissen
2908,gehanteerd
2909,slechte
2910,onderhydratie
2911,daags
2912,diabetes mellitus
2913,remt
2914,cyclo-oxygenase
2915,apotheker
2916,symptoomverbetering
2917,kinderschoenen
2918,negroïde
2919,inspanning
2920,uitkomsten
2921,zouthuishouding
2922,systematischer
2923,ademfrequentie
2924,zelfzorg
2925,remming
2926,afvragen
2927,bevond
2928,diuretische
2929,biologische
2930,explorerend
2931,vochtinname
2932,borstholte
2933,significant
2934,conditietraining
2935,geruisen
2936,uitval
2937,low-output'-syndroom
2938,uitgesteld
2939,ouderen
2940,armhoogte
2941,geijkt
2942,kinderleeftijd
2943,aldosteronreceptorantagonist spironolacton
2944,hartsouffle
2945,percutane
2946,overige organen
2947,operationele
2948,voorbehandeling
2949,bemoedigend
2950,bemoeilijkt
2951,opname
2952,zeldzame
2953,demping
2954,triphosphate
2955,benauwdheid
2956,geïndiceerd
2957,rupturering
2958,bevelen
2959,gezorgd
2960,hartslag
2961,kamerfunctie
2962,uitkomstmaat
2963,doorverwezen
2964,personal pills
2965,hulpverleners-ambulanciers
2966,bespaard
2967,sub
2968,klinische uitkomsten
2969,controlegroep
2970,einddiastolische
2971,polsfrequentie
2972,specialisten
2973,revalidatie
2974,hartinfact
2975,aanvroegen
2976,vaatverwijders
2977,gespecificeerde
2978,toetsen
2979,vaatverwijdende
2980,dilatatoire
2981,toedieningsvorm
2982,dieetdagboek
2983,gereduceerd
2984,onderdrukken
2985,val-heft-
2986,door
2987,sublinguaal
2988,bel
2989,streefdoseringen
2990,casuïstiek
2991,klinisch stabiel
2992,collapspunt
2993,diabetespatiënten
2994,borst-
2995,copd-exacerbaties
2996,asymptomatische
2997,vormde
2998,icd-drager
2999,wekelijkse titratie
3000,geïntegreerd
3001,afferente
3002,harde
3003,vooralsnog
3004,traag
3005,analyse
3006,epd's
3007,contractiliteit
3008,gedeblokkeerd
3009,natriuretische
3010,fluorescent resonance energy transfer
3011,alcoholgebruik
3012,lange
3013,twijfel
3014,converting enzyme
3015,hoofdeinde
3016,hartaanval
3017,opstaan
3018,perfusiescintigrafie
3019,niet-selectief
3020,hartas
3021,apparatuur
3022,meters
3023,nycturie
3024,framingham
3025,toekomst
3026,biochemische
3027,intercurrent
3028,mortaliteitsafname
3029,cytostaticum
3030,triamtereen
3031,plasmaconcentratie
3032,behandelopties
3033,hypothese
3034,cibis
3035,icd-implantatie
3036,hemodynamisch
3037,methodologische
3038,aspecifiek
3039,pijler
3040,nauwere
3041,redmiddel
3042,verwerkings-
3043,conditie ontslagen
3044,omgezet
3045,speurtocht
3046,af
3047,darmwand
3048,bnp-waardes
3049,hoge
3050,praktijkondersteuner
3051,cvd
3052,therapeutische breedte
3053,ongunstig
3054,medicamenteuze
3055,evenmin
3056,reutelende
3057,onderzoeksvraag
3058,atrioventriculaire
3059,vullingsdrukken
3060,gebleken
3061,antihypertensivum
3062,ace-inhibitor
3063,vaten
3064,inspelen
3065,cruciale
3066,uitwisseling
3067,overlevingsduur
3068,uitdiepen
3069,transmurale
3070,eenduidig
3071,ventrikeldiastole
3072,aanbevolen
3073,vertekenende
3074,biomarker
3075,maakt
3076,adrenaline
3077,diureticabeleid
3078,elders
3079,bruikbaar
3080,positie
3081,klinische beoordeling
3082,uitgangsgewicht
3083,nut
3084,constrictoire
3085,uitgelokt
3086,ertoe
3087,afgeraden
3088,klinische diagnostiek
3089,inspannings-ecg
3090,vlakke hand
3091,statines
3092,celkweek
3093,aanvullende
3094,meta-analyses
3095,criteriumvaliditeit
3096,therapieprotocol
3097,structuurveranderingen
3098,etiologisch
3099,european society
3100,cardiac
3101,adjuvante setting
3102,trouw
3103,lagere
3104,streefwaarde
3105,dp
3106,dermate
3107,palliatieve
3108,type'-myocyten
3109,ascitesvocht
3110,medicamenteus
3111,hartrevalidatiearts
3112,klinische evolutie
3113,verbrede ictus
3114,tekort
3115,gemeenschappelijk
3116,hand
3117,dihydropyridines
3118,potentiële
3119,efferens
3120,beperk
3121,anaesthetica
3122,medische
3123,wegwijzers
3124,trainbaar
3125,copernicus-studies
3126,hoofd
3127,geblokkeerd
3128,beoordelen
3129,outcome
3130,diabetes
3131,bijzonderheden
3132,capaciteit
3133,niet-acute
3134,baseerde de diagnose
3135,gedilateerd
3136,min-1
3137,palliatie
3138,verschijning
3139,primaire
3140,metformine
3141,thorax
3142,kosteneffectief
3143,ijzerstatus
3144,systolische
3145,kansrijk
3146,geschiedenis
3147,hulpverleners
3148,primaire klacht
3149,cardiaal
3150,acuut hartfalen
3151,gevolge
3152,oorzaken
3153,actief
3154,ter bevestiging
3155,lvsd
3156,rechterventrikel
3157,ademhaling
3158,5fu-toxiciteit
3159,hemodynamische stabilisering
3160,dichtgedrukt
3161,plasma-bnp-concentratie
3162,bnp-
3163,obstructie
3164,longfunctieafwijkingen
3165,toename
3166,echografie
3167,open hartchirurgie
3168,gesimuleerde
3169,buikafwijkingen
3170,elektroforese
3171,fysiologische
3172,venen
3173,mortaliteit
3174,waterretinerende
3175,ß-blokkade
3176,proef
3177,weigert
3178,verricht
3179,kwaad
3180,onderzoekende
3181,lichamelijk
3182,achtergrond
3183,lis-
3184,afkapwaarden
3185,doelen
3186,activiteiten
3187,achteruitgang
3188,tegenstanders
3189,zwak
3190,gepresenteerd
3191,geneesmiddel
3192,serumcholesterol-
3193,nebivolol
3194,anamnese elektrocardiografie
3195,effectieve
3196,onderscheiden
3197,angiotensine-converterend-enzymremmers
3198,borst
3199,verhogen
3200,cardiale-resynchronisatietherapie
3201,2x2-opzet
3202,brieven
3203,gevoelsstoornissen
3204,niertubulus
3205,msec
3206,korter
3207,dubbele
3208,european society of cardiology
3209,microalbuminurie
3210,gekomen
3211,syndroom hartfalen
3212,relaxeert
3213,klinische status
3214,doorzocht
3215,tekenen
3216,eenmalige
3217,leegstrijken
3218,tegen
3219,diarree
3220,remmer
3221,tweede herziening
3222,was
3223,eerste
3224,uitvallers
3225,contractiele
3226,ramus
3227,al
3228,dilatatie
3229,kleine
3230,grote schaal
3231,onduidelijk
3232,preventie
3233,antiaritmicum
3234,geë-valueerd
3235,controle-echocardiografie
3236,vermogen
3237,afstemmen
3238,implantatie
3239,systolische disfunctie
3240,lever
3241,werpt
3242,linkerkamerdisfunctie
3243,chloortalidon
3244,gebruikte
3245,achtergronden
3246,lactaatacidose
3247,zodanig
3248,bradykinine
3249,bolus
3250,voetzoolreflexen
3251,diagnostische
3252,deficiëntie
3253,veldtest
3254,metoprololgroep
3255,multicentrisch
3256,werkzame
3257,rhonchi
3258,water
3259,actieve
3260,pompen
3261,bnp-uitslag
3262,vigerende
3263,is
3264,inotropieafhankelijk
3265,geneesmiddelonderzoeken
3266,opbouwen
3267,acetylsalicylzuur
3268,normale
3269,myocard
3270,uitsluiten
3271,opsporing
3272,aldosteronspiegel
3273,ijzersuppletie
3274,aritmieën.8
3275,opgespoord
3276,heviger
3277,allelfrequentie
3278,hemodynamiek
3279,pci
3280,ß1-adrenerge
3281,lethargische
3282,cytochroom
3283,vertraagde
3284,probleem
3285,klinische onderzoeken
3286,vastgesteld
3287,acceptabel
3288,buikklachten
3289,klasse geneesmiddellen
3290,beta-blokkers
3291,redenen
3292,angio-oedeem
3293,teruggeperst
3294,biomedicine
3295,preëxistente
3296,fluorouracil-prodrugs
3297,samengaat
3298,negentien
3299,hier
3300,efficiëntere
3301,fibrinolytische
3302,recenter
3303,overwogen
3304,onverwacht
3305,mechanismen.1
3306,diureticadoseringen
3307,onbesproken
3308,geïdentificeerd
3309,belaste
3310,spironolacton
3311,arb's
3312,proefschrift
3313,vullings-
3314,verwijzing
3315,overgewicht
3316,nader
3317,linkerventrikelondersteuningspomp
3318,filtratieoppervlak
3319,gepoogd
3320,coumarines
3321,decom-pensatio cordis
3322,trials
3323,ventriculaire
3324,decompensatio cordis
3325,factoren
3326,stolsels
3327,cardiologische
3328,relaxatietijd
3329,klagen
3330,eenmaaldaags
3331,zelfbedrog
3332,oa
3333,chf
3334,borstkanker
3335,rd
3336,positief
3337,hypercholesterolemie
3338,publicatiebias
3339,arts
3340,hoest
3341,afstandsmeting
3342,validering
3343,geleide
3344,hypercapnie
3345,supraventriculaire
3346,seksuele
3347,longembolie
3348,gangbare
3349,antibiotica
3350,na 6 h
