0,intégral
1,position
2,représentation
3,auquel
4,route
5,tangibles
6,reconnu
7,réserves
8,renouvelées
9,statutaire
10,jugements
11,dirigeants politiques
12,garde
13,forestières
14,développement
15,crise
16,conduite administrative
17,irlandaise
18,corruption15
19,critères
20,harmonisées
21,intérieur
22,solliciter
23,réglementations
24,remplir
25,instigatrice
26,privilèges
27,agences
28,traité
29,employées
30,financières
31,internationalisation
32,infractions fiscales
33,concordera
34,transition
35,intégré
36,délit
37,proportionnées
38,sanctions pénales
39,fonction publique
40,encourus
41,sport
42,délégation
43,internes
44,insu
45,étudiée
46,privé-public
47,rémunérée
48,résister
49,services
50,prend
51,réunion
52,liberté
53,externes
54,complémentaires
55,pris
56,liées
57,suggestions
58,événement
59,entamera
60,décide
61,affaires
62,sensibilisation
63,fois
64,soutenue
65,instauré
66,versé
67,précisant
68,missions d' expertise
69,corruption
70,renforcée
71,continuité
72,règles
73,activement
74,trois
75,objectif
76,indue
77,politiques
78,dissuasives
79,pots-de-vin
80,est-à-dire
81,fréquence
82,réseau
83,souligné
84,attirer
85,réalisée
86,contractuel
87,aller
88,transversal
89,préjudiciel
90,finance
91,extérieur
92,éthiques
93,incité
94,paragraphe
95,placement
96,engagé
97,étroite
98,intensifier
99,donnent
100,délégation de tâches
101,accent
102,physiques
103,rejoint
104,conduisirent
105,eurojust
106,système
107,plan
108,accordera
109,montré
110,jugement
111,entités
112,adhésion
113,pilote
114,projets
115,engageant
116,expose
117,fournissent
118,interinstitutionnel
119,compromettre
120,exigées
121,secrétaire
122,contre-productive
123,entraide
124,mises
125,pouvoirs
126,se
127,système de comptabilité
128,tribunaux
129,contact
130,confiance
131,duplication
132,aux
133,secteur privé
134,décideurs
135,renforçant
136,doubles emplois
137,transfrontalières
138,enracinés
139,décision-cadre
140,prorogeable
141,tôt
142,actions
143,modification
144,détournement
145,insuffler
146,bras
147,punit
148,plein
149,appui
150,acteurs
151,étudiées
152,assurer
153,phénomène
154,annuler
155,intégralement
156,préjudiciables
157,infraction pénale
158,objet
159,appartenir
160,mondiale
161,communication
162,limité
163,changements
164,entré
165,verrouillage
166,permanente
167,accordée
168,devenant
169,renforce
170,dispositif
171,donne
172,sursis
173,complices
174,retenus
175,multiplication
176,contractantes
177,actes
178,feront
179,30e
180,point
181,énergie
182,prises
183,punissables
184,imposable
185,septième
186,susmentionné
187,extérieurs
188,incapable
189,rouages
190,rapport
191,trame
192,complice
193,disposition
194,conviction
195,évidence
196,dépistage
197,humaines
198,frontières intérieures
199,premier
200,emploi
201,transposition
202,qui
203,crise financière
204,inséré
205,libre-échange
206,sous
207,impliquer
208,ensoleillée
209,prolongement
210,associés
211,j.r.v.a.
212,inscrite
213,organes
214,territoriale
215,effectuer
216,exposer
217,conclusions
218,étroitement
219,font
220,stratégies
221,seraient
222,correspondants
223,réciprocité
224,remplacer
225,en 2011
226,active
227,petite
228,fixés
229,physique
230,entrant
231,activité(s
232,mandant
233,siège
234,système financier
235,local
236,engrenage
237,deux
238,constitutionnelles
239,élimination
240,intègres
241,autres
242,assistance opérationnelle
243,instruments
244,exécuter
245,intégration
246,efforts
247,acquittent
248,secteur
249,menaces
250,systèmes nationaux
251,association
252,centrale européenne
253,c'
254,le
255,culturel
256,international
257,améliorer
258,spécifié
259,oriental
260,entre
261,définis
262,parallèle
263,légère
264,pénale
265,spécifique
266,en avant
267,couvrant
268,dispositions
269,elle-même
270,associations
271,et
272,missions spécifiques
273,garantissent
274,soupçons
275,commerciale
276,conventions pénale
277,terminologie
278,envisager
279,infligée
280,répression
281,amélioration
282,toujours
283,internationale
284,corruptif
285,réorientée
286,citoyens
287,dégager
288,promotion
289,trucage
290,pacte
291,principales
292,fournisseur
293,internet
294,financier
295,appuie
296,exerçant
297,pouvoir
298,interinstitutionnels
299,chevauchement
300,entité
301,civile
302,inverse
303,indirect
304,lutte
305,intégrées
306,conduire
307,commis
308,aggravantes
309,arrêtés
310,transnationales
311,traitement
312,avancement
313,indirecte
314,amende
315,mécanismes
316,confiscation
317,acquise
318,équitable
319,statut
320,conclusion
321,notions
322,communautaire
323,incitation
324,droit
325,national
326,approbation
327,appliquée
328,moyens
329,administrative
330,entraînant
331,simplifiée
332,début
333,annexe
334,conjointe
335,élaborés
336,ouverte
337,g.
338,rassembler
339,transparence
340,instaure
341,les
342,lecture
343,démission
344,vigilant
345,communautaires
346,économiques
347,attentive
348,permettrait
349,évaluation
350,renouvelé
351,étend
352,investissements
353,corrupteurs
354,responsabilité
355,concurrentielle
356,charger
357,échappent
358,catalyseur
359,effets
360,atténuer
361,contribution
362,convenablement
363,instruction
364,satisfaire
365,conduite
366,montant
367,recouvrement
368,rapports
369,tirer
370,approche globale
371,cycle
372,financement
373,acceptation
374,voyage
375,site
376,postaux
377,condamner
378,garantirait
379,parachever
380,revenus
381,règles de fonctionnement
382,redéployés
383,basés
384,proposition
385,découlant
386,prélèvent
387,déontologique
388,services répressifs
389,zones
390,suffisants
391,renseignement
392,coercition
393,partenaires
394,gardez
395,interinstitutionnelle
396,imposant
397,est
398,novembre
399,du
400,sécurité intérieure
401,public-privé
402,assemblée générale
403,intervention
404,comportement
405,réclamer
406,décimes
407,étudier
408,compétences
409,appuyant
410,collégial
411,détaillés
412,empêche
413,production
414,participer
415,créée
416,chevauchements
417,achats
418,maintes
419,final
420,rigoureux
421,intérêts
422,démocratisation
423,ultérieur
424,transparentes
425,sévèrement
426,avancés
427,obligation
428,extraditions
429,différents
430,extérieure
431,oblige
432,écrit
433,vigueur
434,personne
435,principal
436,unité
437,conférant
438,coût
439,échelle
440,contractante
441,politique
442,rendra
443,gardienne
444,internationaux
445,web
446,passeport
447,discussion
448,systémiques
449,risque
450,investisseurs
451,transversaux
452,société
453,conjoint
454,libellé
455,joint-venture
456,émanant
457,actives
458,forme
459,déterminant
460,devoirs
461,action
462,dévoiler
463,prévention
464,fonctions
465,causer
466,applique
467,rapporteurs
468,élan
469,indélicat(e)
470,paragraphe 3
471,audit
472,mutuel
473,rapporteur
474,formations
475,pied
476,séparément
477,soumissionnaires
478,terme
479,article 1er
480,évaluée
481,gouvernance
482,points
483,incitatives
484,marchés
485,mise en œuvre
486,lignes
487,services publics
488,temporaire
489,second
490,traitées
491,contrôle
492,euros
493,m'
494,général
495,partiel
496,juillet
497,subventions
498,instigation
499,punissable
500,ratifier
501,considérer
502,procédurales
503,transfrontalière
504,suivi
505,européennes
506,calculer
507,réactiver
508,928 / ce
509,investissement
510,fréquemment
511,commissions
512,vérifier
513,fondera
514,porte
515,conditions
516,représenté
517,réguliers
518,membres[10
519,desquelles
520,dissimulation
521,criminelle
522,observateur
523,abrogeant
524,instaurer
525,eurobaromètre
526,langue
527,révision
528,publics
529,contribuerait
530,modifications
531,clé
532,capitaux
533,injustifiée
534,surcroît
535,actif
536,tient
537,pays
538,arrête
539,figurer
540,entraîne
541,faire
542,établit
543,coopération internationale
544,données
545,potentiels
546,procédant
547,commises
548,entendent
549,partenaire
550,ouverture
551,pot-de-vin
552,remplacement
553,surveillance
554,exécution
555,politique permanent
556,fonctionnement
557,participation
558,justice
559,révélées
560,concours
561,nature
562,police
563,accrue
564,limiter
565,intéressés
566,financiers
567,sous-groupe
568,accordé
569,ouvrir
570,supplémentaires
571,émettre
572,contiennent
573,paiement
574,europol
575,de
576,recherche
577,durable
578,ii
579,codes
580,alourdissant
581,décision
582,série de protocoles
583,prévoyant
584,marché
585,adhésion spécifiques
586,fonde
587,rassemblement
588,entrée
589,engagement
590,acte
591,performances
592,réexamine
593,commettre
594,résultats
595,délits
596,classement
597,financière
598,privé
599,aborder
600,fédérées
601,surveillée
602,clés
603,sanctionnée
604,amples
605,étude
606,gérer
607,légalité
608,contrats
609,élaborer
610,desmdispositions
611,exercer
612,alliot-marie
613,garantir
614,paneuropéen
615,organe
616,contractuelle
617,formes
618,alemanno
619,élargis
620,recherches
621,directeurs
622,droit pénal
623,évaluations
624,conserver
625,entreprises
626,précisions
627,entend
628,confient
629,imposer
630,répressives
631,consommateur
632,rôle
633,traite
634,spécificités
635,insuffisant
636,changement
637,stratégie
638,priorité
639,tournante
640,encouragés
641,sociaux
642,complétée
643,flux
644,ultérieurement
645,mesure
646,territoire
647,particulier
648,refondre
649,impliquant
650,remarques
651,discrètement
652,directives
653,transitoires
654,évolutions
655,protocoles
656,détaché
657,amendes
658,avantage
659,ligne
660,préadhésion
661,2658e
662,exercice
663,détourner
664,occultes
665,leçons
666,budgétaires
667,fédéraux
668,protocole
669,incrimination
670,charge
671,renouvelée
672,rassemble
673,législatif
674,non
675,naturellement
676,croisière
677,procèder
678,dénoncer
679,esprit
680,engager
681,vient
682,programmes
683,traités
684,six
685,des
686,nationaux
687,augmenté
688,rester
689,entreprise
690,levier
691,comptabilité
692,contre la fraude
693,recommandation
694,attiré
695,programme spécifique
696,processus
697,étanchéité
698,élargie
699,infraction
700,découlent
701,transposée
702,régulière
703,sens
704,naturelles
705,arme
706,déductible
707,enverrait
708,responsabilités
709,emprisonnement
710,groupes
711,éradiquer
712,poursuivre
713,remplis
714,en suspens
715,abus
716,baisser
717,attribué
718,exposés
719,conférer
720,conservées
721,compétition
722,management
723,courtoisie
724,abrogée
725,tranché
726,rémunération
727,incertitude
728,commune
729,autonome
730,17 / ec
731,requise
732,consacrés
733,refonte
734,appuient
735,autrui
736,supervision
737,interrogées
738,transparency
739,insérer
740,crédit
741,européen
742,public
743,cessation
744,ensuite
745,rotation
746,victime
747,débattus
748,récupération
749,impacts
750,premières
751,couvrir
752,atteindre
753,entreprises multinationales
754,délimiter
755,engagées
756,dressé
757,fonctionnaire
758,préventive
759,agents
760,professionnelles
761,auto-nettoyage
762,économie
763,emplois
764,développer
765,recrutement
766,signal
767,présidente
768,légaux
769,promet
770,envisagées
771,intermédiaire
772,centralisée
773,illégale
774,accepter
775,belgique
776,organismes
777,alléguée
778,complicité
779,élargissement
780,systèmes multilatéraux
781,exclusion
782,transfrontaliers
783,octobre
784,étrangers
785,décrivant
786,sensibles
787,dudit
788,extracomptables
789,arrêt
790,enchères
791,prix
792,exploité
793,entamées
794,dynamique
795,assistance
796,suggère
797,appuyer
798,question
799,enrichissement
800,secteurs
801,électorales
802,tentation
803,ouvertes
804,impact
805,sociétés
806,ans
807,fortes
808,pairs
809,réserve
810,sous-traitance
811,interdiction
812,saisie
813,étrangères
814,contrôlée
815,subvention
816,compétence externe
817,conférés
818,professionnels
819,dotation
820,pas
821,président
822,années
823,dépistés
824,médias
825,désignation
826,routes
827,agréments
828,manuel
829,souple
830,déposer
831,gestion
832,proposer
833,échangées
834,argent
835,candidats
836,morale
837,prendre
838,lien
839,citoyen
840,chantage
841,projet
842,conflits
843,considération
844,insuffisances
845,greco
846,collusoires
847,présidence
848,contre la corruption
849,puissant
850,commerce
851,sanction
852,non-ratification
853,entrés
854,croate
855,informations
856,services financiers
857,confère
858,expérience
859,abus de fonctions
860,enfreint
861,équilibre
862,transfrontière
863,principes
864,section
865,abm
866,avis
867,paragraphe 2
868,contacts
869,puissance
870,mission
871,judiciaire
872,pluriannuel
873,absence
874,englobe
875,contre
876,allié
877,extérieures
878,soumis
879,cd
880,courez-vous
881,transports
882,non-invocation
883,cadre
884,bénéfice
885,article
886,fixée
887,envisagera
888,directe
889,éthique
890,profit
891,intégrante
892,systèmes de contrôle
893,www.ecb.europa.eu
894,information
895,ex
896,mai
897,suffrage universel
898,branche
899,on
900,objectifs
901,accroître
902,fait
903,calme
904,différends
905,tirées
906,morales
907,équité
908,surveillance interne
909,secours
910,atteints
911,acception
912,étudiera
913,train
914,structure
915,encourager
916,capacités
917,fonction
918,évitant
919,cnd
920,secrétariat
921,décentralisée
922,cohésion
923,politique extérieure
924,préventives
925,réactive
926,générer
927,soupçon
928,évoluer
929,appartenance
930,offrant
931,procédé
932,nationales
933,criminalité
934,harmonise
935,envergure
936,mise
937,contre-productif
938,noire
939,papier
940,relève
941,multirégionales
942,générales
943,accentué
944,concernée
945,vérification
946,internationales
947,antifraudes
948,paragraphe 1
949,pression
950,positions
951,cofinancement
952,entendre
953,sanctionnent
954,attendu
955,lignes de conduite
956,bce
957,renforcement
958,contrôleur
959,change
960,nationale
961,centrale
962,avoirs
963,création
964,ce
965,à la commission
966,anticorruption
967,revenu
968,dissolution
969,réputation
970,concertation
971,attention
972,long
973,inciter
974,préoccupant
975,accord
976,existent
977,conseil
978,imposée
979,reprises
980,membres
981,unilatérale
982,supplémentaire
983,entrave
984,m.
985,punisables
986,techniques
987,initiative
988,charges
989,matchs
990,avant-propos
991,engagent
992,susciter
993,taxes
994,récompense
995,évalué
996,tâches
997,tests
998,soutien
999,dans
1000,intérimaire
1001,est-ce
1002,pénal
1003,franchis
1004,accru
1005,établissent
1006,expression
1007,généraux
1008,avantages
1009,comptes
1010,développés
1011,sanctions
1012,policière
1013,pratiques
1014,claires
1015,professionnel
1016,confrontées
1017,déséquilibre
1018,américaine
1019,desdits
1020,accès
1021,corrélation
1022,cf.
1023,requérant
1024,programme
1025,inclura
1026,centrée
1027,suite
1028,soumettre
1029,prolongation
1030,lié
1031,niveaux
1032,déontologie
1033,antifraude
1034,circonstances
1035,abrogation
1036,perception
1037,flexibilité
1038,exposé
1039,permis
1040,présentera
1041,systèmes
1042,révolues
1043,débats
1044,incriminer
1045,égard
1046,bourse
1047,coopérer
1048,dénoncent
1049,entériné
1050,compétence
1051,constitutifs
1052,poursuite
1053,draghi
1054,considérables
1055,criminels
1056,commercer
1057,contrôles légaux
1058,technique
1059,revêtant
1060,contrôleurs légaux
1061,cas
1062,dénonciateurs
1063,échange d' informations
1064,apprentissage
1065,instant
1066,conditionnalité
1067,indépendance
1068,entérinées
1069,sera
1070,multilatéraux
1071,assouplissement
1072,multiplier
1073,personnel
1074,agir
1075,en
1076,susmentionnés
1077,cohérence
1078,mesures
1079,équipes
1080,illimité
1081,étendue
1082,drogue
1083,réseve
1084,concurrence
1085,ambiguïté
1086,combattre
1087,suppléants
1088,axes
1089,termes
1090,article 5
1091,adhésions
1092,sécurité
1093,ocrc
1094,légèrement
1095,immunité
1096,susmentionnées
1097,système d' évaluation
1098,doubles
1099,litige commercial
1100,retentissantes
1101,préciser
1102,choix
1103,huit
1104,qualité
1105,suspension
1106,événements
1107,à la convention
1108,juridictionnel
1109,établi
1110,progressent
1111,liés
1112,salaires
1113,acquittée
1114,décisions-cadres
1115,bilatérales
1116,modernisation
1117,députés
1118,1er
1119,législative
1120,contrôles systématiques
1121,secret
1122,encadrant
1123,représailles
1124,volonté
1125,corrupteur
1126,pénalement
1127,établissant
1128,oeuvre
1129,échéant
1130,participent
1131,transnationale
1132,indu
1133,géré
1134,couvre
1135,la
1136,ressortissants
1137,retenu
1138,déboucher
1139,court
1140,compte
1141,quelconque
1142,n° 2
1143,chevauchent
1144,évaluera
1145,encouragées
1146,déployés
1147,petites
1148,énoncées
1149,déontologiques
1150,réserves émises
1151,d'
1152,effet
1153,procéduraux
1154,ledit
1155,fonctionnaires
1156,imposition
1157,intégrité
1158,au-delà
1159,soulignée
1160,blanchiment
1161,éléments
1162,échelle internationale
1163,lacunes
1164,priorités
1165,unies
1166,préjudice
1167,dijsselbloem
1168,peine
1169,surveillance électronique
1170,contrôleurs
1171,interprétation
1172,contrat
1173,commerciaux
1174,négocié
1175,libertés
1176,pratique
1177,éviter
1178,partagée
1179,code
1180,n'
1181,ad
1182,règle
1183,spf
1184,travers
1185,soumissionnaire
1186,joue
1187,arrêter
1188,dialogue
1189,complémentarité
1190,partenariat
1191,instaurées
1192,régionales
1193,mois
1194,notion
1195,efficacité
1196,jouent
1197,courant
1198,agirait
1199,saines
1200,étranger
1201,annuel
1202,ouvert
1203,lobbying
1204,remédier
1205,icc
1206,exterieurs
1207,en dehors
1208,liens
1209,réunissent
1210,aide
1211,jeu
1212,ocde
1213,statistiques
1214,article 9
1215,existantes
1216,serons
1217,opérationnels
1218,coordination / logistique
1219,commerciales
1220,loyauté
1221,interdépartemental
1222,conventions
1223,tierces parties
1224,infractionnels
1225,désapprobation
1226,réseaux
1227,coopération
1228,officiel
1229,rendre
1230,affaire
1231,reprogrammation
1232,infractions
1233,législatives
1234,passe
1235,progressivement
1236,soustraction
1237,réunions
1238,coûteuse
1239,enquête
1240,boursiers
1241,série
1242,face
1243,surcoûts
1244,parties
1245,opérationnelle
1246,but
1247,missions
1248,régime
1249,lieu
1250,définitions
1251,englober
1252,accompagne
1253,réaliste
1254,cotées
1255,perdent
1256,interne
1257,lutter
1258,paragraphe 5
1259,mécanisme
1260,protection
1261,demandée
1262,introduction
1263,croisés
1264,infliger
1265,distorsion
1266,lettres
1267,consigne
1268,intérieures
1269,commettent
1270,governance
1271,inadmissible
1272,postes
1273,juges
1274,inscrit
1275,indus
1276,abroger
1277,répressive
1278,gouverneurs
1279,élaborez
1280,principe
1281,commission
1282,procès-verbal
1283,détriment
1284,paragraphes 1
1285,recours
1286,visées
1287,considérant
1288,sanctionner
1289,partis politiques
1290,vote
1291,désigne
1292,office
1293,dissimuler
1294,abstenir
1295,biens
1296,lignes directrices
1297,fournitures
1298,jour
1299,chapitre
1300,industries extractives
1301,concurrentielles
1302,délicates
1303,intergouvernemental
1304,passive
1305,éradiqueront
1306,obstacle
1307,saisir
1308,rendu
1309,18 / ec
1310,agissant
1311,affectent
1312,prenant
1313,coordination
1314,confronté
1315,direction
1316,passage
1317,porter
1318,acquis
1319,cour
1320,voisins
1321,réalisées
1322,activité
1323,désigné
1324,mettre
1325,conformément
1326,règlement
1327,engagée
1328,améliorations
1329,glisse
1330,surveiller
1331,vu
1332,agit
1333,impulsion
1334,car
1335,européenne
1336,économique
1337,dressera
1338,mars
1339,juge
1340,engagements
1341,aisément
1342,contexte
1343,place
1344,ou
1345,dirigeants
1346,comptables
1347,diffusion
1348,instrument
1349,avancé
1350,possibilité
1351,transferts
1352,entrepreunariat
1353,contrôle interne
1354,administratives
1355,arrêté
1356,perturbé
1357,chargé
1358,stade
1359,textes
1360,harmonisée
1361,sévir
1362,outil
1363,avancer
1364,morales16
1365,sape
1366,collaborer
1367,spécifiques
1368,programmation
1369,su
1370,instigatrices
1371,agréées
1372,environnement
1373,irrégularités
1374,valables
1375,aggravant
1376,figurent
1377,dédie
1378,anciens
1379,démocratiques
1380,ne
1381,occulte
1382,pénales
1383,législature
1384,privés
1385,synthèse
1386,marché intérieur
1387,peines
1388,ordre
1389,participerait
1390,organisation
1391,manière
1392,contractant
1393,maintien
1394,recommandations
1395,preuve
1396,convaincre
1397,droits
1398,transfert
1399,externe
1400,cours
1401,étayer
1402,divulguer
1403,tenus
1404,politiques internes
1405,décision-cadre 2003
1406,n°
1407,énergiquement
1408,moral
1409,tend
1410,conjointement
1411,sans
1412,informer
1413,finances
1414,imposent
1415,temps
1416,chargées
1417,insuffisante
1418,aides
1419,discipline
1420,maints
1421,sous-objectifs
1422,accomplir
1423,influence
1424,néerlandaise
1425,suit
1426,service
1427,convention
1428,engageait
1429,été
1430,négocier
1431,extorsion
1432,activités
1433,visant
1434,détection
1435,observateurs
1436,grises
1437,abstienne
1438,intermédiaires
1439,communes
1440,eau
1441,passation
1442,francfort-sur-le-main
1443,formation
1444,sous la forme
1445,intérieure
1446,raison
1447,entrent
1448,organes extérieurs
1449,dénonciation
1450,inhérents
1451,application
1452,multilatéral
1453,acquitter
1454,échange
1455,fondamental
1456,étroit
1457,tiers
1458,global
1459,connexes
1460,fonder
1461,influencer
1462,appel
1463,susmentionnée
1464,voix
1465,champ
1466,encouragée
1467,comportements
1468,assurant
1469,www.greco.coe.int
1470,bilatéraux
1471,mesurer
1472,similaires
1473,commise
1474,rythme
1475,procède
1476,gestionnaire
1477,ventilation
1478,double
1479,perte
1480,fléau
1481,libéralisation
1482,ratifiée
1483,alarme
1484,collègues
1485,stimuler
1486,adhérents
1487,échelle mondiale
1488,corporate
1489,satisfaisante
1490,aperçu
1491,dégagement
1492,reçoit
1493,corollaire
1494,principaux
1495,soumissions
1496,dissociés
1497,travail
1498,nom
1499,voies
1500,commun
1501,prédominante
1502,encontre
1503,prêter
1504,mutation
1505,débat
1506,technologiques
1507,incombe
1508,revêtent
1509,figureront
1510,inscrivant
1511,figure
