0,economische
1,belonen
2,inbreng
3,onder opmerkingen
4,nationale veiligheidplan
5,bestraft
6,vergroting
7,opstelling
8,gevolgen
9,interinstitutionele akkoord
10,ongepaste
11,gedragsnormen
12,voorlichting
13,ontwerp-kaderbesluit
14,vertragingen
15,beveelt
16,vn
17,kennisgeving
18,nationaal beleid
19,centrale boodschap
20,potentiële
21,richtsnoeren
22,schrikt investeerders
23,uiteengezette
24,belangrijkste
25,kaders
26,overeenkomt
27,deviezenmarkten
28,kansen
29,europese unie
30,verleent
31,geratificeerd
32,ontwikkelingshulp
33,onder eu-burgers
34,vrijhandelsovereenkomsten
35,uitgegeven
36,afhankelijk
37,integratie
38,onafhankelijke
39,directeur-generaal
40,commerciële
41,uitgewisseld
42,communautair
43,onder c
44,welbepaald
45,jed
46,rechtspleging
47,vrijheidsbeneming
48,ingevoerd
49,verhelpen
50,grenzen
51,brug
52,corruptiegeval
53,corrupte handelingen
54,opgave
55,preventie-
56,opschorting
57,uitbreidingsproces
58,ontwerpbegroting
59,oprichting
60,oog
61,marktvoorwaarden
62,definitief
63,toetsingen
64,verlengde
65,aanpakken
66,zijnen
67,voorgelegd
68,georganiseerde
69,overtreden
70,nationale recht
71,besluitvormers
72,hernummerd
73,het europees
74,het voorstel
75,ontneming
76,overheidslichamen
77,voorstel
78,gegevenscategorie
79,regelingen
80,voorwoord
81,eu-agentschappen
82,uitlegging
83,onschendbaarheid
84,gezamenlijk
85,voor het secretariaat
86,beurzen
87,vijfjarige
88,codes
89,preventieve
90,onafhankelijkheid
91,boekhoud-
92,nabuurschap
93,deloyaal
94,dragen
95,kostenraming
96,uitwerking
97,vergezeld
98,koninklijk
99,uitsluiting
100,overheidsboekhouding
101,uitnodiging
102,deelneming
103,aanvaardbaar
104,bezichtigen
105,beroep
106,handelingen
107,bestuurders
108,beheersmaatregelen
109,opgespoord
110,nationale agentschappen
111,ter wereld
112,controlemiddel
113,directie
114,bewustwordingscampagnes
115,betrokken
116,gegevensbescherming
117,beoordelingsmechanisme
118,verenigbaar
119,deelstatelijk
120,beheers-
121,cohesiebeleid
122,veronderstelt
123,doeltreffendheid
124,belang
125,eu-lidmaatschap
126,groepsdwang
127,uitweg
128,geleid
129,wederkerigheid
130,onevenwicht
131,inzetten
132,voorkomen
133,rechtsbevoegdheid
134,gevoerd
135,deskundigengroep
136,overheidsdiensten
137,bankwezen
138,dubbele
139,ontoereikende
140,meewerkt
141,/ ngk
142,afleggen
143,ambt
144,korte
145,beloning
146,ondergeschikte werknemer
147,behoorlijke
148,voor het onderzoek
149,efficiëntie
150,bijstandsmogelijkheden
151,briefwisseling
152,evenals
153,toezicht
154,aanbeveling
155,meermaals
156,noodzaak
157,meerkost
158,ervaring
159,wat doet deze
160,activiteit
161,unie
162,richtsnoer
163,gepaste
164,laatste
165,deugdelijke
166,mag
167,bedrijfsinitiatieven
168,aanvulling
169,bijscholing
170,lever
171,overlegprocedure
172,aansturen
173,implementatie
174,geïntegreerde werkwijze
175,against corruption
176,toetredingsinstrument
177,controlerend
178,aanpak
179,subsidies
180,medewerking
181,vrijhandelsassociatie
182,partijfinanciering
183,kandidaat-lidstaten
184,oeso
185,evalueren
186,strategieën
187,corruptiedelicten
188,drang om de corruptiecultuur
189,inzien
190,oordeel
191,manieren
192,plichten betret
193,herschikking
194,van cotonou
195,inlichtingeneenheid
196,richtingen
197,gestolen
198,controleren
199,gunnen
200,natuurlijke persoon
201,bijgehouden
202,draagvlak
203,rekening
204,vastgelegde
205,hoeverre
206,eu-deelname
207,landen
208,weigeringen
209,wetgevings-
210,posities
211,zakelijke
212,uitwerken
213,evenredige
214,uitsluiten
215,bedraagt
216,tien beginselen
217,transparantie
218,staten
219,vertrouwelijkheid
220,beperkingen
221,geconfronteerd
222,ertoe
223,uitroeien
224,treden
225,bewaking
226,politiediensten
227,wijdt
228,duiden
229,aftrekbaar
230,aangeduid
231,beperkte
232,ierland
233,verlichten
234,raad
235,bij
236,verkregen
237,europol
238,ecb-website
239,efficiënte
240,procedures
241,waarschuwen
242,toezichts-
243,kaderbesluit
244,aanvaard
245,vonnis
246,begin
247,burgerrechtelijk
248,oeso-richtlijnen
249,verschaft
250,confiscatie
251,tuchtregels
252,schuif
253,overheidsgeld
254,natuurlijk
255,verenigde naties
256,europese
257,schatting
258,verbetering
259,treedt
260,alinea
261,regionale
262,multilaterale
263,uitspreken
264,genomen
265,gemeld
266,ondubbelzinnig
267,internationale overheidsopdrachten
268,benadrukt
269,oeten
270,intercollegiale
271,directe
272,corrupte
273,ondersteunende
274,grensoverschrijdende
275,abb-activiteit
276,toezichtsinstrument
277,om
278,beoordeelt
279,kleinbedrijf
280,westelijke balkan
281,maart
282,inzake kwesties
283,eurobankbiljetten
284,bezinnen
285,oeso-overeenkomst
286,openbaredienstverleningstaak
287,bestrĳding
288,toelichting
289,benadrukte
290,geboden
291,democratie
292,verantwoordelijkheid
293,bewijsstukken
294,procedurele
295,aanknopingspunt
296,gemeenschap
297,redenen
298,onderworpen
299,bevoorrading
300,centraal
301,ingang
302,criterium
303,vennootschappen
304,rest
305,hierna
306,juridisch
307,verrichte
308,aanrichten
309,internationale handel
310,hoedanigheid
311,ad-hocoplossing
312,bezien
313,anti-corruptiecultuur
314,hernieuwd
315,begrotingsonderde(e)l
316,conclusie
317,naleefden
318,opties
319,corrupt
320,stappen
321,gestructureerde
322,klemtoon
323,juli
324,vn-verdrag
325,zelfevaluatie
326,ontastbaar
327,oproep
328,leggen
329,kernbegrippen
330,frequentie
331,ermee
332,niet-ratificeren
333,vertegenwoordigers
334,inkomsten
335,methode
336,teamcoördinator
337,bestuursorganen
338,daarenboven
339,de
340,verduidelijkingen
341,world economic forum
342,vermijden
343,90e
344,elk greco-lid
345,beroepsmogelijkheden
346,vervoer
347,rechtspersoon
348,wijst de raad
349,belangrijkste ngo
350,in
351,andere
352,verwijzingen
353,corruptiebestrijdingskwesties
354,extern
355,ministers
356,opmerkingen
357,dynamiek
358,coördinatie
359,ontwikkelingsbeleid
360,contacten
361,voorziet
362,euro
363,medefinanciering
364,corruptiepogingen
365,beoordelingsronde
366,berekenen
367,voordoen
368,publiekrechtelijke
369,ondernemen
370,richten
371,jaarrekeningen
372,stoffen
373,alarmsignalen
374,voorstellen
375,grondgebied
376,oostenrijk
377,bestuur
378,albanië
379,eu15
380,subsidiëring
381,eu-beleid
382,voormelde
383,evaluatiesysteem
384,rechterlijk
385,structuren
386,vereisten
387,nakoming
388,parlementen
389,uitgelegd
390,evaluatieronde
391,onderzoeksmiddelen
392,lidstaten
393,opgericht
394,eu-centrum
395,activiteiten
396,onderhandelingsrichtlijnen
397,terugbezorgd
398,hen
399,mensenhandel
400,opzetten
401,aangegeven
402,suboptimaal
403,eu-rapportagemechanisme
404,capaciteit
405,zetelovereenkomst
406,uitbrengen
407,belangenconflicten
408,keer
409,verkrijging
410,externe deskundigen
411,zorg
412,kredietinstellingen
413,dateert
414,instaat voor de opvolging
415,gerichte
416,gedragingen
417,plichtsverzuim
418,geraamd
419,behelst
420,getreden
421,goedkeuring
422,communautaire
423,mechanisme
424,toepassingsgebied
425,uitsluitingsgronden
426,te luxemburg
427,doeltreffende
428,cohesie
429,leden
430,aanwijzen
431,vergunning
432,nauwgezet
433,algehele
434,overeenkomsten
435,kleinschalige
436,krachtig
437,aangelegenheden
438,verhoging
439,contactpunten
440,nationaal deskundige
441,bestanddelen
442,eu-beleidsterreinen
443,enkel
444,voorzitster
445,toerbeurt
446,leemten
447,uitvoerig
448,onderdaan
449,alliot-marie
450,desbetreffende
451,vastgestelde
452,gedefinieerd
453,beschermingsniveau
454,isa
455,misbruikt
456,multinationale
457,bedrijven
458,oeso-verdrag
459,geef
460,omkleed
461,academische wereld
462,invloed
463,bijstandsprogramma
464,controleerbaarheid
465,bosbouw
466,vakbond
467,geldigheid
468,paspoort
469,3.1.algemene
470,vier eu-leden
471,gedragscode
472,afschrikkende
473,verwante kwesties
474,net
475,immers
476,rechtvaardigen
477,informeert
478,thans
479,voornoemde millenniumstrategie
480,ecb
481,raadgevend
482,geldwitwasrichtlijn
483,langere
484,gedrang
485,beroepsvoorschriften
486,schept
487,malen
488,eu-rechtskader
489,banden
490,afschrikkend
491,privésector
492,nationale bepalingen
493,toetsing
494,activiteitenveld
495,eurojust
496,taken
497,transparantie-
498,directeuren-generaal
499,beginsel
500,geschenken
501,bedrijfspersoneel
502,maatschappelijk middenveld
503,kapitaalmarkt
504,corruptiepraktijken
505,wetgevingen
506,consument
507,instructies
508,openbare macht
509,fod financiën
510,besprekingen
511,conformiteit
512,belastingbetaler
513,uitwisselen
514,hervorming
515,icc belgium
516,achtergehouden
517,verdragsluitende
518,derden
519,bestuurs-
520,gewaarborgde
521,nationale wetgevingen
522,aangekruist
523,betrokkenen
524,klacht
525,handleiding
526,onverwijld
527,handel
528,aanzetting
529,niet-lidstaten
530,eu‑vennootschappen
531,transactiekosten
532,ontwikkeling
533,hoogtij
534,rechtsgrondslag
535,inspectieorganen
536,recht omzetten
537,financiën
538,kwetsbare
539,private
540,algerije
541,gericht
542,toetreedt
543,in kwestie
544,daarover
545,oostelijk
546,nationale publiekrechtelijke organen
547,verwerken
548,ondermijnen
549,d.w.z.
550,instelling
551,ethisch
552,vermogensbestanddelen
553,rechtmatig
554,geledingen
555,beveiligingskenmerken
556,internationale markten
557,crisissituatie
558,schade
559,voor het personeel
560,integriteitssystemen
561,abb-structuur
562,inleidende
563,euratom
564,besluitvormende
565,wijst haar vertegenwoordigers
566,groenboek
567,menselijke
568,vermogen
569,corruptiebestrijding
570,beoordelingen
571,verspreiding
572,rechtsbescheiden
573,dikwijls
574,natuurlijk persoon
575,hinderpaal
576,aan de orde
577,inbreuken
578,belangeloosheid
579,afpersing
580,verantwoordingsplicht
581,contractant
582,activiteitsgestuurd
583,gegevens
584,verricht
585,daders
586,basiselementen
587,toezegt
588,delict
589,hof
590,evenmin
591,toe
592,onderzoek
593,verleend
594,handelsgeschil
595,wto-partners
596,betere statistieken
597,kortetermijntewerkstelling
598,unodc
599,beleid
600,rechtsbijstand
601,juridisch-technische
602,meerwaarde
603,groep
604,aan te vullen
605,communicatiemiddel
606,besluit
607,acties
608,rechtshandhavers
609,verwezen
610,criteria
611,van europa
612,europees sociaal fonds
613,voorzover
614,actueel
615,nationaal vlak
616,licht
617,wereldeconomie
618,evaluatie-
619,partij
620,www.fightingcorruption.org
621,actieplan
622,directie-
623,wisselen
624,toegenomen
625,termijn
626,als
627,beschouwt
628,handhaving
629,nalevingsprocedure
630,misdrijven
631,lossen
632,eu-
633,transparante
634,auditcomitémandaat
635,overgangsfase
636,regels voor eu-deelname
637,fenomeen
638,ontbinding
639,anticorruptie-eenheid
640,onverlet
641,draagwijdte
642,financiële
643,verbanden
644,uitlevering
645,wijziging
646,opzicht
647,herhalen
648,international chamber of commerce
649,gegevensverwerking
650,uitbannen
651,scheidslijnen
652,overheidsopdrachten
653,nauwere
654,combinatie
655,onduidelijk
656,hernieuwde
657,financieringsovereenkomsten
658,uitvoeringstaken
659,steun
660,deskundigheid
661,apart
662,gelegd
663,subsidiewetgeving
664,instantie
665,nalaten
666,hetgeen
667,hier
668,kleine
669,evenwicht
670,schepping
671,stap
672,beoordelen
673,begunstigden
674,aan te nemen
675,water- en energievoorziening
676,zittingsperiode
677,succes
678,sociaal comité
679,nr. 2
680,draagt
681,verbonden
682,geharmoniseerd
683,nationaal recht
684,openbaredienstverlener
685,aan de toestand
686,voordelen
687,deontologie
688,corruptiebestrijdingshervormingen
689,instaan
690,niveaus
691,voltallige
692,zakencontacten
693,tendensen
694,uiteen
695,uitvoer
696,integriteit
697,voor
698,intrekking
699,doelstellingen
700,belgië
701,agentschappen
702,bewijsmateriaal
703,positie
704,beoogd
705,eu-regelgeving
706,gecoördineerde
707,besluiten
708,tonen
709,dienden
710,ingeval staten
711,eu-corruptiebestrijdingsverslag
712,corruptiebestrijdingsautoriteiten
713,ondergeschikt
714,controle
715,integriteitsbeleid
716,voorgenomen
717,regels
718,financieel memorandum
719,verlengd
720,flegt
721,dekt
722,grijze zones
723,vergelijkbare
724,nastreeft
725,onder de werkingssfeer
726,waartussen
727,discreet
728,gtm
729,gegevenscategorieën
730,evaluatierapporten
731,nadruk
732,letland
733,burgers
734,rechtbanken
735,sociale
736,misbruiken
737,def
738,onder het beroepsgeheim
739,overeenkomstig
740,officieel
741,onderzoeksbevindingen
742,personeel
743,internationale instrumenten
744,sport
745,onroerende
746,kosten
747,terreinen
748,rubrieken
749,europa
750,terughaling
751,wto-akkoord
752,onwaarschijnlijk
753,niet‑transparante
754,tijdschema
755,kroatië
756,uitdrukking
757,bijscholingsprogramma's
758,aansprakelijkheid
759,ondermijnt
760,opstellen
761,oprichten
762,instemming
763,houding
764,voorgesteld
765,verzekeringsmaatschappijen
766,vaststelt
767,leiders
768,aannemelijk
769,interne audit
770,aldus
771,nagegaan
772,aanhoudingsbevel
773,ondergraaft
774,internationale rechtsinstrumenten
775,verstrekken
776,wanneer
777,onderstreepte
778,trainingprogramma's
779,belangrijke
780,eu-bbp
781,com
782,anti-corruptiebeleid
783,netwerk
784,verslag
785,stemvrijheid
786,milieu
787,rechterlijke macht
788,scoorden
789,beleidsterrein
790,buitenboekhoudkundige
791,onafhankelijke deskundigengroep
792,synergieën
793,medeplichtigen
794,juli 2002
795,bedrijfsleven
796,wetshandhaving
797,besteed
798,statistieken
799,gefinancierd
800,ets
801,golf
802,eenvoudig
803,g. alemanno
804,overheidsadministraties
805,toe-eigening
806,onregelmatigheden
807,beschermingsmaatregelen
808,nationale wetgeving
809,formuleren
810,volgt
811,rechtspersonen
812,onderschreven
813,gebleken
814,functionaris
815,ten minste
816,smeergeld
817,begripsbepalingen
818,passievecorruptie
819,toezichtmechanisme
820,prestaties
821,toegang
822,uclaf
823,verlaagd
824,vbo
825,bepaling
826,verdienste
827,technologische
828,onder e
829,vastgelegd
830,juni
831,voorbereid
832,onpartijdig
833,belastingbetalingen
834,toezegging
835,voorbehouden
836,geuit
837,recuperatie
838,inbeslagneming
839,maximum
840,ontwerp
841,aanbevelingen
842,niet-omzetting
843,internet portal
844,entiteiten
845,door
846,markt
847,gedrag
848,ingesteld
849,beschouwd
850,lastgever
851,opvolgen
852,ii
853,bestraffing
854,na het lid
855,opgevoerd
856,controlesysteem
857,gepleegd
858,partiële akkoorden
859,subdoelstellingen
860,ratificatie
861,openbare besturen
862,bevatten
863,staande
864,instrument
865,overlapping
866,vrijstelling
867,belangenconflict
868,inachtneming
869,hand
870,uitgebrachte
871,aan de raad
872,blacklist
873,uiteenlopende
874,onderhavig
875,verwerpelijk
876,omgezet
877,verzekeren
878,tussenpersonen
879,taakuitoefening
880,overeenkomst
881,effectiviteit
882,eu-mechanisme
883,onderaanneming
884,boekhouders
885,juridische
886,beëindiging
887,inzet
888,opleggen
889,aanneming
890,actieve
891,navolging
892,totnogtoe
893,onderhandelingskaders
894,bepalingen
895,onafhankelijke deskundigen
896,benoeming
897,corruptie-element
898,bewustmakingscampagnes
899,invloeden
900,nationale overheidsdiensten
901,gestart
902,minimumnormen
903,rechtstreekse
904,rotation
905,bijwerking
906,kader van het voorstel
907,uitgaan
908,moreel
909,optie
910,programma's
911,overheidsambtenaar
912,gelaten
913,maatschappij
914,toezien
915,rechtshandhavingsagentschappen
916,corruptiebestrijdingsmaatregelen
917,slagen
918,bijgevolg
919,schending
920,dubbel werk
921,basisregels
922,toezichtsmechanismen
923,aanstekelijk
924,raadpleging
925,onbevredigend
926,bewijslast
927,publiek
928,aangesloten
929,naleving
930,visumversoepeling
931,vergroten
932,corruptie
933,uitbreiding
934,indien
935,en
936,federaal
937,toepassen
938,transparanter
939,goederen
940,hoofdprioriteiten
941,nabuurschapsbeleid
942,veelzijdigste
943,voorrechten
944,verwijst
945,onkosten
946,handelsbeleid
947,huur
948,onderscheid
949,vn-
950,sluiting
951,aftrek
952,meerjarendoelstelling
953,effent
954,fysieke
955,breedste
956,omzetting
957,verkleind
958,restricties
959,middenveld
960,roulerende
961,europese centrale bank
962,uitgaven
963,aanklagers
964,vervalst
965,bescherming
966,gestelde
967,bedrijfsrekeningen
968,neerlegging
969,bepleit
970,deskundigenmissies
971,deed
972,impuls
973,herzien
974,corruptie-
975,doorgeven
976,anti-corruptiediensten
977,opgenomen
978,passen
979,van europol
980,commissies
981,overtreding
982,gevoelige
983,hinderpalen
984,uitvoering
985,onzuivere
986,doelstellingscriteria
987,corruptiebestrijdingsbeleid
988,deontologisch
989,noemt
990,macht
991,aankoopdirecteur
992,zet
993,toetredingen
994,geldboetes
995,toestemming
996,grondstoffen
997,nationaal niveau
998,beoordeeld
999,aanvaardt
1000,gehoord
1001,belgische
1002,beleidsniveaus
1003,wetgevende
1004,onbetuigd
1005,privé-sector
1006,abb
1007,gang
1008,ranglijsten
1009,aan
1010,tenzij
1011,eu-wetgeving
1012,bbp
1013,waarnemer
1014,gemeenschappelijke
1015,werkingssfeer
1016,achter hervormingen
1017,wto
1018,samenwerkingskanalen
1019,amerika
1020,onderzoeksbevoegdheid
1021,uitoefenen
1022,opstartperiode
1023,tariefpreferenties
1024,van venetië
1025,instellen
1026,model
1027,goed
1028,overheidsambtenaren
1029,belangengroepen
1030,overgelegd
1031,mechanismen
1032,controlemechanisme
1033,wetsbepalingen
1034,samenwerken
1035,openbare sector
1036,stelsel
1037,nationale parlementen
1038,doeken
1039,personeelsleden
1040,cf.
1041,evaluatie
1042,onverenigbaarheden
1043,toezichthoudende
1044,voeren
1045,systeemproblemen
1046,vroeg stadium
1047,medeweten
1048,buiten de eu
1049,bureau ambtelijke ethiek
1050,naleeft
1051,eu
1052,administraties
1053,aanpassingen
1054,intergouvernementele
1055,onderneem
1056,stijgen
1057,actoren
1058,behoefte
1059,federale overheidsdiensten
1060,opgerichte
1061,allerhande
1062,controle-
1063,begroting
1064,epa
1065,verkleining
1066,ambtenaar
1067,aanwerving
1068,indicatoren
1069,onderdanen
1070,cdbc
1071,heteuropees
1072,gronddelicten
1073,onderzoeksstrategie
1074,zich
1075,definitie
1076,toezichtsvoorschriften
1077,eva
1078,sancties
1079,standaarden
1080,enz.
1081,doorlichten
1082,opzet
1083,functies
1084,gecommuniceerd
1085,flexibel
1086,initiatief
1087,veld
1088,wetgeving
1089,ruil
1090,uitgesloten
1091,statuut
1092,onder toezicht
1093,benoemt
1094,samenwerking
1095,onder de verantwoordelijkheid
1096,beheerst
1097,betrokken landen
1098,wijzigingen
1099,rechtsstelsel
1100,grensoverschrijdend
1101,het europees economisch
1102,maatschappelijk
1103,samenstelling
1104,werkwijze
1105,bewijzen
1106,externe-auditdiensten
1107,opstand
1108,evaluatieprocedures
1109,aanbestedende
1110,begaat
1111,overheid
1112,accountantscontrole
1113,bijstand
1114,onderwerp
1115,grondbeginselen
1116,gevalstudies
1117,internationaal
1118,middelen
1119,inwinnen
1120,eerste
1121,juridische adviezen
1122,gedraging
1123,klimaat
1124,instellingen
1125,lidmaatschap
1126,gezag
1127,informatie
1128,toezichtsmechanisme
1129,inbreuk
1130,ecli:eu:c
1131,voorschriften
1132,gezet
1133,lokaal
1134,effectindicatoren
1135,al
1136,zakelijke sector
1137,beleidsterreinen
1138,evaluatiemechanisme
1139,saddam hussein
1140,buiten de ecb
1141,middelgrote
1142,websites
1143,aangemoedigd
1144,weerstand
1145,entiteit
1146,ontslag
1147,uitbracht
1148,overheidsfinanciën
1149,samenwerkings-
1150,olaf
1151,open
1152,dreigingsbeoordelingen
1153,overtuiging
1154,invoeren
1155,buiten
1156,directeur-generaal secretariaat
1157,wijst
1158,ontwerp-jaarprogramma
1159,recht
1160,doorgeeft
1161,verzoek
1162,gk
1163,permanent
1164,def.
1165,licht te brengen
1166,vervangen
1167,cf. bribe payers
1168,overdragen
1169,rechtspraak
1170,publieke sector
1171,controleprocedure
1172,krachtens
1173,winst
1174,dimensie
1175,deelnemer
1176,samenwerkingskader
1177,corruptiebestrijders
1178,onderzoekingen
1179,fiscale wetgeving
1180,onvermijdelijk
1181,directie het bureau
1182,eu-ministers
1183,contract
1184,mei
1185,publicatie
1186,gestraft
1187,brussel
1188,toetredingsvoorbereidingen
1189,rechtsgang
1190,externe leden
1191,aan de hand
1192,betrokkenheid
1193,aanbestedingsprocedures
1194,inzonderheid
1195,doeltreffend
1196,noord-afrika
1197,samenleving
1198,onder rechtspersoon
1199,duurzame
1200,directeur
1201,omgebogen
1202,orgaan
1203,beoordelingscriterium
1204,corruptieschandalen
1205,for the negotiations
1206,individuele kredietinstelling
1207,binnen
1208,bewustmaking
1209,internationale normen
1210,analyses
1211,geld
1212,niet-contractuele
1213,hoofd
1214,a united nations convention
1215,voorstelling
1216,nationale strategieën
1217,fraude
1218,onderzoekshandelingen
1219,geschil
1220,overeenstemming
1221,afgestemd
1222,schattingen
1223,financiële stelsel
1224,term
1225,amendementen
1226,beursgenoteerd
1227,kwaliteit
1228,innovatiegroep
1229,eu-corruptiebestrijdingswetgeving
1230,uitsplitsing
1231,verzwarende
1232,stilaan
1233,eerbiedigen
1234,rechtsmachtregels
1235,eu‑beleidsterreinen
1236,tenuitvoerlegging
1237,technische
1238,nagestreefde
1239,ondertekening
1240,publieke raadplegingen
1241,hulpbronnen
1242,inspectie
1243,aanvaarden
1244,niet-gerechtvaardigd
1245,onderling
1246,van amsterdam
1247,loyauteitsplicht
1248,voorspoed
1249,erkend
1250,werkeenheid
1251,overgedragen
1252,aangewezen
1253,bezegeld
1254,aanklager
1255,herhaling
1256,veiligheid
1257,praktijk
1258,aanwijzingen
1259,witwasrichtlijn
1260,oefenen
1261,c 091
1262,rechterlijke
1263,hervormingen
1264,veelvuldige
1265,ongewenste
1266,bekendmaking
1267,media
1268,toetreding
1269,gepaard
1270,vormen
1271,transparency international
1272,misbruik
1273,fod
1274,van stockholm
1275,eensluidende
1276,opgezet
1277,aftreden
1278,onwettige
1279,la corruption
1280,opbrengst
1281,wto-overeenkomst
1282,handelspolitiek
1283,nationaal
1284,middel
1285,onwettige activiteit
1286,na
1287,zelfbeoordelingen
1288,overdracht
1289,nationale eenheid
1290,mededeling
1291,crisis
1292,deelnemers
1293,verbeurdverklaren
1294,mate
1295,dader
1296,gedragsprincipes
1297,inlichtingeneenheden
1298,rouleringssysteem
1299,frankfurt am main
1300,eu-instellingen
1301,onderhandelde
1302,bestuderen
1303,januari
1304,personeelslid
1305,elektronisch toezicht
1306,huidige
1307,vastgesteld
1308,rechtshandhaving
1309,maatschappelijke
1310,minimumregels
1311,aard
1312,behouden
1313,methodologie
1314,aantast
1315,federale overheidsdienst
1316,afbreuk
1317,behandeling
1318,slachtoffers
1319,bekrachtigen
1320,ias
1321,aanbestedingsmarkt
1322,rechtsstaat
1323,onrechtvaardig
1324,gehanteerd
1325,evaluatiemechanismen
1326,benoemen
1327,invoering
1328,informatie-uitwisseling
1329,signaal
1330,actief
1331,discipline
1332,stel
1333,lidstaat gelden
1334,aanvullend
1335,nemen
1336,eisen
1337,pan-europees
1338,heeft
1339,onder de derde pijler
1340,niet-verschuldigd
1341,neerlijke sportpraktijken
1342,onderzoekscorrespondenten
1343,kwaliteitsbeheer
1344,begunstigde staten
1345,schadevergoeding
1346,belastingbetalers
1347,tactloze
1348,aankoop-
1349,bedrijfsvoering
1350,omschreven
1351,functiemisbruik
1352,formulering
1353,dichtstbijzijnde
1354,drijven
1355,richtte
1356,oeso-werkgroep
1357,doorzending
1358,fiscale misdrijven
1359,b.s.
1360,rechten
1361,politieke dialoog
1362,vraagstuk
1363,tweede
1364,punt
1365,vertegenwoordigen
1366,onbetwist
1367,streng
1368,parlement
1369,aantrekken
1370,politieel
1371,sleutelelement
1372,onvoldoende
1373,voornoemde
1374,handelsrelaties
1375,definities
1376,arbeidscontract
1377,aanbesteding
1378,modelbesluit
1379,druk
1380,uitputtende
1381,onder b
1382,begrotingszaken
1383,gecentraliseerd
1384,gewezen
1385,vervolging
1386,berechting
1387,doorgevoerd
1388,achter de schermen
1389,werking
1390,voorhanden
1391,vieren
1392,grote
1393,procedure
1394,vermenigvuldigen
1395,aanbestedingen
1396,corruptiezaken
1397,onder
1398,aangelegenheid
1399,activa
1400,internationale bedrijven
1401,maatregelen
1402,uitlokking
1403,naburige landen
1404,niet-gouvernementele
1405,wederzijds
1406,visumversoepelingsproces
1407,icc
1408,omkoping
1409,omkoper
1410,corruptiebestrijdingsinstrumenten
1411,dienstverrichtingscontracten
1412,onderhandelingsconferentie
1413,management
1414,van daders
1415,evenwel
1416,opdecimes
1417,uitvoeringsjaren
1418,financiering
1419,twijfel
1420,verwerking
1421,hulp
1422,exploitatie
1423,geïnstitutionaliseerde
1424,verzameling
1425,bezit
1426,peer learning
1427,governance
1428,onderzoeksbevoegdheden
1429,bewaren
1430,belgium
1431,reglement
1432,gegevensoverdracht
1433,rechtskader
1434,risicoanalyse
1435,internationale commerciële transacties
1436,publieke
1437,tips
1438,aanvaardings-
1439,beleidsontwikkeling
1440,niet-geselecteerde
1441,eu-landen
1442,deelneemt
1443,richtlijnen
1444,uitnodigen
1445,totstandbrenging
1446,coördinerend
1447,direct
1448,rechtsbescherming
1449,luchthaven
1450,vervalsen
1451,corruptiegraad
1452,national détaché
1453,beschouwen
1454,ontwikkelingslanden
1455,datzelfde
1456,proces
1457,eu-netwerk
1458,zit
1459,toetredingsakte
1460,inspecties
1461,criminele
1462,werkterreinen
1463,deskundigen
1464,actie
1465,grondrechten
1466,discriminerend
1467,vennootschap
1468,juridische bescherming
1469,j.r.v.a. dijsselbloem
1470,verhouding
1471,ondergaan
1472,rechter
1473,aanbevolen
1474,eu-ambtenaren
1475,orde
1476,inbeslagnemingen
1477,omgekochte
1478,30e ratificatie-
1479,bewijs
1480,onderstreept
1481,hervormingsdynamiek
1482,verrichten
1483,geprivilegieerde
1484,voordele
1485,jegens
1486,toevoeging
1487,deel
1488,internationale
1489,overwicht
1490,toetredingsclausules
1491,uitbreidt
1492,deontologische
1493,lidstaat
1494,politie
1495,aannemen
1496,trouw
1497,bedrijfspraktijken
1498,gesloten
1499,op
1500,op gibraltar
1501,voorwaarde
1502,toezichthoudend
1503,gunning
1504,bekrachtiging
1505,toetreden
1506,machtiging
1507,aangelegd
1508,eurobarometer
1509,benadrukten
1510,beleidsmaatregelen
1511,onderstrepen
1512,aanjager
1513,rapportagemechanisme
1514,vigerende
1515,eu-overheidsgeld
1516,preventiebeleid
1517,rapporteur
1518,verdeling
1519,commissie
1520,vertrouwelijke
1521,hulpmiddelen
1522,goedkeurings-
1523,derde landen
1524,justitiële
1525,instanties
1526,ondubbelzinnige
1527,lange termijn
1528,geldboete
1529,heffingen
1530,onomkeerbaarheid
1531,geraamde
1532,opgelegde
1533,alhoewel
1534,rechtsmiddelen
1535,synergie
1536,rechtmatige
1537,teruggeven
1538,besluitvormingsprocedures
1539,opgelegd
1540,tekortschieten
1541,alleen
1542,onderzoekt
1543,pb
1544,terrein
1545,verrijking
1546,bestuursrechtelijk
1547,ondertekend
1548,stem
1549,bemiddelingspanel
1550,delicten
1551,vervolgingen
1552,begaan
1553,geharmoniseerde
1554,plicht
1555,uitgebracht
1556,bijlage
1557,heel
1558,verzuimt
1559,zij
1560,risicolanden
1561,begrotingsgebied
1562,opbrengsten
1563,ondertekenden
1564,eu-27
1565,corruptiemisdrijven
1566,activiteitsterreinen
1567,hoeven
1568,verdragen
1569,wet
1570,vertrouwen
1571,onpartijdigheid
1572,uitgebreid partieel akkoord
1573,behoeve
1574,onzekerheid
1575,/ conferenties
1576,voorzitter
1577,vervolgingsautoriteiten
1578,overheidsuitgaven
1579,kernpunten
1580,website
1581,weliswaar
1582,interne
1583,onderhavige
1584,sectoroverschrijdende kwesties
1585,ontwettige
1586,kracht
1587,irrelevant
1588,benoemd
1589,opdrachten
1590,leren
1591,veranderingen
1592,investeringen
1593,volgende
1594,informatiestroom
1595,circulatie
1596,uncac
1597,aangezet
1598,beroepen
1599,richtlijn
1600,nl.
1601,verzocht
1602,samenvatting
1603,www.greco.coe.int
1604,beoordeling
1605,regelgeving
1606,504bis
1607,conditionaliteit
1608,relatie
1609,draghi
1610,directeur interne audit
1611,exportkredieten
1612,naarbuiten
1613,risico's
1614,stabilisatie-
1615,aangifte
1616,verlaten
1617,beheerd
1618,beoogt
1619,beroepsgroepen
1620,kredieten
1621,verbod
1622,aanzienlijke
1623,protocollen
1624,onwettelijke
1625,ontbreekt
1626,doorlichting
1627,vanaf
1628,dg
1629,ambtenaren
1630,buurlanden
1631,beroepsgeheim
1632,besproken
1633,wetgevingsinitiatief
1634,geenszins
1635,rechtshandhavingsorganen
1636,onrechtmatige
1637,zwaartepunt
1638,gefinancierde
1639,multilaterale overeenkomst
1640,beroepsorganisaties
1641,beschermingsmechanisme
1642,inspanningen
1643,aspect
1644,internationalisering
1645,ad hoc committee
1646,rechtshulp
1647,mogelijkerwijze
1648,beginselen
1649,gevolg
1650,wederzijdse
1651,ongeoorloofde
1652,aftrekbaarheid
1653,lid 3
1654,vergelding
1655,onderzoekstechnieken
1656,arbeidscontractant
1657,overheidstoezicht
1658,inlichtingen
1659,actie ondernemen
1660,uitzendkracht
1661,veroordeling
1662,uitoefening
1663,aspecten
1664,4de
1665,verduistering
1666,uitoefent
1667,veelheid
1668,amb
1669,ondertekenen
1670,uitvoeren
1671,corporate governance
1672,voorgestelde
1673,uitsluit
1674,beambten
1675,criminaliteit
1676,bewijskracht
1677,waarborgt
1678,belangen
1679,duidelijke
1680,klein
1681,vandaar
1682,zopas
1683,nationale voorschriften
1684,int
1685,onderhandelen
1686,sterkere
1687,icc-belgië
1688,organen
1689,geschillen
1690,integriteitsnormen
1691,figuren
1692,inschrijving
1693,punten
1694,voldaan
1695,jbz
1696,beslag
1697,winsten
1698,gezorgd
1699,verdrag
1700,doelstelling
1701,burger
1702,on web
1703,gedragcodes
1704,www.ecb.europa.eu
1705,onder hun persoonlijke verantwoordelijkheid
1706,middellange
1707,rechtsmacht
1708,minimumvoorschriften
1709,opgedane
1710,schoot
1711,uw
1712,aan te verbinden
1713,abm
1714,nalevingsverslagen
1715,samen
1716,begrotingsonderdelen
1717,vijftigste
1718,wettelijke
1719,roeien
1720,beoogde
1721,onderhandeling
1722,verlenging
1723,auditstandaarden
1724,bekrachtigd
1725,2 koppelt
1726,europees bureau
1727,rechtvaardige
1728,reactieve
1729,natuurlijke hulpbronnen
1730,brochure
1731,gedragscodes
1732,vervolgingsbeleid
1733,alomvattend
1734,vergunningen
1735,politieke leiders
1736,juridische arsenaal
1737,verband
1738,bestreek
1739,controlebevoegdheid
1740,informatieoverdracht
1741,slachtoffer
1742,herziening
1743,omkleedt
1744,arbeidsvoorwaarden
1745,gids
1746,bewijselementen
1747,omvatten
1748,geslagen
1749,van staten
1750,onder de voorwaarden
1751,ad hoc-commissie
1752,geval
1753,aansprakelijk
1754,bijstandsmaatregelen
1755,vlak
1756,landenbezoeken
1757,eu-instrumenten
1758,bevriezing
1759,uniform
1760,buiten de eu-binnengrenzen
1761,boekhouding
1762,overgangsbepalingen
1763,overeenkomstsluitende
1764,vervulling
1765,gemeenschappelijk
1766,getoetst
1767,bevel
1768,rechtswerking
1769,wereldbank
1770,uitwisseling
1771,werklast
1772,bestuurlijke
1773,begrotingsaangelegenheden
1774,passieve
1775,corruptieprotocol
1776,operationele
1777,rechtsstelsels
1778,machtigen
1779,lezing
1780,raadpleegde
1781,onregelmatige
1782,sluikhandel
1783,beveiliging
1784,directielid
1785,verbintenissen
1786,nationale organen
1787,uitmonden
1788,verborgen
1789,overleg
1790,verantwoording
1791,rechtsvervolging
1792,omkopen
1793,degene
1794,lid 2
1795,wetgever
1796,bewijsvoering
1797,doelgerichte
1798,opsomming
1799,meerjarige
1800,ter
1801,het
1802,wacht
1803,beschuldigingen
1804,europees
1805,samenwerkingsnet
1806,steunen
1807,vertegenwoordiger
1808,wederrechtelijke
1809,ontwerpovereenkomst
1810,vormt
1811,scenario's
1812,verbieden
1813,kwetsbaarheden
1814,strafmaatregelen
1815,naburige
1816,dringen
1817,eu-lidstaten
1818,aanbiedt
1819,uzelf
1820,volmacht
1821,bestaande
1822,preventief
1823,uit
1824,overweldigende
1825,evaluatieopdrachten
1826,handelsassociaties
1827,uitbuiting
1828,aanverwante
1829,aan te pakken
1830,conclusies
1831,resultaat-
1832,rechtsinstrument
1833,aan de greco
1834,corruptiegevallen
1835,federale
1836,pas
1837,geëvalueerd
1838,gedragsregels
1839,aanneemt
1840,vn-bureau
1841,onafhankelijk
1842,gecombineerd
1843,nadenken
1844,bekwame
1845,analyse
1846,eu-steun
1847,geanalyseerd
1848,vaststellen
1849,stimulering
1850,toelieten
1851,jbz van
1852,obstakel
1853,andere derde landen
1854,comité corruptiebestrijding
1855,seponering
1856,samenhang
1857,steunverlening
1858,d'auto-évaluation
1859,ingelicht
1860,verzamelen
1861,enquête
1862,verlagen
1863,regeling1
1864,global compact
1865,betaling
1866,verantwoordelijk
1867,aangenomen
1868,opbouwen
1869,particuliere sector
1870,acs
1871,zwakke
1872,internationale rechtsinstrumentarium
1873,wetgevingsvoorstellen
1874,dwongen
1875,optreedt
1876,onderzoekers
1877,evaluatieverslag
1878,buiten de eu-instellingen
1879,aanmerking
1880,zaken
1881,besturen
1882,gewicht
1883,discussies
1884,toetredende landen
1885,duurzaamheid
1886,beursgenoteerde
1887,gesteld
1888,onderhouden
1889,plichten
1890,anti-fraudedienst
1891,rol
1892,jonge deskundige
1893,bouwt
1894,inlichting
1895,toetredende
1896,hetzij
1897,oud-leden
1898,verplichting
1899,behoeft
1900,nader
1901,evaluaties
1902,waarnemers
1903,rechtsgrondslagen
1904,gewaarborgd
1905,end
1906,vergt
1907,vn-corruptie
1908,ogenblik
1909,cumulatief
1910,gevolgd
1911,uitvoerbaarheid
1912,bureau
1913,zwijgen
1914,benut
1915,vrijheid
1916,opschorten
1917,proefproject
1918,bevonden
1919,verdragsluitende staten
1920,posten
1921,tegen corruptie
1922,voorbereidende
1923,nationale
1924,deelname
1925,recht te doen
1926,ethische plichten
1927,grondwettelijke
1928,goede
1929,eu-begroting
1930,derde
1931,minimummaatregelen
1932,eu-leden
1933,stemrecht
1934,agis-conferentie
1935,deze kwestie
1936,verslagen
1937,zakenbelangen
1938,gestreefd
1939,onderhandelingen
1940,bundesgesetzblatt
1941,beheersvorm
1942,wereld
1943,nauwer
1944,landenverslagen
1945,veroordeeld
1946,zaak
1947,herprogrammering
1948,zitting
1949,onrechtstreeks
1950,ontradend
1951,beperkt
1952,opheffingen
1953,of
1954,behoeven
1955,toepassing
1956,eacn
1957,onderkend
1958,ethische
1959,zware
1960,samenhangen
1961,handhavingsmaatregelen
1962,rekeningen
1963,eu-niveau
1964,instrumenten
1965,private sector
1966,verantwoord
1967,land
1968,douanerechten
1969,aanmoedigen
1970,zelden
1971,informatieprocedures
1972,belastingen
1973,vierde alinea
1974,onder a
1975,rechtsinstrumenten
1976,externe
1977,normen
1978,benadeelde
1979,kanalen
1980,opbouw
1981,werkzaamheden
1982,basisdelicten
1983,aanbestedingsprocedure
1984,samenwerkingsakkoorden
1985,wto-agenda
1986,omvang
1987,eu-burgers
1988,soortgelijke
1989,geëvalueerde
1990,inbegrip
1991,greco
1992,althans
1993,ondertekenaars
1994,versterking
1995,steekpenningen
1996,hoofdstuk
1997,inleiding
1998,wereldwijde
1999,communautaire stelsel
2000,parlementaire
2001,bedrijf
2002,verlies
2003,handelsbetrekkingen
2004,dergelijk
2005,omkoping16
2006,duistere
2007,misdrijf
2008,onder i
2009,rechtshandhavingsinstanties
2010,integriteitstrainingen
2011,toewijzingsprocedure
2012,activiteitsgestuurde
2013,legt
2014,vrijheden
2015,crisiswaarschuwing
2016,onder de communautaire
2017,i. inleiding
2018,corruptieproblematiek
2019,acs-eu-partnerschapsovereenkomst
2020,omgekeerde
2021,van keulen
2022,vaststelling
2023,bestraffend
2024,vrij te kopen
2025,onaanvaardbaar
2026,ne bis
2027,mensenrechten
2028,zakenleven
2029,protocol
2030,medeplichtigheid
2031,programma
2032,vooropgesteld
2033,beheer
2034,plaatsing
2035,onttrekking
2036,caf
2037,rechtvaardigheid
2038,vergroot
2039,nageleefd
2040,instemmen
2041,systeemgebonden
2042,niet-lid
2043,akkoord
2044,voorspeld
2045,onderzoeksgeheim
2046,inwerkingtreding
2047,trekken
2048,doel
2049,greco-leden
2050,gecontacteerde
2051,omkopingsrisico's
2052,werknemers
2053,voornemens
2054,eu-actieplan
2055,commentaar
2056,politiële
2057,inzake
2058,bestrijding
2059,kader
2060,marktprocedures
2061,natuurlijke
2062,coördinatoren
2063,binnenlandse
2064,bijbehorende
2065,dient
2066,rotatie
2067,alternatief
2068,voorwaarden
2069,tekortkomingen
2070,geproduceerd
2071,corruption
2072,waakzaam
2073,wapen
2074,opsporen
2075,regelmatige
2076,onjuist
2077,geplande
2078,aangepakt
2079,eu-cohesiebeleid
2080,opsporing
2081,politieke
2082,vervullen
2083,onbeperkte
2084,bestrijden
2085,voldoende
2086,kaderbesluiten
2087,dialoog
2088,internationale handelstransacties
2089,artikelen
2090,concretere
2091,weigering
2092,c-11
2093,maatschappelijke verantwoordelijkheid
2094,actieveen
2095,leidt
2096,plaatselijke ngo's
2097,hulpverlening
2098,gerelateerde
2099,engere
2100,ingeschreven
2101,onontbeerlijk
2102,impact
2103,berust
2104,gelden
2105,voorzien
2106,toetssteen
2107,jeune expert
2108,rechtshandhavingspersoneel
2109,niet-gesplitste kredieten
2110,verduidelijkt
2111,nationaal netwerk
2112,voor het eu-corruptiebestrijdingsverslag
2113,tijdelijk
2114,epac
2115,overlappingen
2116,uitgangspunt
2117,voorwaarts
2118,praktische
2119,onderzocht
2120,dienst
2121,rechters
2122,lid
2123,aangelegde
2124,handelstransacties
2125,daadkracht
2126,fysiek
2127,boekhoudnormen
2128,projectbeheer
2129,van
2130,werknemer
2131,criminaliteitsfenomeen
2132,ondervindt
2133,werkgroep
2134,omstandigheden
2135,persoonlijke
2136,vergelijkbaar
2137,basisbesluit
2138,interinstitutioneel akkoord
2139,links
2140,materiaal
2141,verplichtingen
2142,opgesteld
2143,genoemde
2144,werpen
2145,wetten
2146,uitgave
2147,west-europa
2148,ijkpunten
2149,interdepartementale werkgroep
2150,vergoeding
2151,verantwoordelijkheden
2152,federale politie
2153,vierde streepje
2154,ruimschoots
2155,verweten
2156,openstellen
2157,begunstigde staat
2158,rechtshandhavingsambtenaren
2159,bemoeilijken
2160,alomvattende
2161,wijdverspreid
2162,opgesomd
2163,strijd
2164,corruptiebestrijdingsnormen
2165,verplicht
2166,ca
2167,nieuwe
2168,fiscale
2169,waarborging
2170,overlappen
2171,witwassen
2172,reactief
2173,onderzoeken
