0,in-vitrostudie
1,therapeutische breedte
2,vochtretentie
3,plaatjesaggregatie
4,kwantiteit
5,hemodynamiek
6,lichamelijke activiteit
7,systeem
8,beperkingen
9,klinische status
10,diabeteszorgprogamma's
11,biochemische
12,uitademingsstand
13,vaatwandeigenschappen
14,men bèta-2
15,triphosphate
16,traditioneel
17,volle
18,uitslag
19,morfine
20,elektrocardiografisch
21,map-daling
22,die bètablokkers
23,twijfelgeval
24,cardiomyoplastiek
25,digitalis
26,meta-analyses
27,staessen
28,laboratoriumonderzoek
29,pco2
30,afname
31,risicofactoren
32,regulair
33,van
34,etnische
35,vroegtijdig
36,dna-fragmentatie
37,gesproken
38,samengaat
39,hydrochloorthiazide
40,fysieke
41,vaatlijden
42,perioperatieve
43,iliopsoas
44,directe
45,fluorouracil
46,stoffen
47,vertoonden
48,cns
49,non-occlusieve
50,kinderschoenen
51,linkerventrikel-ejectiefractie
52,ontwaterd
53,advies
54,gezondheidskosten
55,vergroten
56,belast
57,stimulator
58,klinisch
59,deficiëntie
60,relatieve-risicoreductie
61,diameter
62,overmaat
63,behandeladvies
64,ace
65,besturen
66,afspiegeling
67,stabiliseren
68,bereikt
69,waterig ascitesvocht
70,bradykinine
71,betablokkers
72,pacing'-pacemaker
73,vrij
74,kon
75,uren
76,positief
77,mediane follow-upduur
78,kostbaarste
79,losartan-
80,zeldzaam
81,verklaringen
82,kunstklep
83,statine
84,aldosteronreceptoren
85,onverklaarde
86,adp
87,roken
88,communiceert
89,uitgesloten
90,zin
91,omapatrilaat
92,opsporen
93,exogene
94,pacemakerritme
95,omkeerbaarheid
96,kleplijden
97,pijler
98,reden
99,opgenomen
100,intussen
101,obgvm
102,torasemide
103,voorschrijven
104,aanmerking
105,gevalideerd
106,diagnostiek
107,perioperatief
108,veelbelovende
109,gemiste
110,leefstijlfactoren
111,hypovolemie
112,sprake van .
113,arni's
114,borsten
115,bewijzen
116,lucht
117,test
118,aan-
119,vermijding van gedrag
120,diagnostische traject
121,subendocardiale
122,en aids
123,gemiddeld
124,soms competente
125,dossieronderzoek
126,asymptomatische
127,micro-
128,tegen
129,beheersen
130,indicatie
131,omvangrijker
132,beschermend effect
133,plaatjesremmers
134,voorzichtig
135,borstkanker
136,geneeskundige
137,pacemaker
138,bronchitis
139,verergeren
140,uitend
141,bindingsduur
142,intoxicatie
143,behandeling van hartfalen
144,linkerventrikelejectiefractie
145,hieromtrent
146,onduidelijkheid
147,casustekst
148,loslaatpijn
149,fdh
150,redelijk
151,hartfalenpatiënten
152,onzekerheid
153,immobiele
154,hartfunctie
155,cardiaca
156,doel
157,rechterventrikelfalen
158,fluoropyrimidine
159,assent-4
160,aanvullende
161,remodellering
162,vragenlijsten
163,angio-oedeem
164,congestief
165,antidiabetische
166,drukwisselingen
167,tegenaanwijzingen
168,raltitrexed
169,fibrose
170,gerandomiseerde
171,bocht
172,nsaid
173,casuïstische mededelingen
174,de apoptosis
175,goedkoper
176,noot
177,remmers
178,beoordeling
179,diabetespatiënten
180,m2
181,intraveneuze
182,inhalatie
183,opzet
184,vertrouwen
185,ontladingen
186,zuurstofopnamekinetiek
187,waarnemer
188,monotherapie
189,daalden
190,nebivolol
191,fibrinogeen
192,mg
193,elektrisch
194,microstukje
195,intoxicaties
196,pulsaties
197,gestarte
198,sensibiliteit
199,gekozen
200,heden
201,mechanische middelen
202,bradycardieën
203,gestaakt
204,subschalen
205,contra-indicatie
206,lagere
207,microcytair
208,systolische ventriculaire dysfunctie
209,et
210,omgezet
211,acceptabel
212,links
213,tegenwoordig
214,laag kalium
215,dose'-hypotensie
216,iedere
217,overleed
218,professionele
219,overlaten
220,sglt-2-remmer
221,onvermoed
222,pneumokokkenvaccinatie
223,verhoogde vorming van angiotensine ii
224,kaliumsparende
225,tunel
226,onvoldoende respons
227,tandarts
228,cordis
229,positie
230,onderzoekers
231,soms
232,klepoperaties
233,vierde
234,fluorescerende
235,echocardiografie.
236,definitie
237,elektronische monitoring
238,ontwikkeling
239,apotheker
240,spelen
241,gangbare
242,thuisinfusie
243,regime
244,al .
245,metoprololsuccinaat
246,stabilisering
247,experimentele
248,inverse agonistische werking
249,onderhavige
250,type'-myocyten
251,nsaid-gebruik
252,leverrand
253,natriumbeperking
254,ernstige hypotensie
255,beschermen
256,postglomerulaire
257,klepgebreken
258,herhaald
259,defibrillator
260,medicijnen
261,icd-implantatie
262,ontbreken
263,r-2 cm
264,verpleegkundigen
265,werking
266,eenderde
267,hogere
268,polsfrequentie
269,herziene standaard
270,beoordeel
271,verschillende posities
272,lever-
273,beperken
274,drijf
275,osteosarcomen
276,negatieve impact
277,nieuwsgierigheid
278,tweesnijdend
279,behandeling
280,hetgeen
281,kaakhoek
282,omschrijving
283,uitkomsten
284,cardiovasculaire
285,deelnemers
286,losartan
287,behandelingsmogelijkheden
288,eerstelijns
289,dyspnoïsch
290,diureticatoediening
291,thiazides
292,excavatio rectouterina
293,valsalva-manoeuvre
294,beschadiging
295,leefstijl
296,steunhart
297,renine
298,conditietraining
299,doelstelling
300,verstrengeling
301,bijwerking van een ace-remmer
302,rechterop
303,angiotensine
304,voorspellende waarde
305,gly389
306,vullingsdrukken
307,asymptomatisch
308,toedieningsvorm
309,pathogene
310,harfalen
311,practitioner
312,voeten
313,betrokkenheid
314,zachte
315,gevorderd
316,tweede-
317,bevestigen
318,interacties
319,diarree
320,licht
321,vertraagd
322,ouderen
323,wijze
324,actie
325,laatste
326,onderzoeksvragen
327,tijdstippen
328,ontwikkeling van hartfalen
329,medisch
330,gelden
331,dilaterende
332,kleppen
333,filtratiesnelheid
334,verschijnselen
335,regelmatig
336,heffend
337,amlodipine
338,aanvangsdosering
339,chemotherapeutische
340,ruimer
341,leiden
342,gemeenschappelijk pathologisch
343,slijmvliezen
344,vooralsnog
345,capecitabine
346,solide
347,r-9 cm
348,constrictie
349,toename van ernstige bijwerkingen
350,trekken
351,vooral
352,multifactoriële
353,geprikt
354,stimuli
355,geïndiceerd
356,casuïstiek
357,wetenschappelijk
358,veneuze boog
359,hervat
360,interactie
361,"36,0°c"
362,grijze zone
363,marges
364,winst
365,acidose
366,geïntroduceerd
367,ace-remming
368,cm
369,hypotensie
370,uitsluitingscriteria
371,gunstige effect
372,omgekeerd
373,bronchospasme
374,hetzelfde
375,fysiotherapeut
376,m.
377,eerstelijnsgezondheidszorg
378,geleid
379,instrumenten
380,lactaatconcentratie
381,meldde
382,gerechtvaardigd
383,o.a. activatie
384,soepel
385,multicentrumonderzoek
386,deens
387,arbeidsvermogen
388,dyspneu
389,beschrijvend
390,polymorfisme
391,behandelaars
392,veroudering
393,multicentrisch
394,antihypertensieve
395,verschil
396,lichaamstemperatuur
397,therapie
398,genetische achtergrond
399,copernicus-studies
400,benauwdheid
401,mening
402,aanwijzingen
403,luchtweg-
404,polikliniek
405,gebrekkkige therapietrouw
406,afferente constrictie
407,breinnatriuretisch
408,rol
409,uitkomstmaten
410,auscultatie
411,hartinfact
412,inhoudsvaliditeit
413,intraveneus
414,buik
415,iii-iv
416,ischemie
417,vermoeide
418,beluisterde
419,niet-medicamenteuze
420,natrium
421,boogvormige waterpas
422,tekenen van forward
423,myocardischemie
424,verklaring
425,geë-valueerd
426,niet-afwijkend
427,fret-ratio
428,overgaat
429,teruggeperst
430,blijf
431,deoxyuridine
432,effect
433,niet
434,qrs-duur
435,5fu-expositie
436,b-type-natriuretisch
437,overweging
438,werkzame
439,plasmaconcentratie-tijdcurve
440,infecties
441,achtergrond
442,ascend-onderzoek
443,langer
444,reduceren
445,gewoonlijk
446,val-heft
447,duidelijkst
448,drukpijn
449,controleharten
450,jonger
451,macroalbuminurie
452,captopril
453,spoedopvang
454,diafragma
455,bijwerking van antracyclinen
456,sporen
457,pathofysiologie
458,resultaten
459,literatuurreferenties
460,verwezen
461,terugplaatsing
462,omzettingssnelheid
463,overbruggen
464,efficiënte
465,handrug
466,sublinguaal
467,symptoom-gelimiteerde
468,opties
469,gehoord
470,ernst
471,midden
472,harten
473,uitgangsgewicht
474,uitdiepen
475,eindstadiumhartfalen
476,farmacotherapie
477,grote
478,vented electric system
479,beschouwd
480,indicatiebeperking
481,risico
482,geboekte
483,stappenplan
484,aldosteronantagonist
485,b-type
486,effectieve
487,methoden
488,lv
489,wgbo maakt
490,beloop
491,expliciet
492,ervan
493,lactaatacidose
494,kortom
495,behandelen
496,essentieel
497,endomyocardfibrose
498,geleidingssnelheid
499,seh
500,remmen
501,2x2-opzet
502,belang
503,cerebrovasculaire
504,mits
505,npv
506,ontslagdiagnose
507,verrichtingen
508,natriumarme
509,flecaïnide
510,getransfecteerd
511,cytokinen
512,normo-
513,grote studiegroep
514,gecontraïndiceerd
515,conclusies
516,fibrinolytische therapie
517,myocardinfarcten
518,alogliptine-
519,ace)-remmer
520,statistisch
521,stimulus
522,overwogen
523,bewoners
524,verspreiding
525,desondanks
526,vasoconstrictie
527,coach-studie
528,kwantitatief
529,gewicht
530,superieur
531,examine
532,bestudeerde
533,multicentrische
534,zeker
535,fda
536,aldosterone
537,overbruggingsprocedures
538,geschiedenis
539,polen
540,langwerkende vorm
541,syncope
542,dikwijls
543,normaal
544,gestabiliseerde
545,kortademigheid
546,figuur
547,abstinentie
548,polsgolf
549,vervolgbehandeling
550,combinaties
551,bijscholing
552,c-statistiek
553,gereduceerde
554,oogpunt
555,probleem
556,mace
557,vervolgen
558,kwantificeren
559,accelerometer-eenheden
560,huisartsen
561,zuurstofsaturatiemeting
562,88 mmhg
563,hoogbejaarde
564,insufficiënt
565,reanimatierichtlijnen
566,streefdosis
567,hypovolemische hyponatriëmie
568,sglt-2-remmers
569,atherogenese
570,resultaat
571,cardiac output
572,medische dossiers
573,diabetesrichtlijn
574,isosorbidemononitraat-gebruikers
575,transmurale
576,allicht
577,diastolische
578,ondernemen
579,zelfmedicatie
580,comorbiditeit
581,overname
582,geklaard
583,copd-exacerbaties
584,vitaal darmpakket
585,overleven
586,chromatine
587,tijdschrift
588,zonder
589,oestrogeenagonistische werking
590,gereduceerd
591,cox ' regressieanalyse
592,snelwerkend
593,klepafwijkingen
594,bepaling van de concentratie
595,2dd
596,concurrentie
597,niet-selectief
598,lisinopril
599,nesiritide
600,nyha
601,zwaard
602,opgezet
603,decompensatie
604,geen
605,hooggradig
606,statusonderzoek
607,bruikbaar
608,medisch-technische
609,rekening
610,telemonitoring
611,redactioneel
612,overige organen
613,overlap
614,bewezen
615,benzbromaron
616,ischaemia trial
617,reticulaire versterking
618,beëindigde
619,orthostatische
620,angiotensine-ii-receptorblockers
621,infusiesysteem
622,onderzochten
623,cytotoxisch
624,bloeddruk
625,jaar
626,noodzaak
627,anticoagulantia
628,klinische trial
629,preventie
630,preventief
631,journal
632,praktijken
633,ziekenhuizen
634,maatregelen voor hart-
635,nier-
636,invloed
637,culturele
638,hbo2
639,geleide
640,gestabiliseerd
641,tachypneu
642,verbetering van kwaliteit van leven
643,wegwijzers
644,tricuspidalisklep
645,revascularisatie
646,bijnier
647,tenminste
648,etnische achtergrond
649,spanningsveld
650,microscopie
651,posities
652,inspanningsvermogen
653,laaggedoseerde
654,richt
655,gereanimeerd
656,heropnamen
657,st-segmentelevatie
658,euro heart
659,acs
660,bnp-geleide
661,uitingsvorm
662,onderhoudsmedicatie
663,programma
664,dihydropyridines
665,onderzocht
666,hartaanval
667,morfine-analogen
668,relatie tussen gebrekkige health literacy
669,hyperlipidemie
670,calciuretisch
671,subgroepanalyses
672,voor dobutaminethuisinfusie
673,lvedd
674,zuurstofopnamevermogen
675,auc
676,donorhart
677,slaapapneu
678,aantoonbare
679,nsaid's
680,oedeem
681,asthma cardiale
682,ii-receptorblokkers
683,hemodynamisch
684,optredend
685,overmatige
686,pg
687,prognostische
688,lichte
689,leefstijlinterventies
690,groningen
691,gewichtscontrole
692,stijgende
693,opname
694,atriumfibrillatie
695,aanvaard
696,bax
697,spierkrachttraining
698,beïnvloeding
699,batterijen
700,lage
701,tonen
702,cardioverter-defibrillator
703,coumarines
704,acenocoumarol
705,slechte
706,bedreiging
707,net
708,tachycard
709,uiting van hartfalen
710,zieke
711,omstreeks
712,opgerakeld
713,structuurveranderingen
714,inspanningstolerantie
715,5fu-toxiciteit
716,map
717,inotropica
718,belaste
719,bronchoconstrictie
720,colofon
721,voorgeschreven
722,onder
723,cava
724,cimetidine
725,zorg
726,bnp-concentratie
727,juist
728,borst
729,geëxtrapoleerd
730,endemisch
731,nauwkeuriger
732,significant
733,uitersten
734,afwijkingen
735,bezwaren
736,biomedische
737,drietal
738,over-
739,pleura-effusie
740,dagdosis
741,geïdentificeerd
742,hoeverre
743,vervolgonderzoek
744,echografisch
745,warfarine
746,cardiology
747,systeemtherapie
748,aspirin
749,laparoscopie
750,hemodialyse
751,dna
752,gevoeligheid
753,zowel
754,bèta-adrenoceptorblokker
755,wisselende
756,zichzelf
757,harlem
758,synergistische
759,vergrijzing
760,fluorescent resonance energy transfer
761,hersenbloeding
762,concentraties
763,onderzoeken
764,aspirine
765,metabole
766,gevallen
767,eindsystolische
768,exacte
769,infarct
770,praktijkondersteuner
771,beperk
772,andere kaliumsparende
773,assays
774,gunstiger
775,spanje
776,hf-pef
777,zoutbeperking
778,netwerk
779,elektrocardiografie
780,cardiomyopathie
781,cox
782,dorstgevoel
783,werkdiagnose
784,hartinfarct
785,antihypertensivum
786,5fu
787,bètablokkers
788,combinatietherapie
789,medicatieplan
790,snelheid van progressie
791,angiotensineconverterend
792,behandeloptie
793,waterhuishouding
794,als
795,therapeutische
796,opvattingen
797,studiepopulatie
798,invulden
799,uitsluiting
800,synchronisatie
801,tijdelijk
802,vat
803,cva
804,geremd
805,controle
806,vermindert
807,kennis
808,door
809,beïnvloed
810,blijken
811,wachttijd voor harttransplantatie
812,symptoomverbetering
813,aortaklepstenose
814,bloeddrukverlagende
815,sterni
816,thoraxcentrum
817,lethargische
818,en
819,droog
820,digoxine-intoxicatie
821,aanzienlijke verbetering
822,north
823,functionele
824,chronische aandoeningen
825,geleidingstijd
826,stimuleren
827,gang
828,gedragen
829,uitlokkende factoren
830,problemen
831,speckle-tracking
832,bloeddrukverlaging
833,pols
834,av-blok
835,hyperuricemie
836,co2-retentie
837,overvulling van de longen
838,radiance
839,arbs
840,cox 1-remmers
841,terminale
842,rhonchi
843,overmatig
844,gold
845,verwijzing
846,overheid
847,twee
848,dien
849,kniepees-
850,behandelwijzen
851,zeldzame
852,tekort
853,v. jugularis
854,belemmert
855,resynchronisatietherapie
856,uitkomst
857,auto
858,calciumantagonisten
859,betere
860,toekomstverkenningen
861,proliferatie
862,nederlandse hartstichting
863,poliklinieken
864,hulpverleners
865,opnamen
866,uitwijst
867,gemetastaseerde
868,begeleiding
869,voorgeschiedenis
870,rattencardiomyocyten
871,sterven
872,mede
873,harttransplantatie
874,kaukasische ras
875,nieuw hartfalen
876,cochrane library
877,bepaling van apoptose
878,gezocht
879,inspannings-ecg
880,angiotensine converterende
881,pretransplantatiekandidaten
882,gediagnosticeerd
883,persoonlijk
884,tricuspidalisklepvlak
885,beroertes
886,bepalen
887,afgedrukt
888,neurohormonen
889,paragraaf
890,horizontale
891,rondstuurt
892,ventriculaire
893,plaatsgevonden
894,gevolgen
895,lichaamsgewicht
896,voegden
897,zuurstofverbruik
898,respectievelijk
899,centraalveneuze druk
900,ontstekingsremmers
901,zuurstofsoorten
902,geïsoleerd
903,weergegeven
904,belgische
905,ziekenhuisopname
906,geven
907,onafhankelijk van elkaar
908,plasma
909,vragen
910,procedure
911,conclusie
912,volgende
913,traden
914,spierkracht
915,een
916,niet-statistisch
917,mitralis-aortaklepinsufficiëntie
918,cardiomyocyten
919,buikklachten
920,controles
921,werkzaamheden
922,partners
923,behoefte
924,losartangebruikers
925,hyponatriëmie
926,multi-organ failure
927,herhaling
928,daarvoor
929,bespreking
930,85-plussers
931,torsades
932,hartkamers
933,kernboodschappen
934,stimuleert
935,defecatiepatroon
936,uitnodigden
937,literatuurreview
938,global initiative for copd
939,geïnstrueerd
940,informatievoorziening
941,cardiologenpanel
942,echocardiografie
943,koppeling
944,onderzoeker
945,verlichting van dyspnoe
946,hypoxemische
947,dutp-gelabelde
948,hartsouffle
949,voorspellen
950,case
951,preëxistente
952,bevestiging
953,luchtwegobstructie
954,polsdruk
955,vorm
956,griepvaccinatie
957,geëigende therapie
958,microal-buminurie
959,subklinische
960,tegenstanders
961,drukcurve
962,aanpak van hartfalen
963,cvz
964,richtlijnen
965,in bèta-adrenerge
966,transplantatie
967,levensgevaarlijke
968,bnp-test
969,icd
970,gemeld
971,bewaarde
972,orde
973,hoofddoelen
974,hulpmiddelen
975,behandelmogelijkheden
976,ongeschikt
977,hoekstenen
978,bovenlichaam
979,publicatie
980,latent
981,voorwandafleidingen
982,toegenomen
983,cardioverterende
984,diagnostische waarde
985,telefo
986,gedialyseerd
987,vetzuren
988,respons
989,www.trialregister.nl
990,n-terminaal
991,atriumgrootte
992,stimulering van bèta-2-adrenoceptoren
993,rapporteren
994,vertroebelen
995,water-
996,pillen
997,43-jarige man
998,afgaat
999,aanvraaggedrag
1000,vermoeidheid
1001,intra-abdominale
1002,perifeer
1003,wegens
1004,richtlijn
1005,bnp-uitslag
1006,alogliptine
1007,bijwerkingen
1008,staand
1009,chronisch
1010,uitgezette
1011,statinehype
1012,verkleinen
1013,enerzijds
1014,alcoholgeïnduceerde
1015,serumkaliumgehalte
1016,internisten
1017,longvaatbed
1018,het empa-reg outcome
1019,ingestelde
1020,re-entry-mechanismen
1021,intolerantie
1022,gangbare methode
1023,aii-antagonisten
1024,rikssvikt
1025,programma's
1026,wachtlijst-
1027,laag
1028,grijze gebied
1029,optitratie
1030,micromanometerkatheters
1031,groepen
1032,gewichtsneutraal
1033,monogenetische
1034,mass.
1035,perfunderen
1036,diabetische maculopathie
1037,ijzergebrek
1038,herseninfarcten
1039,pneumonie
1040,streefdoseringen
1041,inotroop
1042,landelijk
1043,vergoed
1044,rijst
1045,chronische
1046,longen
1047,ijzersuppletie
1048,natrium-
1049,hoogstwaarschijnlijk
1050,ademhaling
1051,behandelbaar
1052,biomedicine
1053,peripartum
1054,ondergrond
1055,rust
1056,niet siginficant
1057,craniaal
1058,diagnostische standaard
1059,latje
1060,vroege
1061,ontbreken van grote gerandomiseerde studies
1062,tabel
1063,belangrijke
1064,uniform
1065,streefdosering
1066,antibioticavoorschriften
1067,vergeleken
1068,contractiliteit
1069,wat
1070,operatieve extracties
1071,hemodynamische
1072,onduidelijkheden
1073,dihydropyrimidinedehydrogenase
1074,nut
1075,klagen
1076,venepols
1077,beschouwden
1078,zodanig
1079,pijlers
1080,controlegroepen
1081,kleinschalige
1082,bovengenoemde
1083,voorspeller
1084,indeling van hartfalen
1085,ruim
1086,bleek
1087,aansluit
1088,mfm1997
1089,basistherapie
1090,kosteneffectief
1091,oraal
1092,achilleshiel
1093,kwartiel
1094,vergelijkbare
1095,brieven
1096,prominentere
1097,benadrukt
1098,offspring
1099,placebogroep
1100,driemaandelijkse
1101,coach-dieetdagboek
1102,regel
1103,reversibele
1104,verlaging
1105,kruiden
1106,manieren
1107,bloedonderzoek
1108,zorginstellingen
1109,biologisch
1110,heffende
1111,thoraxfoto
1112,voorstadium
1113,startdosis
1114,betrof
1115,cumarinen
1116,zorgsysteem
1117,systolische disfunctie
1118,diagnostische test
1119,boezemfibrilleren
1120,dd
1121,aanvroegen
1122,uitnodiging
1123,er
1124,tegen apoptose
1125,opsporing
1126,hand-voetsyndroom
1127,klinische praktijk
1128,klink
1129,oedemen
1130,converting
1131,bevelen
1132,waarom
1133,rechteratriumdruk
1134,efficiëntie
1135,landelijke transmurale afspraak
1136,gewijzigd
1137,afhankelijk
1138,beoordelen
1139,i.v.
1140,zelfdoding
1141,productiegegevens
1142,controle-echocardiografie
1143,registreerden
1144,ß-blokkers
1145,voorkamerfibrillatie
1146,degenen
1147,vergelijkend onderzoek
1148,maat
1149,plasma-bnp-waarde
1150,voor-achterwaartse
1151,waterdunne
1152,medicatie
1153,afremmen
1154,mechanisme
1155,gezondheidszorginstanties
1156,lvsd
1157,experimenten
1158,hand
1159,lvef-daling
1160,benaderden
1161,bepaal
1162,gebleken
1163,niet-farmacologische
1164,verenigde staten
1165,arts
1166,begrippen
1167,uitgedrukt
1168,overleving
1169,diuretische therapie
1170,diagnostisch onderzoek
1171,gewichtsreductie
1172,trager
1173,omvang
1174,aanzienlijke
1175,follow-upduur
1176,bewegingspatroon
1177,gepubliceerde
1178,review
1179,cavum douglasi
1180,aldosterone-antagonist
1181,bestond
1182,verwijzingen
1183,tekenen van hartfalen
1184,ontbreekt
1185,mate van apoptose
1186,coronairlijden
1187,nederlandse markt
1188,toekomst
1189,onderzoeksgroep
1190,dubbelblind
1191,adjuvante therapie
1192,beloop van de onderliggende aandoening
1193,aard
1194,immunomodulerend
1195,real time
1196,effectiever
1197,sinds
1198,blijft
1199,gemist
1200,bumetanide
1201,geneesmiddelen
1202,behandelingsoptie
1203,bijzonderheden
1204,hartgeruis
1205,reductie
1206,chirurgie
1207,onmogelijk
1208,cumulatieve
1209,darm-
1210,coronairvaten
1211,metoprololonderzoek
1212,onderzochte
1213,potentieel
1214,vaatverwijders
1215,zouthuishouding
1216,leefstijladvies
1217,fysiologische
1218,artikelen
1219,inhoudelijk
1220,lichaamsbeweging
1221,bewijs
1222,vullingsdynamiek
1223,plaatjesaggregatieremmer
1224,overgewicht
1225,lisinopriltoediening
1226,qs-complexen
1227,acetylsalicylaat
1228,structurele
1229,geschatte
1230,beschikbare
1231,bnp-waarde
1232,jama
1233,amiloride
1234,risicofactor
1235,uitbreiden
1236,ladderpatroon
1237,uitvoering
1238,bekostiging
1239,crt-d
1240,onderdiagnostiek
1241,materiaal
1242,toevoeging
1243,voortschrijden
1244,sociale
1245,sinusritme
1246,longstuwing
1247,vasopeptidase-remmer
1248,dieet
1249,left ventricular assist device
1250,snelheid
1251,verhoogde
1252,gestoorde
1253,ace)-remmers
1254,spier
1255,haar
1256,ernstige
1257,crepitaties
1258,cardiologen
1259,productie
1260,reflextachycardie
1261,ß1-adrenerge
1262,gly389-genotype
1263,antiarrhythmica
1264,ernstige schade
1265,placebo
1266,vesiculair
1267,bnp-waardes
1268,behandeld
1269,algemeen
1270,gewichtsverlies
1271,inr-streefwaarde
1272,anamnese
1273,verlagen
1274,casussen
1275,bijwerkingenprofiel
1276,allelfrequentie
1277,remmende effect
1278,controlemogelijkheden
1279,doelmatigere
1280,onbekende
1281,coronarialijden
1282,drukken
1283,hoogtechnologische
1284,mg.
1285,pci-groep
1286,thalidomide
1287,hoogteverschil
1288,tenslotte
1289,antidiuretisch
1290,zoutrestrictie
1291,succes
1292,hf
1293,bemand
1294,slagen
1295,hepatomegalie
1296,myocyten
1297,onderscheid
1298,ontstonden
1299,levensduur
1300,asynchronie
1301,beschrijft
1302,niet-cardiale
1303,kwaliteit
1304,thorax
1305,druk-volumerelaties
1306,adenosine-di-fosfaat
1307,hartafwijking
1308,beslissingen
1309,voorlopige conclusie
1310,behoed
1311,heropnamecijfers
1312,meting
1313,vochtophopingen
1314,rechtop
1315,medicus
1316,ii-iv
1317,behandelverpleegkundige
1318,respectievelijke
1319,mfm
1320,we
1321,klepafwijking
1322,bloeddrukmeting
1323,wijzen
1324,collaps
1325,systolisch
1326,duurden
1327,kindertijd
1328,wachtlijstkandidaten
1329,langetermijneffect
1330,inotropicum
1331,weefselperfusie
1332,darmwand
1333,exacerberend
1334,vaatvernauwende
1335,leidraad
1336,aldosteronproductie
1337,veranderingen
1338,europese sociëteit voor cardiologie
1339,perindopril
1340,doorgaans
1341,cardiale pompfunctie
1342,verhogen
1343,geconcludeerd
1344,sublinguale toediening
1345,dpp-4
1346,concreet
1347,zelfbedrog
1348,voorkomende
1349,neprilysine
1350,meestal
1351,methodologie
1352,therapeutisch effect
1353,verdraagbaarheid
1354,retrospectief cohortonderzoek
1355,endotheline
1356,interventiegroep
1357,eerder
1358,laagste
1359,streefdosissen
1360,getolereerde
1361,groenewegen
1362,supraventriculaire
1363,enkeloedeem
1364,plasmaconcentraties
1365,post-hoc
1366,vernauwen
1367,benader
1368,zorgorganisatie
1369,gedocumenteerd
1370,afkapwaardes
1371,gezondheidsgerelateerde
1372,hulpverlener
1373,niet-acute
1374,prospectief
1375,ongepubliceerde
1376,uitgangssituatie
1377,cytostaticum
1378,hypokaliëmie
1379,zesde
1380,ziekenhuisopnames
1381,andersom
1382,gynaecomastie
1383,kortetermijnveranderingen
1384,controleer
1385,pulmonale
1386,anti-inflammatoir
1387,negatief
1388,tussentijdse hypotensie
1389,mesangium
1390,ontregeling
1391,redelijke
1392,wij
1393,hoesten
1394,arb's
1395,voor-
1396,laagdrempelige
1397,afstemmen
1398,gunstig effect
1399,insufficiëntie
1400,obsoleet
1401,uitgangswaarde
1402,hypomagnesiëmie
1403,ze
1404,arterieel
1405,45-jarige man
1406,goede
1407,aanbevelingen
1408,inotrope
1409,relatief
1410,nood
1411,voorspelbare
1412,verlenging
1413,elektroforese
1414,rekking
1415,onderhoudsdosis
1416,ventrikel-
1417,werkingsmechanisme
1418,aldosteronsecretie
1419,bundeltakblokpatroon
1420,bedreigend
1421,oncologische
1422,antibioticagebruik
1423,cardioselectieve
1424,afwachting
1425,ontstekingsremmende werking
1426,systemische
1427,carvedilol
1428,roept
1429,beiden
1430,vroegtijdige
1431,cytostatica
1432,verslechtering
1433,studie
1434,geïmplanteerd
1435,ons
1436,zulke
1437,longmaligniteit
1438,hartfalenmedicatie
1439,clopidogreltherapie
1440,venetakken
1441,chronische pathologieën
1442,lcz696
1443,creatinineklaring
1444,wensen
1445,internal medicine
1446,gerandomiseerde studies
1447,navraag klaagde
1448,onacceptabel
1449,myocardweefsel
1450,mensen
1451,gefaciliteerde
1452,geëxplanteerde
1453,elektrofysiologische
1454,bevolking
1455,positieve
1456,thoraxdiameter
1457,b-typenatriuretisch
1458,psychofarmaca
1459,arbeid
1460,ingevulde
1461,ongeveer
1462,twintigste
1463,retrospectief
1464,na intraveneuze
1465,woburn
1466,acute effecten
1467,overleefkans
1468,diagnose
1469,c-statistic
1470,ongetransfecteerde
1471,afsluiting
1472,overeenkomst
1473,in
1474,gamma-gt
1475,gedaalde
1476,draagbare
1477,gewichtverlies
1478,bepaling
1479,alzheimer
1480,antiaritmicum
1481,axial flow pump
1482,cardioverter
1483,ofwel
1484,amerikaanse
1485,bleef
1486,pro-bnp
1487,prognostisch
1488,nieren
1489,toepasbare
1490,gezonde
1491,langdurige
1492,doen
1493,titratie
1494,plaatsvonden
1495,verwardheid
1496,cochrane-review
1497,meebeoordeeld
1498,ruis
1499,grote invloed
1500,grote database
1501,verdwenen
1502,zittend
1503,uitspraken
1504,epd's
1505,carcinoom
1506,algeheel
1507,hyper-
1508,impliceert
1509,vervolgdiagnostiek
1510,optitreerfase
1511,anti-inflammatory drugs
1512,cohn
1513,aliskiren
1514,gedecompenseerd
1515,fev1
1516,linkerbundeltakblok
1517,karakter
1518,framingham
1519,low-output'-syndroom
1520,output
1521,verrichtte
1522,insulinegevoeligheid
1523,pretransplantatiepatiënten
1524,beleving
1525,bestonden
1526,afkapwaarden
1527,recidiverend
1528,diastolische disfunctie
1529,variaties
1530,würzburg
1531,enzyme
1532,zestig
1533,ontsluiering
1534,intercurrent
1535,toe
1536,hypoalbuminemie
1537,weigert
1538,copd
1539,alcohol
1540,antitumoreffect
1541,gemeenschappelijk gedragen
1542,vergrote
1543,diuretisch
1544,kostbaar
1545,weinig
1546,mitralisklep
1547,basisartsen
1548,gevoelsstoornissen
1549,anp-
1550,overheerst
1551,overschaduwd
1552,95%ci
1553,combinatie
1554,heropname
1555,cardiovasculair
1556,inventariseren
1557,medline
1558,schakelen
1559,gezondheidsvaardigheid
1560,aldosteronantagonisten
1561,thiazidediuretica
1562,gegeven
1563,verhogen van therapietrouw
1564,onvoldoende
1565,falend
1566,gevolgd
1567,matrixstabiliserende
1568,afkappunt
1569,ictus
1570,informatienetwerk
1571,etiologie
1572,p450-systeem
1573,contacten
1574,veroorzaakt
1575,groeifactoren
1576,iii
1577,radioloog
1578,renine-angiotensine-aldosteronsysteem
1579,maatregelen
1580,besluiten
1581,icd-shocks
1582,dm2
1583,cardiomegalie
1584,lever polymorfismen
1585,ongecontroleerde hypertensie
1586,dermate
1587,kader
1588,symptomatische hypotensie
1589,diastolisch
1590,zieken
1591,gaat
1592,abnormale structuur
1593,psychopathologie
1594,circa
1595,geïncludeerde
1596,psychosociale
1597,gezondheidszorgsysteem
1598,bedroeg
1599,wachttijd
1600,verantwoordelijke gen
1601,beargumenteren
1602,bij auscultatie
1603,harttoon
1604,het
1605,nierfunctiestoornis
1606,ongeacht geschiedenis
1607,gecontra-indiceerd
1608,diureticagebruikers
1609,elektronische
1610,descriptieve
1611,zeurende
1612,fibrinolytica
1613,roche-diagnostics
1614,inneemt
1615,verslechterde
1616,hartspiercelverval
1617,hyperkaliëmie
1618,literatuuronderzoek
1619,tests
1620,spontaan
1621,tegenvallend
1622,hartfalenacuut
1623,luchtwegen
1624,systole
1625,ademfrequentie
1626,tweede
1627,carvedilolgroep
1628,exclusiecriteria
1629,natriumretentie
1630,onbloedig
1631,hoeksteen
1632,gedrongen
1633,verhinderen
1634,gemeten
1635,aortae
1636,farmacogenetica
1637,centraalveneuze
1638,constrictieve werking
1639,geleidingsstoornis
1640,effectief
1641,hypercholesterolemie
1642,eenmalige toediening
1643,diegenen
1644,perindoprilgebruik
1645,lvad
1646,circulerend
1647,acuut
1648,warfarin
1649,mogelijke
1650,hek293-cellen
1651,angiotensinogeen
1652,vaatstenoses
1653,ontvingen
1654,gestoord
1655,onbesproken
1656,ijzerstatus
1657,tegengevallen
1658,negentien
1659,medicamenteus
1660,mechanismen
1661,kaderhuisarts
1662,inleidende
1663,onjuist
1664,alternatieven
1665,zwangerschap
1666,longarts
1667,cox-2-remmers
1668,diabetische cardiomyopathie
1669,multidisciplinaire
1670,negatief effect
1671,bemoeilijkt
1672,biochemisch
1673,deelverantwoordelijkheden
1674,stomatitis
1675,onveranderd
1676,middel
1677,gecollabeerd
1678,trend
1679,vermijden
1680,epidemiologie
1681,elderly
1682,extreem
1683,asat
1684,heren
1685,poliklinisch
1686,53-jarige man
1687,steekproeven
1688,rechtszijdige
1689,natriumuitscheiding
1690,inclusie-
1691,achtergrondinformatie
1692,plasma-bnp-concentratie
1693,redmiddel
1694,syndrome
1695,onderzoek naar hulpverlening hartfalenpatiënt
1696,abdomen
1697,slaapstoornissen
1698,absorptie
1699,irregulair
1700,gebruik
1701,zo'n bepaling
1702,n-terminaal probnp
1703,leverstuwing
1704,palliatieve
1705,ischaemische
1706,pci-studie
1707,belastend
1708,behandeldoel
1709,ziekbed
1710,idiopathische
1711,symptomen
1712,discussies
1713,moeilijk
1714,opstellers
1715,objectief
1716,verergerd
1717,diurese
1718,donororganen
1719,verpleegkundige
1720,vermijd geneesmiddelen
1721,extern referentiepunt
1722,demping
1723,puntjes
1724,hallberg
1725,leidde
1726,medisch centrum
1727,risicos
1728,isa
1729,bnp-uitslagen
1730,vaat-vernauwende
1731,nitroglycerine
1732,aannemelijk
1733,zelfdosering
1734,leverfalen
1735,transferrinesaturatie
1736,bedroegen
1737,beslisregels
1738,gso
1739,onlangs
1740,mitralisklepafwijking
1741,rehospitalisatie
1742,braken
1743,hartrevalidatiearts
1744,achtergrond digitalis
1745,terugstromen
1746,echografie
1747,kwartier
1748,omwille
1749,optie
1750,insuline
1751,lijden.14
1752,gerelateerde
1753,enkels
1754,kwikmanometer
1755,nederland
1756,onverzadigde
1757,collapsneiging
1758,niertubulus
1759,trial
1760,nefroloog
1761,defibrillatortherapie
1762,lisdiuretica
1763,gezamenlijke
1764,adviezen
1765,alleen
1766,pomp
1767,sympathicus-tonus
1768,onduidelijk
1769,crt
1770,niet-selectieve
1771,systemisch
1772,onregelmatig
1773,deden
1774,nierarteriestenose
1775,digitalispreparaten
1776,overweeg
1777,perken
1778,verergering
1779,patiënten
1780,ventricular
1781,kortdurend
1782,medische
1783,principe
1784,fabrikant van carvedilol
1785,spirometrie
1786,behandelgroepen
1787,opgetreden
1788,cytotoxische
1789,herhospitalisaties
1790,rechterbovenbuik
1791,plasmaspiegel
1792,atherosclerotische
1793,ventrikelfibrillatie
1794,acra
1795,slechts
1796,vochtbeperking
1797,bij
1798,inhibitors
1799,linkerventrikelfunctie
1800,transferase-mediated
1801,sleutel
1802,algemene
1803,cardiotoxiciteit
1804,thiazide
1805,ramus
1806,peil
1807,onzeker
1808,onderzoekbank
1809,voornoemde
1810,bmi
1811,opgehoogd
1812,bevolkingsonderzoek
1813,borstholte
1814,onbetrouwbare
1815,opiaten
1816,wachtlijst voor harttransplantatie
1817,renovasculair
1818,literatuurgegevens
1819,strenge
1820,beëindigd
1821,serumcreatininespiegel
1822,glucosurie
1823,orthostatische hypotensie
1824,vergelijkbaar effect
1825,standaarddosis
1826,diëtist
1827,direct
1828,kracht
1829,pathognomonische
1830,ritmestoornissen
1831,afnemen
1832,zestiger
1833,zeldzamer
1834,fysisch-diagnostisch
1835,evaluatie
1836,onderliggende
1837,langzamer
1838,potentiële
1839,rechts
1840,artsen
1841,sleutelwoorden
1842,hartfalen
1843,leidt
1844,neuropathie
1845,uitgesteld
1846,follow-upprogramma's
1847,daling
1848,ongeacht
1849,copd-exacerbatie
1850,ferritinewaarde
1851,seh-afdeling
1852,grote mate
1853,belangrijkste
1854,thiazolidinedionen
1855,rechter
1856,gepubliceerd
1857,schatting
1858,infarcering
1859,moeilijker
1860,hanteerden
1861,vochtverlies
1862,variantgenen
1863,opgetitreerd
1864,gebracht
1865,nhg-website
1866,angiotensineconverterendenzymremmers
1867,ischemische cardiale
1868,weefselhypoperfusie
1869,aansluitend
1870,myocardinfarct
1871,chronisch hartfalen
1872,effecten
1873,cardiologie
1874,v.
1875,werkingsmechanismen
1876,inschatten
1877,geplast
1878,hypertensie
1879,vochtsuppletie
1880,vertegenwoordigd
1881,peristaltiek
1882,isosorbidemononitraat
1883,cytochroom
1884,steriele
1885,failure
1886,95-bi
1887,ascites
1888,onbeantwoorde
1889,eetlustverlies
1890,europa
1891,parasympathische inhibitie
1892,over
1893,geïnterpreteerd
1894,nieuw
1895,nachtelijke
1896,spoedeisend
1897,stuurden
1898,uitkomsten van bloedige metingen
1899,coach-onderzoek
1900,lancet
1901,ontslagen
1902,zuurbranden
1903,ontbraken
1904,heart outcomes
1905,bnp-gehalte
1906,neurohormoonbepalingen
1907,lager
1908,de
1909,cardiochirurgie
1910,leverziekten
1911,waarde
1912,dutp
1913,aannemelijker
1914,risicovolle
1915,treat'-benadering
1916,voorlichting
1917,alcoholgebruik
1918,dubbele
1919,e-learning hartfalen
1920,spierweefsel
1921,hartritmestoornissen
1922,redactionele commentaar
1923,behandel
1924,european society
1925,bnp-
1926,patiëntenvoorlichting
1927,verbeteren
1928,dichtgedrukt
1929,aldosteronproductie.1
1930,eigenschappen
1931,stabiele factor
1932,sympathicomimetische
1933,zekerheid
1934,endotheelfunctie
1935,europese
1936,geplande
1937,afbraak
1938,ontbrekende
1939,lisdiureticum
1940,minder
1941,counseling
1942,doorverwezen
1943,dehydratie
1944,omzetting
1945,ook bètablokkers
1946,acute dyspneu
1947,niet-medicamenteus
1948,handelt
1949,niet-fataal
1950,aangrijpingspunten
1951,echocardiografisch
1952,leent
1953,contractie-relaxatiepatronen
1954,natri-uretische
1955,aldosteronreceptorantagonist
1956,beter
1957,implanteerbare
1958,levendige
1959,gezondheidsprobleem
1960,besproken
1961,individueel
1962,intensive-careafdeling
1963,voorspellende
1964,bètareceptorblokkade
1965,af
1966,stroomdiagram
1967,glucose
1968,catiemethoden
1969,ventrikelrespons
1970,kwetsbare
1971,hulp
1972,van bètablokkeerders
1973,tsh
1974,antibiotica
1975,heviger
1976,perfusiedruk
1977,lever
1978,korte observatieperiode
1979,overige
1980,ontwatering
1981,vroegtijdiger
1982,formulieren
1983,rechtvaardigen
1984,gebruikt
1985,genetische varianten
1986,eindstadium
1987,defibrilleren
1988,ace-inhibitoren
1989,fibrinolytische
1990,handvenen
1991,spironolacton
1992,hanteerbaarheid
1993,morbiditeit
1994,wet
1995,onderdrukken
1996,uithoudingsvermogen
1997,schadelijke
1998,constrictoire werking
1999,heart failure
2000,inkomen
2001,aldosteronreceptorblokker
2002,casus
2003,natuurlijke antagonisten
2004,geordend
2005,vermijd
2006,l.
2007,uitermate
2008,elektrolytstoornissen
2009,nodig
2010,medicamenteuze
2011,definitie van hartfalen
2012,zweden
2013,bestudeerd
2014,individuele
2015,ontoereikend
2016,bepalingen
2017,acute stressreactie
2018,trials
2019,start-
2020,onafhankelijke
2021,one-stop shop
2022,verboden
2023,italiano
2024,digoxine
2025,nut van tests
2026,twintig
2027,natriumsuppletie
2028,mechanisme van apoptose
2029,hartrevalidatie
2030,bereik
2031,hals
2032,echter
2033,vaatziekten
2034,geïnvalideerd
2035,levenskwaliteit
2036,elkaar
2037,ongunstig
2038,lvef
2039,linker-
2040,commentaar
2041,bovenbuikklachten
2042,polyfarmacie
2043,splitste
2044,geleidingsstoornissen
2045,ejectiefractie
2046,stelden
2047,statines
2048,verbeteringen
2049,vermageren
2050,indicaties
2051,kwaad
2052,antioxidantia
2053,lichamelijk
2054,best
2055,pomphuur
2056,verslechteren
2057,slechter
2058,veelvoorkomende
2059,benauwde
2060,informeer
2061,standaarddoses
2062,beduidend
2063,aldosteron
2064,decapeptide
2065,niet-gerandomiseerde
2066,parasympatische activiteit
2067,hart-
2068,vochtbeleid
2069,orthopneu
2070,kenmerken
2071,aritmieën
2072,beschreven
2073,vooruitgang
2074,discrepantie
2075,diclofenac
2076,alternatief
2077,ph
2078,post-hoc analyse
2079,rx-thorax
2080,delicate
2081,intra-aortale
2082,geneeskunde
2083,flexibel
2084,systolische
2085,verbindingslijn
2086,uitoefenen
2087,tenecteplase
2088,overbrugging
2089,hulpverleners-ambulanciers
2090,inname
2091,behandelbare
2092,onbekend
2093,levensfase
2094,vullen
2095,symptoom
2096,kernsymptomen
2097,onderscheiden
2098,perfusie
2099,borst-
2100,losartangroep
2101,sublinguale
2102,ventrikel
2103,waarschijnlijkheidsdiagnose
2104,wankel
2105,hulpmiddel
2106,acetylsalicylzuur
2107,serumelektrolyten
2108,tekortschiet
2109,herseninfarct
2110,daarover
2111,gebruikelijk
2112,dusver
2113,hba1c
2114,studiegroepen
2115,toekomstbeeld
2116,telden
2117,x-thorax
2118,primair
2119,achterstandswijk
2120,netwerk utrecht
2121,kanmoet
2122,verwijd
2123,dynamiek
2124,chf-diagnose
2125,diureticabeleid
2126,hartslag
2127,extraheerden
2128,effectiviteit
2129,multivariabele
2130,carotispols
2131,arg389-variant
2132,afgezien
2133,therapieën
2134,aanvullend
2135,registratiesysteem
2136,zelfvernietiging
2137,matrixverval
2138,diastolische druk
2139,schaal-chf
2140,richten
2141,monitoringcondities
2142,calciumantagonist
2143,diureticagebruik
2144,plasmaconcentratie
2145,om
2146,rct
2147,genomen
2148,dobutaminetherapie
2149,disciplines
2150,efferens
2151,chemotherapie
2152,- uretisch
2153,abnormaal
2154,voorschrijfgedrag
2155,wijkverpleegkundige
2156,angststoornissen
2157,verantwoordelijk
2158,spoedeisendehulpafdeling
2159,grote therapeutische
2160,middels
2161,verkregen
2162,eindpunt
2163,overlevingskansen
2164,destilleren
2165,fret
2166,revascularisatie-ingreep
2167,bepaald
2168,vonden
2169,echt
2170,verlaagt
2171,ernstige tricuspidalisinsufficiëntie
2172,nierschade
2173,fev
2174,concluderen
2175,revalidatie
2176,hulpverlening
2177,geschikte
2178,digoxinegebruik
2179,aantonen
2180,zuurstof
2181,aterogenese
2182,at-ii-antagonist
2183,genderverschillen
2184,circulation
2185,bespraken
2186,loop
2187,passend
2188,zorgcentra
2189,operationele
2190,lichamelijke inspanning
2191,tezamen
2192,serumkaliumconcentratie
2193,optreden
2194,vasodilatatie
2195,duurtraining
2196,ethische
2197,antidiabetische werking
2198,doelstellingen
2199,sodium'-glucose-cotransporter-2-remmer
2200,enzym
2201,lieten
2202,acetylsalicylzuurgebruik
2203,volwassenen
2204,cardiale
2205,meededen
2206,nieuwe
2207,mitralisklepinsufficiëntie
2208,kleine
2209,maligniteiten
2210,omstreden
2211,rd
2212,type-2
2213,hartactie
2214,vertraagde
2215,bij negroïde
2216,hartpomp
2217,remt
2218,neergelegd
2219,onderdelen
2220,studiepatiënten
2221,teruggeresorbeerd
2222,enalapril
2223,variatie
2224,stomp
2225,eventueel kalium-
2226,leefregels
2227,verhoogd
2228,echocardiogram
2229,collapspunt
2230,overigen
2231,klacht
2232,leverde
2233,kwartielen
2234,anaesthetica
2235,kern
2236,kaplan-meier-methode
2237,bnp
2238,ace-remmers
2239,gfr
2240,esc
2241,ace-remmer
2242,patiënte klaagde
2243,ingrepen
2244,methodologische
2245,longlijden
2246,verandert
2247,beslisregel
2248,48-uursschema's
2249,boogmethode
2250,depressie
2251,bescherming
2252,beperking
2253,oog
2254,communi -
2255,nitraten
2256,herziening
2257,behandeldoelen
2258,efficiëntere
2259,geleider
2260,adviseer
2261,immuunhistochemisch
2262,ibopamine
2263,dit
2264,calcium
2265,levervenen
2266,verzwakt
2267,mee
2268,diureticaresistentie
2269,beta-blokkers
2270,rugligging
2271,analyses
2272,tumoren
2273,diabetes mellitus
2274,patiëntengroep
2275,medicatiebeleid
2276,new york heart association
2277,prostaathypertrofie
2278,jammer
2279,expliciete
2280,diuretica
2281,einddiastolische
2282,geprotocolleerde
2283,toch
2284,vorming van thromboxaan
2285,vragenlijst
2286,frequent
2287,uitvallers
2288,hartziekte
2289,terugkoppeling
2290,turgor
2291,mate
2292,gezondheidszorgvoorzieningen
2293,diagnostische zekerheid
2294,remming
2295,discriminerend vermogen
2296,inderdaad
2297,dubbelblinde
2298,diuretische
2299,doeltreffend
2300,hartspierweefsel
2301,doseringen van medicatie
2302,kosten
2303,significantieniveau
2304,receptoren
2305,zorgkosten
2306,vertraging
2307,apotheek
2308,afgenomen
2309,berekeningen
2310,behandelingsstrategieën
2311,pathofysiologische
2312,sluit
2313,inhalatorgebruik
2314,william
2315,kijf
2316,linkerbundeltakblokconfiguratie
2317,serum
2318,bent
2319,ontsteking
2320,zit
2321,onrust
2322,evaluating
2323,monitoring
2324,ergometrietest
2325,stijgt
2326,initiatief
2327,longfunctieonderzoek
2328,candesartan
2329,opstarten van cardiopulmonale resuscitatie
2330,zuurstofsaturatie
2331,onmisbaar
2332,onterecht
2333,verticale
2334,reutelende
2335,iv
2336,inactieve
2337,slechtere
2338,klepdisfunctie
2339,bcl2
2340,vervolgtraject
2341,toont
2342,praktische
2343,afwijkend
2344,dosisresponsrelatie
2345,onderbreking van onaangepaste behandelingen
2346,ziektebeeld
2347,mechanische
2348,cardiogene shock
2349,verminderde
2350,orale anticoagulantia
2351,anxiolytica
2352,beoordeeld
2353,blokkers
2354,in-
2355,medioclaviculaire
2356,anti-inflammatoire
2357,controlegroep
2358,maag-
2359,defibrillatie
2360,gissi-he
2361,alogliptinebehandelde
2362,ventrikeldiastole
2363,ion-kanalen
2364,necrose
2365,ernstigere
2366,drie middelen
2367,indicatoren
2368,drukbelasting
2369,levensbedreigende
2370,vervolgfase
2371,gastroscopie
2372,eerdere
2373,kwalitatieve
2374,afgeraden
2375,diagnostisch
2376,werkingsprofiel
2377,éénjaarsoverleving
2378,multivariabele regressieanalyse
2379,gedeblokkeerd
2380,ernstig
2381,serumkaliumstijging
2382,kwantitatieve
2383,waakzaamheid
2384,verschijning
2385,inhouds-
2386,mantelzorgers
2387,zie
2388,onderzoeksmethoden
2389,atrioventriculaire
2390,significante
2391,ondervinden
2392,belasting
2393,nachts
2394,metingen
2395,inotropieafhankelijk
2396,geïsoleerde
2397,afgestemd
2398,sinusbradycardie
2399,bisoprolol
2400,behandeling van systolisch hartfalen
2401,bnp-bepaling
2402,bejaarden
2403,diagnostische
2404,taalproblemen
2405,technieken
2406,intensief
2407,amerikaanse national heart
2408,massachusetts
2409,dachten
2410,paracorporeel systeem
2411,malen
2412,perifere
2413,alat
2414,ontoereikende
2415,merit-hf
2416,ht
2417,antihypertensiva
2418,onstabiele
2419,spoor van hartfalen
2420,verantwoord
2421,maximale
2422,externe validatie
2423,langere
2424,gezet
2425,pleiotrope
2426,uitsluit
2427,noodzakelijk
2428,volgranenontbijt
2429,financiële
2430,leeggestreken
2431,die
2432,publicatiebias
2433,afwijking
2434,mij
2435,triamtereen
2436,revalidatieprogramma's
2437,aanpak
2438,personen
2439,doorbloeding
2440,verlies van cardiomyocyten
2441,erfelijke
2442,vervolg
2443,cox)-2-remmers
2444,aanbevolen
2445,uitkomstmaat
2446,eerstehulpafdeling
2447,correctiemechanisme
2448,minister
2449,cyp2c9
2450,ecg
2451,bijgeluiden
2452,alcoholinname
2453,al.
2454,tegenstrijdige
2455,onderkend
2456,erytrodysesthesie
2457,min.
2458,percutane coronaire
2459,logisch
2460,bradyaritmieën
2461,nifedipine
2462,vermeden
2463,chloortalidon
2464,cohortonderzoek
2465,deze
2466,dt
2467,serumcholesterol-
2468,obesitas
2469,ondersteuningspompen
2470,hypervolemische hyponatriëmie
2471,daarentegen
2472,n-terminal-probnp
2473,aangeraden
2474,italiaanse
2475,mortaliteit
2476,chf
2477,myocard
2478,overschaduwt
2479,carmen)-studie
2480,afzonderlijke
2481,innemen
2482,tevoren
2483,zelf
2484,onvermoede
2485,thermocardiosystems
2486,copernicus-studie
2487,druggebruik
2488,boog
2489,verplicht
2490,diltiazem
2491,hersteld
2492,atrioventriculair
2493,pompfunctie
2494,actieve
2495,serumkalium
2496,kankerincidentie
2497,verbetering
2498,belangrijkste wijzigingen
2499,aandoeningen
2500,nettoresultaat
2501,vena-cava-superiorisyndroom
2502,conclusie .
2503,mri
2504,niet-cardiaal
2505,opgestart
2506,lichamelijk onderzoek
2507,cardiaal
2508,levensjaar
2509,zelfrapportage
2510,trombo-embolische
2511,instelt
2512,tussen
2513,nurse
2514,waar
2515,ventriculectomie
2516,ventricular assist device
2517,bepaling van de oorzaak
2518,oorzaken
2519,dubbelwerkend
2520,lichamelijke
2521,bestudeerden
2522,dialysetherapie
2523,uitdroging
2524,relatie
2525,bovenbuik
2526,realiteit
2527,zeer
2528,volumebelasting
2529,palliatie
2530,cumarines
2531,european trial
2532,beroerte
2533,therapieprotocol
2534,placebopil
2535,re-
2536,langduriger
2537,lastig
2538,liggen-zitten-staan
2539,noord-amerikaanse
2540,waarneming
2541,bucindolol
2542,biologische
2543,strijklicht
2544,einddoeltherapie
2545,gezondheidswinst
2546,weer
2547,gestratificeerd
2548,oogpunt van patiëntenzorg
2549,al
2550,mswt
2551,buikpijn
2552,endo-
2553,hoe
2554,ijzergebreksanemie
2555,zoutbeperkt
2556,(ace)-remmers
2557,hope-
2558,natuurlijk
2559,therapeuticum
2560,(elite)-onderzoek
2561,goedkoopste
2562,vkorc1
2563,elite-onderzoek
2564,hyperglykemie
2565,verdubbelingen
2566,duur
2567,ml
2568,wachtlijst
2569,pleuravocht
2570,hospice
2571,coronairaandoeningen
2572,onderste
2573,aortadruk
2574,verwerkings-
2575,biomarkers
2576,pompwerking
2577,opvolging
2578,meebrengt
2579,stoornissen
2580,etiologisch
2581,alvast
2582,weergave
2583,lichaamslengte
2584,afzonderlijk
2585,angiotensineconverterend-enzym
2586,rechtszijdig
2587,redistributie
2588,dilatatoire
2589,verrichten
2590,in examine
2591,selectieve
2592,spiercelverlies
2593,βètablokkers
2594,metformine
2595,beroerde
2596,trandolapril
2597,vochtrestrictie
2598,belgische stad
2599,tachycardie
2600,dikke hals
2601,afdrukken
2602,ontwikkelingskosten
2603,integreer
2604,multidisciplinair
2605,sterke
2606,gericht
2607,merit-hf-studie
2608,cellulaire
2609,mmol
2610,o.a.
2611,venen
2612,a-priorikans
2613,serumcreatinineconcentratie
2614,uitlokken
2615,ontwikkelingen
2616,basisbegeleiding
2617,i-ii
2618,oversterfte
2619,serumcreatinine
2620,rct's
2621,vermogen
2622,nefrologische
2623,voorspoedig
2624,pci
2625,geanalyseerd
2626,contra-indicaties
2627,a2
2628,oorzaak
2629,kinderleeftijd
2630,derde
2631,vernieuwde
2632,verkorting
2633,consequenties
2634,angst
2635,gecollabeerde
2636,niet-coronaire
2637,valrisico
2638,minderheid
2639,elektronische databases
2640,multipel
2641,aritmie
2642,stand van zaken
2643,subtype
2644,schade
2645,overlevingsduur
2646,horizontaal
2647,gevolge
2648,raad
2649,vanuit
2650,remmer
2651,1994-medio
2652,hartschade
2653,cowie
2654,eindstadium van hartfalen
2655,aangegeven
2656,ervaren
2657,oplossen
2658,vermoeden
2659,vergevorderd
2660,gezondheidsvaardigheden
2661,bnp-plasmaspiegels
2662,linkerventrikel
2663,sick sinus syndrome
2664,verwijden
2665,spironolactongroep
2666,echotechniek
2667,einddoeltherapiepatiënten
2668,spiegels
2669,studieboeken
2670,frequentie
2671,pioglitazon
2672,b-type-natriuretische
2673,contractie
2674,dergelijke
2675,belgië
2676,wegnemen
2677,niet-steroïde anti-inflammatoire
2678,goed
2679,off-labelgebruik
2680,operatie
2681,polikliniekbezoek
2682,onderzoeksvraag
2683,vullings-
2684,www.nhg.org
2685,functionele capaciteit
2686,439 ae
2687,daarvan
2688,onderzoekspopulaties
2689,bevond
2690,follow-up
2691,gevolg
2692,european resuscitation council
2693,tenzij
2694,buikpijnklachten
2695,levensverwachting
2696,heropnames
2697,praktijk
2698,onwaarschijnlijk
2699,val-heft-
2700,mini-review
2701,daarmee
2702,coumarine
2703,stabilisatie
2704,luchtbel
2705,prognose
2706,weliswaar
2707,niet-dihydropyridine
2708,cabg
2709,organen
2710,coenzym
2711,men
2712,meerdere
2713,veldtest
2714,cardiale-resynchronisatietherapie
2715,gevalsonderzoek
2716,3dd
2717,gerandomiseerd
2718,gelijktijdig
2719,doxazosine
2720,aandoening
2721,rustsituatie
2722,klinisch onderzoek
2723,serumconcentraties
2724,matig
2725,snp
2726,geleidelijk
2727,waterzucht
2728,gecombineerde-zorggroep
2729,complicaties
2730,toegediend
2731,rijp
2732,uitsluiten
2733,overdiagnostiek
2734,circulatie
2735,stabiele
2736,drukmeting
2737,matig kali
2738,beschrijven
2739,speckle-echo
2740,pulmonaal
2741,uitgangswaarden
2742,overgeplaatst
2743,decompensatio
2744,poliklinische
2745,in-vitro-opstelling
2746,ms
2747,crp
2748,mengelmoesje
2749,rechtstreeks
2750,spoed
2751,hart
2752,nhg-standaard
2753,voorzichtigheid
2754,zorgvoorzieningen
2755,verstijving
2756,lopen
2757,icpc-code
2758,stijgen
2759,en bètablokkers
2760,van 11
2761,vochthuishouding
2762,lis-
2763,gecorrigeerde
2764,levensverlengende
2765,bindingsplaatsen
2766,trouw
2767,systematischer anamnese
2768,arg389-variantcellen
2769,spironolactone
2770,msec
2771,rr
2772,jicht
2773,aldosteronspiegel
2774,2-toppig
2775,brady-
2776,recidiefmyocardinfarct
2777,leerpunten
2778,meervoudig
2779,middelen
2780,niet-acuut
2781,waargenomen
2782,nierinsufficiëntie
2783,sympathicolytica
2784,wikkelhart
2785,mmhg
2786,cardiologische
2787,drie
2788,sterk
2789,overnemen
2790,persoon
2791,kritiek
2792,gestuwde
2793,autorijden
2794,veiligheid
2795,glp-1-analogen
2796,differentiaaldiagnose
2797,grote hoogte
2798,"grote ,"
2799,dpp4-remming
2800,én
2801,wandspanning
2802,onderkenning
2803,inspelen
2804,ingenomen
2805,verrichtten
2806,defecatie
2807,hoge
2808,spreiding
2809,voorlopige resultaten
2810,vaccinatie
2811,hartrevalidatieprogramma
2812,ischemische
2813,overlevingskans
2814,zij
2815,niet-selectieve bètablokker
2816,aii-antagonist
2817,behulpzaam
2818,voorkómen
2819,geruisen
2820,linker ventrikel
2821,hanteerbaar
2822,ingezet
2823,nct
2824,houden
2825,standaardlab
2826,behandelaar
2827,zorgverleners
2828,acute darmischemie
2829,ondersteuning
2830,stapsgewijs
2831,95-betrouwbaarheidsinterval
2832,p=0.707
2833,artikel
2834,dieetdagboek
2835,geschat
2836,hartstilstand
2837,toegepast
2838,usa
2839,driemaal
2840,gewichtstoename
2841,ooghoogte
2842,behandelopties
2843,merendeel
2844,leefstijladviezen
2845,aangezogen
2846,aldus
2847,regressieanalyse
2848,indruk
2849,copernicus
2850,methode
2851,vermijdbare
2852,cva's
2853,sinoatriaal
2854,trombi
2855,glitazones
2856,bevorderen
2857,stroomt
2858,ondergingen
2859,verkorte
2860,contractieverloop
2861,nmol
2862,weloverwogen
2863,ongewoon
2864,lekkage
2865,zoutvervangers
2866,water
2867,overlijdt
2868,senior
2869,kleurstof
2870,literatuur
2871,microalbuminurie
2872,atypisch
2873,gesimuleerde
2874,gesuggereerd
2875,a. carotis
2876,uitgesprokener
2877,externe factoren
2878,referentiepunt
2879,handelen
2880,diffuus
2881,voorbeschikken
2882,hibernatie
2883,hnu
2884,laten
2885,effectieve therapie
2886,coronairziekte
2887,ppv
2888,toegelaten
2889,angulus
2890,vooruitzichten
2891,gunstige
2892,geneesmiddeleninteractie
2893,cvd's
2894,mogelijk
2895,diureticadoseringen
2896,zelfzorg
2897,draait
2898,diabetes
2899,wel
2900,t2dm
2901,vermeldde
2902,chf-diagnoses
2903,"r-2,5 cm."
2904,lvesd
2905,natriuretisch
2906,bnp-resultaten
2907,rct-tijdperk
2908,echo
2909,basisreanimatie
2910,cvd
2911,gebonden
2912,transplantatie-wachtlijst
2913,langzaam
2914,nogmaals
2915,achteruitgang
2916,opnieuw
2917,tubulair
2918,devices
2919,duidelijk
2920,ongunstige
2921,atriumpeptiden
2922,steeds
2923,echocardiografische
2924,verkorten
2925,eplerenon
2926,consensusgroep
2927,klepfunctie
2928,gebrekkige
2929,gedemonstreerd
2930,voetzoolreflexen
2931,patiënt klaagde
2932,terugresorptie
2933,behandelingen
2934,elektrolyten
2935,wisselend
2936,polsslag
2937,kortademigheidsklachten
2938,postoperatief
2939,30ml
2940,atriumfibrilleren
2941,verminderd
2942,sloten
2943,reeds
2944,streefwaarde
2945,gedetailleerdere
2946,revalidatieprogramma
2947,clinicus
2948,amiodaron
2949,sd
2950,oudere bevolking
2951,onjuiste
2952,aanzienlijk
2953,mdr
2954,gevorderde
2955,glomerulaire
2956,vochtinname
2957,metoprololgroep
2958,geprogrammeerde
2959,interstitieel
2960,nu
2961,niet-fatale
2962,tripeltherapie
2963,bleken
2964,ademgeruis
2965,vervolgduur
2966,kleurenzien
2967,r+5
2968,talrijke
2969,opgespoord
2970,percutane
2971,contractiele activiteit
2972,literatuurstudie
2973,nemen
2974,nieuwere
2975,multivariate analyse
2976,chemo-
2977,snellere
2978,voorschrift
2979,reizen
2980,apparatuur
2981,getallen
2982,diagnostische onderzoeken
2983,doorbraken
2984,furosemide
2985,essentieel belang
2986,gebeurtenissen
2987,eenheden
2988,respondenten
2989,zinvol
2990,cardiac insufficiency
2991,65-plussers
2992,pompen
2993,bij kalium
2994,anders
2995,prikkelhoest
2996,eerste
2997,cardiovasculaire morbiditeit
2998,luchthoudendheid
2999,veranderd
3000,verpleeghuisbewoners
3001,implantatie
3002,op
3003,biventriculaire
3004,gunstig
3005,infusietherapie
3006,beslag
3007,cardioloog
3008,radionuclidemetingen
3009,zoveelste
3010,cohort
3011,houden.1
3012,laattijdige recuperatie
3013,pasten
3014,gemiddelde
3015,bradycardie
3016,1dd
3017,palmoplantaire
3018,verdubbeld
3019,therapeutische serumdigoxineconcentratie
3020,hypercapnie
3021,behandelingsmodaliteiten
3022,stijging
3023,psychologische
3024,coronaire
3025,intercurrente
3026,amsterdam
3027,agonisten
3028,overvulling
3029,systematisch
3030,benadruk
3031,hem
3032,bilirubinewaarde
3033,elders
3034,hartfalenverpleegkundigen
3035,activiteit
3036,verlaagd
3037,waterretentie
3038,necrotische
3039,echte
3040,zogenaamde
3041,stilgehouden
3042,nt-pro-bnp
3043,geïncludeerd
3044,indien
3045,volume-
3046,mellitus
3047,probnp
3048,metoprolol
3049,natriumconcentratie
3050,digoxine-spiegels
3051,stabiel
3052,biomarker
3053,sexual adjustment
3054,donoren
3055,gerecompenseerde
3056,beleid
3057,niet-herkend
3058,klinieken
3059,ingevoerd
3060,stuurde
3061,variabelen
3062,kwart
3063,clinic
3064,ontkracht
3065,conditie
3066,van bètablokkers
3067,bestrijden
3068,toegesneden
3069,opleveren
3070,afstandsmeting
3071,verbandwissels
3072,richtdosissen
3073,analyse
3074,remmend
3075,astma
3076,inleiding
3077,ramipril
3078,hb
3079,zelfcontrole
3080,sensitiviteit
3081,ontrafeling
3082,deed
3083,wijziging
3084,nederlandse
3085,verklaren
3086,adrenaline
3087,spier-
3088,veroorzaken
3089,v. jugularis externa
3090,pathofysiologisch
3091,tweezijdige
3092,logistisch regressiemodel
3093,waterretinerende
3094,stapsgewijze
3095,eindpunten
3096,dieettherapietrouw
3097,hyperosmolaire
3098,grote groepen
3099,gecontroleerd
3100,hoest
3101,kaart
3102,standaardtherapie
3103,achteruit
3104,belangenconflict
3105,snelwerkende
3106,vullingsdruk
3107,niets
3108,aangrijpingspunt
3109,meta-analyse
3110,middelbare
3111,voedingstoestand
3112,klassen van hartfalen
3113,toename
3114,overstap
3115,acute
3116,ontraad
3117,myocardfibrose
3118,gegevens
3119,volumedepletie
3120,omstandigheden
3121,hartfalenprogramma's
3122,valsartan
3123,sluiten
3124,achtergronden
3125,rosuvastatine
3126,vliegtuig
3127,circumflexus
3128,fysiek
3129,normale
3130,meer
3131,ingreep
3132,cor-thoraxratio
3133,eenmalig
3134,risicogroepen
3135,behandeling van hypertensie
3136,bewegingsprogramma
3137,iets
3138,verbreed
3139,cardiomyopathieën
3140,georganiseerd
3141,kostte
3142,heelkunde
3143,nieuwe bètablokkeerder
3144,exacerberen
3145,neonatale
3146,gelijkaardige
3147,hij
3148,aandacht
3149,ketenzorg
3150,ernstige hyponatriëmie
3151,voorloper
3152,laplace
3153,spoedvisite
3154,interventies
3155,optitreren
3156,onderling
3157,remde
3158,natriuminname
3159,duits centrum
3160,weefsels
3161,academisch
3162,toring
3163,opioïden
3164,onderzoek
3165,overprikkeling
3166,peptide
3167,therapeutische traject
3168,of
3169,ingesteld
3170,vermindering van symptomen
3171,beluisterd
3172,h2o
3173,dpp-iv-remmers
3174,druk
3175,behandelde
3176,adrenomedulline
3177,decom-pensatio
3178,exacerbaties
3179,dilatatie
3180,voordelen
3181,graad
3182,mice-score
3183,hartfalenzorgprogramma's
3184,hartpatiënten
3185,hospitalisatie
3186,weten
3187,beslissing
3188,toediening
3189,galblaas
3190,opmerkelijk
3191,overbelasting
3192,mag
3193,apoptose
3194,interventiegroepen
3195,veneuze
3196,voorspellers
3197,derdegraads
3198,onderzoekspublicaties
3199,waarden
3200,hoog
3201,risico's
3202,zichtbare
3203,adequaat
3204,lipidenprofiel
3205,oedemateuze
3206,acute episode
3207,blokker
3208,ehs-hf
3209,klinische uitkomsten
3210,name
3211,voordeel
3212,terug naar onze patiënten
3213,natriuretische
3214,voorbarig
3215,vaatwand
3216,te
3217,harde
3218,aanwijzing
3219,aanbeveling
3220,ischemisch
3221,en bètablokker
3222,dyspnoe
3223,komst van de moderne geneesmiddelen
3224,getuige
3225,toediening van geneesmiddelen
3226,afwezigheid van pulmonale overvulling
3227,duitsland
3228,anemie
3229,gevoeliger
3230,gedragsmatige
3231,behandelmethoden
3232,metastasen
3233,onbloedige
3234,doodsoorzaak
3235,afkapwaarde
3236,rechter ventrikel
3237,bolustoediening
3238,ace-inhibitor
3239,verantwoordelijkheid
3240,astmapatiënten
3241,genootschap
3242,geneesmiddelkosten
3243,gly389-variant
3244,geleidingsvertraging
3245,dan
3246,jaren
3247,aanpassingsproces
3248,toxiciteit
3249,sneller
3250,outcomes
3251,protocollaire
3252,perfusiescintigrafie
3253,reversibel
3254,winterslaap
3255,ontsmetting
3256,uitval
3257,lisdiureticuma
3258,onderhydratie
3259,regels
3260,kortwerkende vorm
3261,ziektegeschiedenissen
3262,vaatverwijdende
3263,voeding
3264,snel
3265,pericardaandoeningen
3266,vermindering
3267,klinische
3268,staken
3269,medicament
3270,aanpassing
3271,tegenaanwijzing
3272,longziekte
3273,doeltreffender
3274,rechterventrikel
3275,oplaaddosis
3276,doelen
3277,kanker
3278,verstoring
3279,verapamil
3280,bel
3281,icd-drager
3282,verpleeghuis
3283,ghanese
3284,uiting
3285,afwijkende
3286,linker
3287,infectie
3288,ernstiger
3289,leven
3290,isosorbidedinitraat
3291,afdrukt
3292,efficiënte coördinatie
3293,anp
3294,geleverde
3295,therapietrouw
3296,factoranalyse
3297,hartfalers
3298,onafhankelijk van oorzaak
3299,inspanning
3300,vitamine-e-suppletie
3301,prostaglandinesynthese
3302,depressies
3303,cyclo-oxygenase
3304,seh-arts
3305,verricht
