0,tachycardie
1,afwijking
2,medicatiebeleid
3,benauwdheid
4,transferrinesaturatie
5,ontladingen
6,geïnvalideerd
7,linkerventrikelejectiefractie
8,adrenomedulline
9,hamstrings
10,op het hart
11,over te schakelen
12,wachtlijst-
13,regel
14,mswt
15,bnp
16,eenvoudig om
17,verslechtert
18,stimuleren
19,bestonden
20,metingen
21,stimuli
22,hemodynamisch
23,gesuggereerd
24,pompfunctie
25,vervolgtraject
26,neuropathie
27,sporen
28,longfunctieafwijkingen
29,plaats te vinden
30,kussentje
31,gestoord
32,optrad
33,overgang
34,aspecifiek
35,hulpmiddelen
36,80 / min.
37,buikpijn
38,klasse gunstige
39,geprikt
40,cytotoxische
41,ace-remmer
42,pomphuur
43,leeggestreken
44,resultaten
45,heart attack
46,trager
47,thoraxfoto
48,dagdosis
49,hypercholesterolemie
50,gedefinieerd
51,therapieprotocol
52,vroegtijdiger
53,meededen
54,vergrijzing
55,medicus
56,bnp-waardes
57,bijwerking
58,opvolgen
59,pci-groep
60,metastasen
61,ingezet
62,overgaat
63,aldosteronproductie
64,links-en rechtszijdig
65,onvermoede
66,spreiding
67,geneesmidddelen
68,dosering
69,geplande
70,enkel
71,roken
72,afkapwaarde
73,gaande
74,reperfusie
75,abstinentie
76,succes
77,onterecht
78,gly389
79,uitdiepen
80,onverzadigde
81,bovenbuik
82,infarct
83,onderling
84,one-stop shop
85,toe
86,natriumretentie
87,behandelingsevenwicht
88,biventriculaire
89,wachttijd
90,plaatjesremmers
91,ontwaterd
92,voorbarig
93,uitkomstmaat
94,paragraaf
95,beleving
96,voorbelasting
97,optitreerfase
98,toegevoegd
99,nadelen
100,cardiomyopathieën
101,trandolapril
102,behandelgroepen
103,praktijkondersteuner
104,gecorrigeerd
105,waterig
106,chemotherapie
107,ritme-
108,ontbreken
109,weten
110,opzet
111,kostbaar
112,aanmoeten
113,in twee groepen
114,diegenen
115,linker ventriculectomie
116,boezemfibrilleren
117,vochtinname
118,natriuminname
119,herziening
120,anemie
121,spoedeisende
122,buikklachten
123,arbs
124,rijp
125,observeren
126,antiaritmicum
127,longvaatbed
128,calcium
129,verlaagd
130,hoofd
131,eenmalig
132,hoogteverschil
133,perfusiescintigrafie
134,"13,9 pmol"
135,losartangebruikers
136,wekelijks
137,perindoprilgebruik
138,eenvoudig te vinden
139,waterhuishouding
140,linkerventrikelfunctie
141,wgbo
142,craniaal
143,kostenbesparend
144,voorzorgen
145,harttransplantatie
146,depressie
147,interventie
148,klasse iii
149,oedeem
150,zorginstellingen
151,uit te voeren
152,hospice
153,onderzocht
154,complexe
155,behouden
156,cm
157,bucindolol
158,voorschrijfgedrag
159,spierkrachttraining
160,cardioverter-defibrillator
161,fluoropyrimidine
162,revalidatie
163,bnp-
164,berekend
165,doelmatigere
166,bètablokkers
167,excavatio
168,niet-fataal
169,reduceren van mortaliteit
170,overstap
171,berust
172,ontbreken van grote gerandomiseerde studies
173,afzonderlijke
174,bloeddruk
175,omgekeerd
176,laparoscopie
177,dp
178,staat te stellen
179,zin
180,minderheid
181,euvolemie
182,wet
183,afwijkend
184,benadrukken
185,buikpijnklachten
186,pluspunt
187,hals
188,gewichtverlies
189,klein te houden
190,verschijnselen
191,basisvoorlichting
192,doorgaans
193,geïndiceerd
194,calciumantagonisten
195,gecontroleerd
196,geleidingsstoornissen
197,gemarkeerde
198,valsartan
199,afkapwaarden
200,aanvullende
201,stomatitis
202,nauwgezetheid
203,echocardiografie
204,genderverschillen
205,drukpijn
206,acra
207,in-vitrostudie
208,dialysetherapie
209,thuisinfusie
210,haloperidol
211,start-
212,antidiabetische
213,digitalispreparaten
214,atrioventriculair
215,eerste lijn
216,doorverwijzen
217,discriminerend
218,antibioticavoorschriften
219,algemeen
220,risico's
221,zorgverleners
222,stijging
223,overbruggen
224,draagvlak
225,informeer
226,diureticagebruikers
227,al.
228,beloop
229,kwetsbare
230,druk-volumerelaties
231,hoofddoelen
232,bnp-resultaten
233,gecorreleerd
234,geklaard
235,afkappunten
236,lagere
237,nadeel
238,echo
239,in bèta-adrenerge
240,cardiovasculaire
241,longvaattekening
242,zeer slechte
243,ischemisch
244,vernevelen
245,vochtophopingen
246,hypokaliëmie
247,sublinguaal
248,functiestoornis
249,aangeraden
250,diastolische
251,reactieve
252,allicht
253,volgranenontbijt
254,hyperuricemie
255,erytrodysesthesie
256,onderzoeksgroep
257,sublinguale
258,samentrekt
259,et
260,geboden
261,vochtretentie
262,afwijzing voor harttransplantatie
263,medicatie
264,rechter ventrikel
265,supraventriculaire
266,voornoemde
267,aan
268,inriep
269,verstoring van de water-
270,mfm
271,e-learning
272,medisch
273,vocht
274,benauwde
275,uitvoer
276,cognitieve
277,concurrentie
278,ingenomen
279,vertraagde
280,dieettherapietrouw
281,opbouwen
282,av-blok
283,multipel
284,mortaliteit
285,lichaamsgewicht
286,pg
287,zelfcontrole
288,"8,1 µg"
289,proef
290,onder meer van staessen
291,multidisciplinaire
292,niet-fatale
293,meting
294,diafragma
295,euvolemische
296,pasten
297,5fu-toxiciteit
298,geïntegreerd
299,afgenomen
300,per
301,tweede-
302,derdegraads
303,overlevingskans
304,beschrijvend
305,opgenomen
306,eindstadium
307,oedemen
308,veranderd
309,hartas
310,afkappunt
311,algehele
312,anp
313,na antracyclinegebruik
314,brieven
315,na
316,hyperfiltratie
317,onderzoek met 422
318,gissi-he
319,streefdoseringen
320,werkzame
321,omzetting
322,kleine kans
323,lichte
324,hand-voetsyndroom
325,tenecteplase
326,zuurstofsaturatiemeting
327,externe factoren
328,rechtszijdig
329,serumcreatinineconcentratie
330,oorzaken
331,aanwijzing
332,lisdiureticuma
333,begeleiding
334,verzameld
335,placebo
336,opgezet
337,val-heft-
338,instructies
339,procedure
340,gedilateerd
341,klassieke hartfalensymptomen
342,gemodificeerde
343,opgespoord
344,aan de hand
345,programma
346,nt-pro
347,vochtsuppletie
348,onder de oudere populatie
349,thuisinfusietherapie
350,maculopathie
351,basisartsen
352,chemotherapeutische
353,vullingsdrukken
354,drijven
355,vervolgdiagnostiek
356,achilleshiel
357,captoprilgroep
358,weefselperfusie
359,enkeloedeem
360,telden
361,vochtbeleid
362,onrust
363,lisinopriltoediening
364,perfunderen
365,doorlezen
366,huisbezoe
367,polyfarmacie
368,zoutbeperking
369,kwalitatieve
370,verzamelen
371,vervolgen
372,gedocumenteerd
373,www.trialregister.nl
374,ontregeling
375,onder controle houden
376,hyperlipidemie
377,weefselhypoperfusie
378,functieverlies
379,bisoprolol
380,gebruik
381,polymorfisme
382,voorschrift
383,lisinopril
384,zorgcentra
385,nagaan
386,behandelingen
387,telemoni
388,anti-inflammatoire
389,thiazidediuretica
390,fysiologische
391,afname
392,benadruk
393,onder invloed
394,uitgangswaarden
395,verschil
396,gedeblokkeerd
397,dihydropyrimidinedehydrogenase
398,cvd
399,interventiegroep
400,nitraten
401,venen
402,adequaat
403,palliatieve
404,renine-angiotensine-aldosteronsysteem
405,stap
406,aparte
407,benadrukt
408,onafhankelijk
409,niet-coronaire
410,in te schatten
411,vermogen
412,subschalen
413,speuren
414,re-
415,doorgegeven
416,gewenste
417,klassen ii
418,voorgrond
419,perifere
420,zorg
421,vochtverlies
422,remmer
423,schattingen
424,klassen van hartfalen
425,afkapwaardes
426,losartan-
427,long
428,onderdelen
429,gunstig
430,onder de roc-curve
431,waterretinerende
432,stapsgewijs
433,aldosteronreceptoren
434,uitvoering
435,slagen
436,probleem
437,trombi
438,delicate
439,aterogenese
440,bewegingspatroon
441,gestratificeerd
442,opmerkelijk
443,gedrongen
444,geabsorbeerd
445,verwardheid
446,geëigende
447,combinatie
448,georganiseerd
449,bemand
450,heropname
451,afdrukt
452,driemaandelijkse
453,opvolging
454,door te breken
455,begrippen
456,alogliptine
457,armen
458,onmisbaar
459,carcinoom
460,onjuist
461,voedingstoestand
462,tekort
463,markt
464,bespreken
465,lethargische
466,dorstgevoel
467,middelbare
468,piepen
469,1 - 5 mg
470,zelfbedrog
471,sleutel
472,output
473,biomedische
474,expertpanel
475,selectieve
476,jama
477,lichte tot matige
478,sociaaleconomische
479,aortadruk
480,aldosteronspiegel
481,verantwoordelijke
482,x-thorax
483,therapietrouw
484,zelfrapportage
485,deficiëntie
486,toegediend
487,psychofarmaca
488,gemeenschappelijk
489,bemoedigend
490,a.
491,verzamelden
492,vaatverwijders
493,dilatatie
494,variantgenen
495,spiegels
496,atrium
497,type 2
498,eindfase
499,op de 6 patiënten
500,halve
501,aangrijpingspunt
502,traag
503,longstuwing
504,methode
505,ketenzorg
506,bespraken
507,hf
508,et cetera
509,verpleeghuis
510,nadenken
511,uitlokkende
512,hartmassae
513,echocardiografisch
514,bedroeg
515,gunstiger
516,kwikmanometer
517,oplossen
518,polsdruk
519,stabiel
520,pulsaties
521,aspecten
522,verpleeghuisbewoners
523,transfer
524,aanpassingsproces
525,mmhg
526,gekomen
527,bijwerkingen
528,kanmoet
529,farmacotherapie
530,na 5 uur
531,cardiomegalie
532,voorzichtigheid
533,heffend
534,stimulering
535,handen
536,onder steriele omstandigheden
537,oudere bevolking
538,verschijning
539,harde
540,beoordelen
541,ms
542,beperken
543,zeldzamer
544,ontrafeling
545,gerandomiseerd
546,tezamen
547,donorhart
548,onafhankelijke voorspeller
549,reflextachycardie
550,controleer
551,stopgezet
552,ontbreekt
553,gemodificeerd
554,loslaatpijn
555,na te gaan
556,waakzaamheid
557,op het laagste punt
558,niertubulus
559,staakten
560,zuurstofopnamevermogen
561,antiarrhythmica
562,beslisregels
563,spieren
564,zij
565,diabetes mellitus
566,decompensatie
567,sloten
568,anticoagulantia
569,individuen
570,fysisch-diagnostisch
571,overschaduwd
572,hulpverlener
573,ventriculaire
574,richt
575,serumcholesterol-
576,warfarine
577,inschatten
578,uitkomst
579,startdosering
580,klasse-effect
581,geprotocolleerde
582,oversterfte
583,levervenen
584,uit te breiden
585,onbloedig
586,merendeel
587,onverwacht
588,therapeutische
589,bewijzen
590,negatief
591,eenmaaldaags
592,overschaduwt
593,myocardfibrose
594,roept
595,geanalyseerd
596,stappen
597,palliatie
598,afstemmen
599,diagnose
600,gefaciliteerde
601,korte termijn
602,algemeen aanvragen
603,veroorzaken
604,moeilijk te interpreteren
605,min.
606,linker-
607,sinoatriaal
608,gestimuleerde
609,ace-inhibitor
610,conditietraining
611,longembolie
612,doorverwezen
613,coenzym
614,serumkaliumgehalte
615,inhalatorgebruik
616,acute
617,serumkaliumstijging
618,gezet
619,rondstuurt
620,cor-thoraxratio
621,allelfrequentie
622,instelt
623,bax
624,cohortonderzoek
625,niet-selectief
626,hyperglykemie
627,leerpunten
628,coronaire
629,essentieel
630,cardiac index
631,revascularisatie-ingreep
632,standaardnazorg
633,verzocht
634,cardiomyopathie
635,dankzij
636,spier-
637,40 mg
638,leverrand
639,heropgenomen
640,systolische
641,stijfheid
642,beslisregel
643,rust
644,mantelzorgers
645,heropnamen
646,aangenomen
647,niet-acuut
648,geleidingsvertraging
649,progressie
650,defibrillator
651,klinische onderzoeken
652,veranderingen
653,hartrevalidatie
654,vraag te komen
655,halsvenen
656,rehospitalisatie
657,gewichtstoename
658,onbeantwoorde
659,geblokkeerd
660,beschrijft
661,uitkomstmaten
662,b-type
663,insufficiënt
664,cyclo-oxygenase
665,leidt
666,toegenomen
667,gepast
668,toring
669,adjuvante
670,zwangerschap
671,gevolg van behandeling
672,hartfalenacuut
673,1x
674,disfunctie
675,linker
676,valt
677,overlevingskansen
678,opsporen
679,onmogelijk
680,linker ventrikelfunctie
681,geadviseerd
682,onbetrouwbare
683,onderliggende
684,kunstharten
685,bepalingen
686,proeflaparotomie
687,uiting van hartfalen
688,atherosclerotische
689,stoppen
690,renine-angiotensine-antagonisten
691,voorkamerfibrillatie
692,epidemiologie
693,laaggedoseerde
694,diuretisch
695,bcl2
696,in
697,infusiesysteem
698,externe validatie
699,factoranalyse
700,cva
701,gestart
702,inclusie-
703,zeurende
704,gestuurd
705,hb
706,ontslagen
707,zoutbeperkt
708,beroerte
709,aanbeveelt
710,cardiac
711,lvsd
712,belandde
713,ze
714,heden
715,gemetaboliseerd
716,verrichtingen
717,risicogroepen
718,logisch
719,evenwel
720,apoptosis
721,geriatrische
722,grijze
723,endo-
724,functionele
725,natuurlijke
726,idiopathische
727,kosteneffectief
728,myocard
729,3e
730,aanmaak
731,tekortschietende
732,neemt
733,overgeplaatst
734,ritmestoornissen
735,voorgedaan
736,macroalbuminurie
737,medicamenteus
738,overleving
739,bewijs
740,toestellen
741,dutp-gelabelde
742,wegnemen
743,operationele
744,contra-indicatie
745,al
746,zou cellen
747,depressies
748,traden
749,apoptose
750,overgewicht
751,asat
752,opname
753,analyse
754,schadelijke
755,leefstijladvies
756,dilatatoire
757,aanbevolen
758,dehydratie
759,fev
760,galopritme
761,verdraagbaarheid
762,contractie
763,spreken
764,behandelaar
765,door te hoge dosering
766,uitermate
767,metoprolol
768,echotechniek
769,stabiele
770,recuperatie
771,zorgkosten
772,terug
773,oogpunt
774,hulpverleners-ambulanciers
775,zover
776,ischemische
777,risicos
778,wankel
779,antidiuretisch
780,weigert
781,hartinfarct
782,stijgt
783,thiazides
784,oplaaddosis
785,geïnstrueerd
786,vervolgduur
787,crepitaties
788,arb's
789,diureticabeleid
790,kwantificeren
791,aii-antagonisten
792,geneesmiddelonderzoeken
793,verergering
794,longen
795,aanvulling
796,grijze zone
797,trouw
798,verstijving
799,gewicht
800,pijn
801,progressief
802,immunomodulerend
803,risicofactor voor cardiovasculaire
804,linkerventrikeldruk
805,ga
806,torsades
807,stabilisering
808,zout
809,beluisterde
810,bèta-adrenoceptorblokker
811,uitsluiten
812,communi
813,kunstklep
814,enalapril
815,getransfecteerd
816,mits
817,door antracyclinen
818,remmen
819,cardiale schade
820,personen
821,5fu-expositie
822,subgroepanalyses
823,oog
824,opsporing
825,afsluiting
826,pen
827,bemoeilijkt
828,afzonderlijk
829,kosten
830,dieetdagboek
831,infecties
832,basisbegeleiding
833,pacemakerritme
834,spironolactone
835,alogliptinebehandelde
836,lichaamstemperatuur
837,verticale
838,mede
839,cyp2c9
840,plaatjesaggregatie
841,preventieve
842,diureticagebruik
843,op het aantal ziekenhuisopnames
844,dyspnoe
845,glitazones
846,ischemie
847,astma
848,controle-echocardiografie
849,onderste
850,reanimatierichtlijnen
851,onduidelijkheid
852,ace)-remmers
853,gespecialiseerde
854,irregulair
855,besproken
856,simpel te
857,linkerbundeltakblok
858,ejectiefractie
859,onbedoeld
860,copd
861,activering
862,2x
863,uitsluit
864,remming
865,aanwijzingen
866,training
867,behandelaars
868,gesimuleerde
869,spoedeisendehulpafdeling
870,darmpakket
871,afferente
872,schakel
873,remt
874,klasse-i-antiaritmica
875,éénjaarsoverleving
876,hersteld
877,mesangium
878,daalde
879,geordend
880,cardiologische
881,wekelijkse
882,gerandomiseerde
883,inotroop
884,achterstandswijk
885,zuurstofsoorten
886,verpleegkundigen
887,c-statistic
888,donoren
889,tenzij
890,enkele
891,natriuretische
892,klinische
893,transmurale
894,intoxicaties
895,behandelen
896,nauwkeurig
897,bejaarden
898,laag kalium
899,niet-gerandomiseerde
900,ongunstige
901,kostbaarste
902,uitgelegd
903,postglomerulaire
904,thiazolidinedionen
905,vochtbeperking
906,kaderhuisarts
907,acetylsalicylaat
908,discrepantie
909,hoeverre
910,vermijdbare
911,gevalsonderzoek
912,ramus
913,grote trial
914,uitkomsten van de studie
915,verslechterde
916,antihypertensieve
917,internisten
918,contra-indicatie voor behandeling
919,vaccinatie
920,inspannen
921,betrof
922,diuretica
923,uitvallers
924,vrijzetting van bnp
925,onjuiste
926,nabelasting
927,geleidingstijd
928,onderscheiden
929,aanmerking
930,stressreactie
931,hartsouffle
932,werkgroep
933,luchthoudendheid
934,afhankelijk
935,voetzoolreflexen
936,dan intraveneuze
937,rekening
938,receptoren
939,tachyaritmieën
940,spierkracht
941,natriumbeperking
942,onbloedige
943,aanwijzing voor hartfalen
944,ml
945,cardiologie
946,cavum
947,voor-achterwaartse
948,spiercelverlies
949,diarree-episoden
950,niet-cardiaal
951,in het ziekenhuis
952,longlijden
953,uitspraken
954,cardiologenpanel
955,toediening van furosemide
956,nefrologische
957,degenen
958,exacerberend
959,cava
960,combinaties
961,teruggeperst
962,beïnvloed
963,op lange termijn
964,dringt
965,op
966,bnp-uitslag
967,toe te dienen
968,osteosarcomen
969,afhankelijk van de individuele situatie
970,respons
971,perindopril
972,meerwaarde
973,hartslag
974,snp
975,bevelen
976,biomarker
977,niet-steroïde
978,anamnese
979,gezondheidsprobleem
980,benen
981,ontslagdiagnose
982,bevond
983,disciplines
984,innemen
985,pretransplantatiepatiënten
986,plasmaconcentratie
987,geplast
988,b-type-natriuretische
989,gedialyseerd
990,geïmplementeerd
991,dubbelblind
992,gelegd
993,regels
994,prostaathypertrofie
995,symptoom
996,ontstekingsremmers
997,kwartiel
998,twee-
999,klinische zorg
1000,bedroegen
1001,behandelverpleegkundige
1002,aangrijpingspunten
1003,venepols
1004,eenvoudige
1005,bijnier
1006,voeten
1007,voorlichting
1008,af
1009,gedrag
1010,aandoening
1011,kleven
1012,dutp
1013,ascitesvocht
1014,rosuvastatine
1015,licht toegenomen
1016,amiodaron
1017,cva.2
1018,eetlustverlies
1019,hypotensie
1020,niet-ischemische
1021,atriumfibrilleren
1022,partiële
1023,descriptieve
1024,behoeft
1025,geneesmiddelen
1026,zinvol
1027,af te wachten
1028,behandeldoel
1029,lichaamsbeweging
1030,adviseer
1031,eerste
1032,clopidogreltherapie
1033,angiotensineconverterendenzymremmers
1034,klasse-effecten
1035,werkingsmechanisme
1036,voorgeschiedenis
1037,vbelangrijke
1038,metoprololsuccinaat
1039,eenheden
1040,hyponatriëmie
1041,hf-pef
1042,onbesproken
1043,resultaat
1044,waterpas
1045,noodzaak
1046,abdomen
1047,fibrinolytische
1048,orale
1049,tempo
1050,telefo
1051,bronchitis
1052,onbekend
1053,kwantiteit
1054,proatherosclerotische
1055,name trastuzumab
1056,herhaling
1057,mitralisklep
1058,beveelt
1059,ogen
1060,vragenlijst
1061,steunhart
1062,opvattingen
1063,"26,5 µmoll"
1064,contractiliteit
1065,inotrope
1066,echocardiogram
1067,klepoperaties
1068,1b
1069,pneumonie
1070,onderhoudsdosis
1071,stoornissen
1072,hyperventilatie
1073,beschouwden
1074,klinisch onderzoek
1075,vernauwen
1076,hartrevalidatieprogramma
1077,onder strenge
1078,ontraden
1079,stapsgewijze
1080,klinische praktijk
1081,anderhalve à twee liter
1082,veroudering
1083,atriumfibrillatie
1084,myocyten
1085,morfine-analogen
1086,om
1087,zelfdosering
1088,beslag
1089,vijfhonderd
1090,tweesnijdend
1091,overmatige
1092,moeizaam
1093,slechts
1094,borsten
1095,verergeren
1096,vergrote
1097,dichtheid
1098,eerstelijnsgezondheidszorg
1099,sinus
1100,morfine
1101,gepaard
1102,tevoren
1103,tachypneu
1104,kernboodschappen
1105,latje
1106,geboekt
1107,rustsituatie
1108,euthanasie
1109,onderzoeksvraag
1110,dt
1111,overlevingsduur
1112,ischaemia
1113,hoofdstuk
1114,stappenplan
1115,verbied alcoholgebruik
1116,twijfel
1117,effectieve
1118,werpt
1119,therapieën
1120,psychologische
1121,gedragen
1122,gespannen
1123,symptoomverbetering
1124,meldde
1125,belemmert
1126,geïntroduceerd
1127,raad
1128,bronchospasme
1129,ademhaling
1130,opgehoogd
1131,pompen
1132,gecollabeerd
1133,tegenaanwijzingen
1134,netwerk
1135,contraheert
1136,individueel
1137,endomyocardfibrose
1138,lactaatconcentratie
1139,integreer
1140,steekproeven
1141,ht
1142,geïmplanteerd
1143,wijkverpleegkundige
1144,onacceptabel
1145,ruis
1146,pillen
1147,gestrand
1148,einddoeltherapiepatiënten
1149,lisdiureticum
1150,gedaalde
1151,uitgesteld
1152,gestaakt
1153,over het sterven
1154,defibrillatortherapie
1155,gepubliceerde
1156,houden.1
1157,cumarinen
1158,map-daling
1159,overbruggingsprocedures
1160,wisselende
1161,dikwijls
1162,crt-d
1163,tachy-
1164,doeltreffender
1165,hamvraag
1166,metabole
1167,geëxtrapoleerd
1168,voorzichtig
1169,onderzoekspublicaties
1170,gecontraïndiceerd
1171,icd
1172,speurtocht
1173,achtergrondinformatie
1174,hartgeruis
1175,geleidelijk
1176,ontbrekende
1177,uren
1178,lichte lichamelijke
1179,noot
1180,onderzoeken
1181,vergrijzing van de bevolking
1182,follow-upprogramma's
1183,filtratiesnelheid
1184,implantatie
1185,echografisch
1186,gezondheidszorgvoorzieningen
1187,ingrepen
1188,differentiaaldiagnose
1189,waterzucht
1190,dm2
1191,natriumconcentratie
1192,metoprololonderzoek
1193,captoprilgebruikers
1194,niet-medicamenteus
1195,asymptomatische
1196,behoed
1197,bumetanide
1198,type'-myocyten
1199,lever
1200,infectie
1201,icd-drager
1202,overlijdt
1203,centraalveneuze
1204,handelen
1205,inspanningsvermogen
1206,geneesmiddelkosten
1207,statinehype
1208,financiële
1209,implanteerbare
1210,streefwaarde
1211,terugresorptie
1212,getild
1213,bestrijden
1214,levensgevaarlijke
1215,overvulling
1216,overigen
1217,soepel
1218,doelen
1219,winst
1220,handrug
1221,opiaten
1222,werkzaamheden
1223,geconsulteerd
1224,dihydropyridines
1225,voorwaarts
1226,durende
1227,positie van het bovenlichaam
1228,rechterventrikel
1229,infusietherapie
1230,hoest
1231,komst
1232,cardiovasculair
1233,lichamelijk onderzoek
1234,ascites
1235,voorgeschreven
1236,bypass-
1237,adviezen
1238,acetylsalicylzuur
1239,85-plussers
1240,aanzienlijk
1241,etnische
1242,perfusiedruk
1243,gevalideerd
1244,buiten
1245,doorgestuurd
1246,beluisterd
1247,aii-antagonist
1248,triamtereen
1249,furosemide
1250,behandeladvies
1251,vroegtijdig
1252,rechterbovenbuik
1253,afhankelijk van de mate
1254,beta-blokkers
1255,hartfalen optreden
1256,renine
1257,beschouwd
1258,cardiotoxiciteit
1259,dachten
1260,kon
1261,halfwaardetijd
1262,wij
1263,dermate
1264,controles
1265,"5,3 mmol"
1266,treedt
1267,ontslag
1268,wijze van onderzoek
1269,zouthuishouding
1270,middelen voor te komen
1271,dezen
1272,contractie-relaxatiepatronen
1273,nefroloog
1274,gebruikte
1275,ibopamine
1276,ictus
1277,onderscheid
1278,afbraak
1279,duurtraining
1280,nierfunctiestoornis
1281,omschrijving
1282,aanpak
1283,niet
1284,ventricular
1285,door
1286,rechts
1287,voortzetting van behandeling
1288,academisch
1289,eindstadiumhartfalen
1290,βètablokkers
1291,inspanning
1292,gehalveerd
1293,ontwikkelde
1294,tachypnoïsche
1295,agonisten
1296,eenvoudig te verklaren
1297,congestief
1298,omgezet
1299,geaccepteerde
1300,gastroscopie
1301,vermindering van dyspneu
1302,overlap
1303,ontvingen
1304,drukmeting
1305,spironolactongroep
1306,gemeenschappelijk gedragen
1307,binnen
1308,interventies
1309,dichtgedrukt
1310,genetische variant
1311,geleide
1312,mitralisklepinsufficiëntie
1313,afwezigheid
1314,anp-
1315,op kortere termijn
1316,2b
1317,werkdiagnose
1318,geleid tot een toegenomen levensverwachting
1319,kortetermijnveranderingen
1320,relatieve-risicoreductie
1321,onderzoeker
1322,drijf
1323,t2dm
1324,cardiac output
1325,onder controle
1326,werpen
1327,galblaas
1328,bewaking
1329,besluiten
1330,standaarddosis
1331,vragen
1332,linkerbundeltakblokconfiguratie
1333,gangbare
1334,leverstuwing
1335,voor-achterwaartse thoraxdiameters
1336,voorwaarde
1337,recidiverend
1338,controle
1339,wisselend
1340,ace
1341,vroege
1342,kwart
1343,toename
1344,halvering
1345,orde
1346,onder de tong
1347,klassieke tegenaanwijzingen
1348,recompenseren
1349,zuurstof
1350,instrumenten
1351,losartan
1352,dieet
1353,behalen
1354,fdh
1355,aandoeningen
1356,ontwatering
1357,woburn
1358,behoudens
1359,studiepatiënten
1360,reden
1361,belang van de behandeling
1362,atypisch
1363,afwijkende
1364,herhalingen
1365,natriumsuppletie
1366,angio-oedeem
1367,trekken
1368,systemisch
1369,geïdentificeerd
1370,geneesmiddelvoorschriften
1371,paracorporeel
1372,zeldzame
1373,drukcurve
1374,winterslaap
1375,gesteld
1376,gegrond
1377,herseninfarcten
1378,multifactoriële aandoeningen
1379,decapeptide
1380,richtlijn
1381,ontkracht
1382,perfusie
1383,slechte
1384,würzburg
1385,niet-selectieve
1386,harfalen
1387,evenmin
1388,licht
1389,zwak
1390,gewoonlijk
1391,bindingsduur
1392,pijler
1393,diureticadoseringen
1394,omvat
1395,acuut
1396,primaire
1397,r+5
1398,nierarteriestenose
1399,gedecompenseerd
1400,rapporteren
1401,medische
1402,verboden
1403,publicatiebias
1404,lo studio
1405,arbeidsvermogen
1406,dyspneu
1407,doen
1408,25 mmhg
1409,rugligging
1410,follow-uponderzoek
1411,indicatie
1412,drukwisselingen
1413,hypercapnie
1414,zuurstofverbruik
1415,hoge spiegels
1416,radionuclidemetingen
1417,mediane
1418,toepassingen
1419,efficiënte
1420,aangegeven
1421,ijzergebrek
1422,sprake van .
1423,1 à 2
1424,pacing
1425,beslissingen
1426,zittend
1427,toxiciteit
1428,vooruitzichten
1429,hartinfact
1430,gang
1431,ecg
1432,andere kaliumsparende
1433,50 / min
1434,ß1-adrenerge
1435,preoperatieve
1436,wijden
1437,verkeerde behandeling
1438,h2o
1439,evaluatie
1440,crp
1441,gecombineerde
1442,allel
1443,hersenbloeding
1444,onderzoeksmethoden
1445,onderzoekspopulaties
1446,staken
1447,luchtweg-
1448,pericardaandoeningen
1449,niet-cardiale
1450,captoprilgebruik
1451,ijzersuppletie
1452,overwogen
1453,diclofenac
1454,aldosteronproductie.1
1455,kortademigheidsklachten
1456,orthostatische
1457,omkeerbaarheid
1458,beleid
1459,lever-
1460,5fu
1461,trainbaar
1462,tachycard
1463,constrictie
1464,behandeloptie
1465,ontbraken
1466,vermoeide
1467,in te schakelen
1468,geprogrammeerde
1469,pathofysiologie
1470,gestructureerde
1471,als
1472,rechter hand
1473,doelstellingen
1474,directe
1475,onveranderd
1476,polsfrequentie
1477,afvragen
1478,diureticaresistentie
1479,klasse-iv-patiënt
1480,linkerventrikelvolume
1481,onafhankelijke voorspellers
1482,defecatiepatroon
1483,lijdt
1484,donororganen
1485,ingreep
1486,getuige
1487,raadplegen
1488,buiten studies
1489,renine-angiotensine-aldosteron-systeem
1490,geadviseerde
1491,lvef-daling
1492,gepreserveerde
1493,verliep
1494,behandelwijzen
1495,reizen
1496,normale
1497,eerstelijns
1498,herziene
1499,controlegroepen
1500,instellen
1501,verbindingslijn
1502,ontstekingsremmende
1503,lastig
1504,sinusritme
1505,losartangroep
1506,commentaar
1507,boogmethode
1508,blok
1509,afdrukken
1510,clinicus
1511,omstreeks
1512,aspirin
1513,aannemelijker
1514,moeheid
1515,ontstonden
1516,mengelmoesje
1517,redistributie
1518,daalt
1519,anti-inflammatoir
1520,lactaatacidose
1521,staand
1522,geïsoleerde
1523,achtergrond
1524,zeer kaliumrijk
1525,deed
1526,intercurrent
1527,ontsporing
1528,angiotensine-i
1529,spoor
1530,gecontra-indiceerd
1531,geleid
1532,gebleken
1533,natrium
1534,vitamine-e-suppletie
1535,bewezen
1536,nhg-standaard
1537,streefdosering
1538,anti-inflammatory
1539,klasse 2
1540,voorbehandeling
1541,gestoorde
1542,cardiologische gebeurtenis
1543,ingesteld
1544,voorlopige
1545,klacht
1546,health project
1547,onderzoeksvragen
1548,hoofdzakelijk
1549,hart
1550,statusonderzoek
1551,voorwandafleidingen
1552,i.v.
1553,verwaarloosbaar
1554,intercurrente
1555,etnische achtergrond
1556,balans
1557,praktijk
1558,hulpmiddel
1559,atriumpeptiden
1560,groeifactoren
1561,galop
1562,dubbelwerkend
1563,ontspannen
1564,nader
1565,aritmieën
1566,percutane
1567,gestabiliseerd
1568,hypovolemische
1569,neurohumorale
1570,beoordeling
1571,vullingsdynamiek
1572,mmol
1573,cardiaal functioneren
1574,inspannings-ecg
1575,afwachting
1576,mechanismen
1577,spontaan
1578,gestarte
1579,backward failure
1580,stuwing
1581,nierschade
1582,langzaam
1583,wikkelhart
1584,hypertensief
1585,follow-upduur
1586,verstrengeling
1587,wandspanning
1588,klasse i-ii
1589,3dd
1590,epd's
1591,zoutvervangers
1592,werkte
1593,statines
1594,natriumintake
1595,vorming
1596,kleine onderzoeken
1597,aangespannen
1598,2dd
1599,behandeling
1600,test
1601,bnp-gehalte
1602,algemene bevolking
1603,torasemide
1604,hepatomegalie
1605,zaak
1606,omstreden
1607,hyperkaliëmie
1608,en
1609,beëindigde
1610,rechtop
1611,onder de 45
1612,multi-organ failure
1613,overname
1614,adenosine-di-fosfaat
1615,systolisch
1616,overheid
1617,gecompenseerd
1618,uitademingsstand
1619,spirometrie
1620,wát
1621,bepaling
1622,duur
1623,meebeoordeeld
1624,endotheelfunctie
1625,gepoogd
1626,medicament
1627,peptide
1628,individuele
1629,cardiale-resynchronisatietherapie
1630,contractiele
1631,biomarkers
1632,perifeer
1633,afgedrukt
1634,indruk
1635,pompwerking
1636,ernstiger gevallen
1637,ziekbed
1638,angiotensine-ii
1639,achtergronden
1640,borst-
1641,op grote hoogte
1642,stand van zaken
1643,m2
1644,grond van leeftijd
1645,ongunstig
1646,onder de plasmaconcentratie-tijdcurve
1647,schatting
1648,draagbare
1649,spoedig
1650,gemeld
1651,gfr
1652,beschermen
1653,heropnames
1654,hartfunctie
1655,matig kali
1656,ontstane
1657,contact
1658,natriumarme
1659,in-vitro-opstelling
1660,interventiegroepen
1661,afgebouwd
1662,inactivatie
1663,tests
1664,hulpverlening
1665,longziekte
1666,rol
1667,overeenkomt
1668,studiepopulatie
1669,controlegroep
1670,onstabiele
1671,druk
1672,45e
1673,onderkenning
1674,ace-remmers
1675,vooralsnog
1676,doorbloeding
1677,d'effort
1678,uitsluiting van de diagnose
1679,toenemen
1680,congres
1681,klasse ii-iv
1682,hypervolemische
1683,plasmaspiegel
1684,pacing'-pacemaker
1685,souffles
1686,voordeel
1687,digoxine
1688,onverklaarde
1689,zwakte
1690,dikke
1691,cardiale
1692,vaatziekten
1693,onderzoek
1694,exacerbaties
1695,pulmonaal
1696,behandelbare
1697,probnp
1698,cardiaca
1699,medisch-technische
1700,slecht scoren
1701,voorloper
1702,mededelingen
1703,95-betrouwbaarheidsinterval
1704,gereanimeerd
1705,metformine
1706,toepassen
1707,te
1708,overprikkeling
1709,basisreanimatie
1710,gehalte
1711,zestig
1712,vochthuishouding
1713,defibrillatie
1714,piekconcentratie
1715,gaat
1716,operatieve
1717,- uretisch
1718,regelmatige
1719,leent
1720,aldus
1721,griepvaccinatie
1722,zuurbranden
1723,echocardiografische
1724,zelfdoding
1725,driemaal
1726,voor medicatie
1727,vaatwandeigenschappen
1728,werkingsprofiel
1729,ontsmetting
1730,bijgesteld
1731,stimuleert
1732,roche-therapeutics
1733,30ml
1734,hartfalenpatiënt
1735,oefenen
1736,oraal
1737,psychosociale
1738,onzekerheid
1739,uitgangswaarde
1740,diuretische
1741,gemiste
1742,noden
1743,geïncludeerde
1744,bent
1745,overbelasting
1746,contacten
1747,inhouds-
1748,pas
1749,slijmvliezen
1750,polsslag
1751,gerechtvaardigd
1752,publicatie
1753,lopen
1754,beduidend
1755,cohort
1756,serumkalium
1757,tekortschiet
1758,rct
1759,proefschrift
1760,exclusiecriteria
1761,weefsels
1762,langere
1763,verrichtte
1764,herhaald
1765,uitgezette galwegen
1766,voorgestelde
1767,midden van het rechter atrium
1768,optitreren
1769,collapsneiging
1770,voor-
1771,hieromtrent
1772,geijkt
1773,neonatale
1774,onvermoed
1775,respectievelijke
1776,ramipril
1777,aldosteronantagonist
1778,circulatie
1779,overleed
1780,standaarddoses
1781,geleidingssnelheid
1782,organen
1783,deelnam
1784,terminale
1785,vertekeningen
1786,afdoende
1787,spierweefsel
1788,vermoeidheid
1789,natriuretisch
1790,ademgeruis
1791,gehoord
1792,95-bi
1793,opstaan
1794,defecatie
1795,doorbraken
1796,dubbelblinde
1797,doorbreken
1798,instelling
1799,verwijd
1800,studie
1801,ontstond
1802,deelverantwoordelijkheden
1803,digitalis
1804,gynaecomastie
1805,genetische
1806,uit te sluiten
1807,asthma
1808,assays
1809,matig
1810,stomp
1811,diabetesrichtlijn
1812,gewijzigd
1813,verdere
1814,intolerantie
1815,ervaren
1816,ooghoogte
1817,geïncludeerd
1818,zwaard
1819,horizontale vlak
1820,waarnemer
1821,algemene
1822,bij
1823,posities
1824,obesitas
1825,werking
1826,rechterventrikelfalen
1827,48-uursschema's
1828,inactieve
1829,tachycardieën
1830,natriumarm
1831,wél
1832,boven thiazidediuretica
1833,bewoners
1834,opstarten
1835,afneemt
1836,ondergrond
1837,ontraad
1838,standaardlab
1839,1dd
1840,x-dal
1841,speckle-echo
1842,terug te zien
1843,landelijk informatienetwerk
1844,thuissituatie
1845,hoge doseringen
1846,therapeutisch
1847,cardiomyocyten
1848,aanvullend
1849,dubbele enzymwerking
1850,genetische varianten
1851,water
1852,geeft
1853,vullingsdruk
1854,daalden
1855,duurden
1856,effecten
1857,wegwijzers
1858,natrium-
1859,pomp
1860,sexual adjustment
1861,parasympatische
1862,intensive-careafdeling
1863,reutelende
1864,leidraad voor therapiekeuze
1865,activatie
1866,nsaid's
1867,streefdosis
1868,zit
1869,correctiemechanisme
1870,gezorgd
1871,telemonitoring
1872,zachte
1873,hoofdeinde
1874,onregelmatig
1875,waterretentie
1876,thorax
1877,niet-acute
1878,benut
1879,leest
1880,spoed
1881,aldosterone
1882,benaderden
1883,diurese
1884,ijzerstatus
1885,gericht
1886,leverziekten
1887,serumkaliumconcentratie
1888,chemo-
1889,slagvolume
1890,uitersten
1891,kwaad
1892,navraag klaagde
1893,1 dd
1894,demping
1895,gedragsmatige
1896,actief
1897,toediening
1898,hoesten
1899,structurele
1900,aannemelijk
1901,hoekstenen
1902,alogliptine-
1903,grenzen
1904,zelfmedicatie
1905,spiercellen
1906,remmende
1907,verricht
1908,derde
1909,elektrocardiografie
1910,aanbevelingen
1911,klaring
1912,geenszins
1913,wijzigingen
1914,hemodialyse
1915,onafhankelijk van elkaar
1916,linker-ventrikel
1917,enerzijds
1918,regelmatig
1919,troglitazon
1920,verslechtering
1921,acetylsalicylzuurgebruik
1922,zet
1923,verwijzing
1924,opgezette
1925,optreden
1926,direct
1927,leverfalen
1928,microcytair
1929,geaccepteerd
1930,perioperatief
1931,alvast
1932,mdr
1933,geneeskundige vooruitgang
1934,lichaamsoppervlakte
1935,hulp
1936,onwaarschijnlijk
1937,opgevoerd
1938,onderdrukken
1939,op hypovolemie
1940,antihypertensive
1941,auteur
1942,therapeuticum
1943,gebrekkkige
1944,ß1-
1945,collapspunt
1946,oa
1947,verzwakt
1948,ingestelde
1949,door copd
1950,uitgesprokener
1951,event
1952,aldosterone-antagonist
1953,kaakhoek
1954,luchtbel
1955,nadien
1956,luchtwegen
1957,zoutrestrictie
1958,geven
1959,zeldzaam
1960,health literacy
1961,poliklinieken
1962,extern referentiepunt
1963,verblijf
1964,verantwoordelijk
1965,hulpverleners
1966,stijgen
1967,catiemethoden
1968,onder
1969,afbouwen
1970,geëxcludeerd
1971,copernicus-studies
1972,af van de leeftijd
1973,hoeksteen
1974,geïsoleerd
1975,subgroep
1976,astmapatiënten
1977,systemen
1978,mechanisme
1979,overmaat
1980,gecontinueerd
1981,risicofactor
1982,omvangrijker
1983,armhoogte
1984,lichaamslengte
1985,spreekuur
1986,preëxistente
1987,functioneel
1988,angiotensine
1989,eenderde
1990,uit
1991,opvoeren
1992,gezondheidskosten
1993,collaps
1994,linkerventrikeldysfunctie
1995,aldosteronantagonisten
1996,controlemogelijkheden
1997,gevolge
1998,cardioloog
1999,verplegen
2000,progressief hartfalen
2001,prikkelhoest
2002,geprobeerd
2003,opnamen
2004,analyses
2005,zuurstofopnamekinetiek
2006,afremmen
2007,aanbeveling
2008,min
2009,acs
2010,vaatverwijdende
2011,insufficiëntie
2012,wachtlijst voor harttransplantatie
2013,partners
2014,inotropieafhankelijk
2015,actieve
2016,gehanteerd
2017,subklinische
2018,externe
2019,relatie
2020,langer
2021,destilleren
2022,uitslag
2023,acidose
2024,linkerkamerdisfunctie
2025,opties
2026,over de diagnose hartfalen
2027,afnemen
2028,toe te nemen
2029,enkelvoudige
2030,beschrijven
2031,multidisciplinair
2032,middel
2033,perioperatieve
2034,uiting
2035,inneemt
2036,myocardinfarct
2037,toekomst
2038,overmatig
2039,borstkanker
2040,beroerde
2041,pijlers
2042,onvoldoende
2043,behandelopties
2044,carotispols
2045,omzettingssnelheid
2046,nct
2047,captopril
2048,wanddikte
2049,tenietgedaan
2050,luchtwegobstructie
2051,inhalatie
2052,capecitabinedosis
2053,grote trials
2054,rhonchi
2055,bloedonderzoek
2056,geobjectiveerd
2057,uitval
2058,flexibele
2059,voordelen
2060,inotropica
2061,opstellers
2062,prognose
2063,rd
2064,voor te schrijven
2065,voegden
2066,klepgebreken
2067,zoveelste
2068,elders
2069,cimetidine
2070,geneesmiddeleffecten
2071,lis-
2072,alcoholgeïnduceerde
2073,oncologische
2074,beroertes
2075,diabetes
2076,aan te tonen
2077,onderzoekers
2078,bleef
2079,rattencardiomyocyten
2080,omwille
2081,nurse
2082,verpleegkundige
2083,subendocardiale
2084,transplantatie
2085,obsoleet
2086,autorijden
2087,pro-breinnatriuretisch
2088,uitgangsgewicht
2089,necrose
2090,necrotische cellen
2091,invulden
2092,gevorderd
2093,contra-indicaties
2094,bewaarde
2095,passen
2096,slaapstoornissen
2097,doxazosine
2098,capecitabine
2099,kwartier
2100,natri-uretische
2101,carvedilol
2102,klasse ii
2103,bepalen
2104,breinnatriuretisch
2105,doel
2106,natriumuitscheiding
2107,na intraveneuze
2108,invloed
2109,aangezogen
2110,men
2111,anxiolytica
2112,gevoelsstoornissen
2113,nmol
2114,gecollabeerde
2115,aspirine
2116,hand
2117,endotheline
2118,rechter atrium
2119,hart-
2120,inspanningstolerantie
2121,groenewegen
2122,sub
2123,afgewend
2124,puntjes
2125,eplerenon
2126,waterdunne
2127,hyper-
2128,boogvormige
2129,uit te stellen
2130,richtlijnen
2131,pleiotrope
2132,uitlokken
2133,revascularisatie
2134,re-entry-mechanismen
2135,contractieverloop
2136,myocardischemie
2137,verrichten
2138,lijden.14
2139,perken
2140,fysiotherapeut
2141,zoutarm
2142,in-
2143,rechtvaardigen
2144,verslechteren
2145,uitgesloten
2146,coumarines
2147,polsgolf
2148,beschermend
2149,weloverwogen
2150,ontwikkelingskosten
2151,leefstijlinterventies
2152,ernstige hyponatriëmie
2153,wand
2154,progressieve
2155,opgetreden
2156,follow-up
2157,etiologisch
2158,isa
2159,voorgesteld
2160,bovenbuikklachten
2161,aansluit
2162,eenmalige
2163,qs-complexen
2164,bmi
2165,streefdosissen
2166,ingevoerd
2167,kwartielen
2168,consultatie
2169,nauwe
2170,bespaard
2171,terugkoppeling
2172,valrisico
2173,overnemen
2174,benader
2175,longfunctieonderzoek
2176,gezonde mensen
2177,wijst
2178,linkerventrikelondersteuningspomp
2179,a-priorikans
2180,intoxicatie
2181,af te drukken
2182,constrictoire
2183,serumelektrolyten
2184,dpp-4
2185,ejection
2186,etiologie
2187,adjuvant
2188,treat'-benadering
2189,uitslag valt
2190,halveer
2191,hartfalen
2192,vermeden
2193,uitsluitingscriteria
2194,spironolacton
2195,stimulator
2196,doordat
2197,gemeld voor controle
2198,nageleefd
2199,aritmieën.8
2200,hoge
2201,stabiliseren
2202,overbrugging
2203,over
2204,kanttekeningen
2205,voortschrijden
2206,stelt
2207,flecaïnide
2208,daags
2209,referentiepunt
2210,linkerzijligging
2211,meetpunt
2212,antihypertensiva
2213,axial
2214,haldol
2215,gewichtscontrole
2216,gevorderde
2217,pacemaker
2218,optreedt
2219,zekerheid
2220,afspiegeling
2221,passend
2222,vochtrestrictie
2223,geleidingsstoornis
2224,matrixverval
2225,peil
2226,aangesloten
2227,relaxatieverloop
2228,niet-medicamenteuze
2229,amiloride
2230,serumdigoxineconcentratie
2231,einddoeltherapie
2232,diastolisch
2233,stoffen
2234,superieur
2235,episode
2236,soms
2237,neurohormoonbepalingen
2238,aritmie
2239,jicht
2240,preventie
2241,wijzen
2242,boog
2243,renine-angiotensine-aldosteron
2244,versterking
2245,meten
2246,bloeddrukverlaging
2247,micro-
2248,teruggeresorbeerd
2249,doeltreffend
2250,verdubbeld
2251,gecombineerde-zorggroep
2252,waardevol
2253,tweede lijn
2254,aanzetten
2255,nabije
2256,cumarines
2257,vetzuren
2258,onderdiagnostiek
2259,oedemateuze
2260,hf optredend
2261,tegen apoptose
2262,cumulatieve
2263,onder het rechter atrium
2264,mortaliteitsafname
2265,vestigen
2266,echografie
2267,klinische trial
2268,diarree
2269,opgestart
2270,rijst
2271,pleura-effusie
2272,beenmerg
2273,na te
2274,daling
2275,af te keuren
2276,gunstig voor subtype hartfalen
2277,geë-valueerd
2278,inotropicum
2279,over-
2280,waarneming
2281,spoedvisite
2282,waarden
2283,gestabiliseerde
2284,diagnostiek
2285,vullings-
2286,op de afdeling heelkunde
2287,serum
2288,nu
2289,2 + 5 cm h2o
2290,doelstelling
2291,afgebroken
2292,braken
2293,ritme
2294,cvz
2295,aortae
2296,graad 2
2297,ace)-remmer
2298,medicamenteuze
2299,tubulair
2300,enkels
2301,afhankelijk van de vaardigheden
2302,atherogenese
2303,interstitieel
2304,toeneemt
2305,wachtlijstkandidaten
2306,afhankelijk van de genetische achtergrond
2307,bronchoconstrictie
2308,preventief
2309,sadvies
2310,verkeerde
2311,behandelingsoptie
2312,rct's
2313,kleinschalige
2314,hyperosmolaire
2315,hypovolemie
2316,revalidatieprogramma
2317,gepresenteerd
2318,gewichtsreductie
2319,post-hoc
2320,serumcreatinine
2321,geassocieerd
2322,ziek
2323,geblindeerde
2324,cardiology
2325,draagt
2326,absorptie
2327,ouderen
2328,herhospitalisaties
2329,benzbromaron
2330,loop
2331,borstholte
2332,overige
2333,gewogen
2334,nood
2335,rechteratriumdruk
2336,vermijden
2337,stabilisatie van acuut
2338,gerandomiseerde studies
2339,bepaling van de oorzaak
2340,gerapporteerde
2341,tonen
2342,pulmonale
2343,figuur
2344,koude
2345,verdubbelingen
2346,studiegroepen
2347,overdiagnostiek
2348,respectievelijk
2349,retrospectief
2350,icd-shocks
2351,efferens
2352,linker kamer
2353,bekostiging
2354,framingham
2355,atriumgrootte
2356,cva's
2357,na-
2358,opstelling
2359,assent-4
2360,linkerventrikel-ejectiefractie
2361,hemodynamische
2362,aldosteron
2363,uitwijst
2364,rr
2365,basistherapie
2366,wachtlijst
2367,5 mmol
2368,alcohol
2369,ontsluiering
2370,onderhydratie
2371,gedemonstreerd
2372,voorkómen
2373,revalidatieprogramma's
2374,peripartum
2375,nsaid-gebruik
2376,geruisen
2377,r-2
2378,start
2379,vaatstenoses
2380,inbegrip
2381,combinatietherapie
2382,vervolgonderzoek
2383,tegenstanders
2384,geleider
2385,bypassoperatie
2386,map
2387,ernstige hypotensie optreden
2388,gewichtsverlies
2389,behandelingsmodaliteiten
2390,kortademigheid
2391,overmatig alcoholgebruik
2392,respondenten
2393,ß-blokkers
2394,aspecifieke
2395,opioïden
2396,en te looien
2397,gly389-variant
2398,omvang
2399,exogene
2400,vaat-vernauwende
2401,niet-farmacologische
2402,geneesmiddeleninteractie
2403,nemen
2404,afgesproken
2405,gemeten
2406,2x2-opzet
2407,toevoeging
2408,probe
2409,serumcreatininespiegel
2410,kamerfunctie
2411,belasting
2412,oestrogeenagonistische
2413,licht dyspnoïsch
2414,verergerd
2415,heart
2416,nagenoeg
2417,gepositioneerd
2418,tot uremie
2419,hartaanval
2420,longmaligniteit
2421,handvenen
2422,disfunctioneren
2423,malen
2424,stuwingsbeeld
2425,zesde
2426,zuurstofsaturatie
2427,toedieningsvorm
2428,vertraging
2429,klaring van 10
2430,peristaltiek
2431,afhankelijk van de eigenschappen
2432,prostaglandinesynthese
2433,voorschrijven
2434,decompensatio
2435,aanwakkert
2436,afgaat
2437,opgesteld
2438,getolereerde
2439,1a
2440,longarts
2441,decom-pensatio
2442,geformuleerd
2443,antitumoreffect
2444,harttonen
2445,richten
2446,nt-probnp
2447,nauwkeuriger
2448,voorhanden
2449,vragenlijsten
2450,spoedeisend
2451,hartrevalidatiearts
2452,v.
2453,bolustoediening
2454,beoordeeld
2455,gewichtsneutraal
2456,bijgeluiden
2457,onder de kaakhoek
2458,afstandsmeting
2459,zelfvernietiging
2460,zagen
2461,plasma-bnp-concentratie
2462,geboekte
2463,bnp-test
2464,criteriumvaliditeit
2465,harten
2466,conclusie
2467,a2
2468,beginfase
2469,verwerkings-
2470,hospitalisatie
2471,voorstadium
2472,tripeltherapie
2473,ethische
2474,startdosis
2475,buikafwijkingen
2476,colofon
2477,voorspellende
2478,metoprololgroep
2479,aan-
2480,gso
2481,multicentrumonderzoek
2482,linker ventrikel
2483,navenant
2484,verlagen
2485,aortaklepstenose
2486,beoordelend
2487,r-9 cm
2488,einddiastolische
2489,werkingsmechanismen
2490,aanvraaggedrag
2491,vena-cava-superiorisyndroom
2492,turgor
2493,hope-
2494,in te vullen
2495,indeling
2496,kniepees-
2497,drukbelasting
2498,bewerkstelligen
2499,geneesmiddel
2500,open hartchirurgie
2501,gunstige
2502,voor-achterwaartse thoraxdiameter
2503,onderzoekbank
2504,drukken
2505,biochemische
2506,rechterop
2507,msec
2508,optie
2509,klepafwijkingen
2510,kijf
2511,lekkage
2512,comorbiditeit
2513,prostaglandinen
2514,linkerventrikeldisfunctie
2515,pmol
2516,persoonlijk te woord
2517,hemodynamiek
2518,activiteit
2519,bespreking
2520,studieboeken
2521,antihypertensivum
2522,objectief
2523,aanvangsdosering
2524,www.nhg.org
2525,pols
2526,afwijkingen
2527,rechter
2528,vasopeptidase-remmer
2529,cox
2530,harttoon
2531,twijfelgeval
2532,uitkomsten
2533,becommentarieerd
2534,beargumenteren
2535,gediagnosticeerd
2536,ademfrequentie
2537,sociale
2538,klepafwijking
2539,vergetelheid
2540,beoogt
2541,systeemtherapie
2542,cordis
2543,uiteinden
2544,therapie
2545,voorbeschikken
2546,risicofactoren
2547,voorspoedig
2548,midden
2549,l.
2550,kwaliteit van leven
2551,assist
2552,ernstig hartfalen
2553,mitralisklepafwijking
2554,ongetransfecteerde
2555,ace-inhibitoren
2556,ace-remming
2557,plaatsgevonden
2558,vaten
2559,systole
2560,dusver
2561,ondergingen
2562,ernstige
2563,berekeningen
2564,vervolgfase
2565,dilaterende
2566,ene
2567,voorspellers
2568,toegelaten
2569,middelen
2570,echter
2571,doorzocht
2572,uitgedrukt
2573,algeheel
2574,bescherming
2575,getallen
2576,onafhankelijke
2577,buik
2578,leek
2579,langetermijneffect
2580,gesproken
2581,ritmestoornis
2582,hypertensie
2583,bruikbaar
2584,borst
2585,operatie
2586,spoedopvang
2587,pleuravocht
2588,terugstromen
2589,vertroebelen
2590,die bètablokkers
2591,pro-bnp
2592,doorgemaakt
2593,asynchronie
2594,verapamil
2595,lisdiuretica
2596,vertraagd
2597,kern
2598,45-jarige
2599,eenvoudig
2600,gezamenlijke
2601,amlodipine
2602,heffende
2603,pioglitazon
2604,carotis
2605,linkerventrikel
2606,sensibiliteit
2607,inziens
2608,nazorg
2609,ondersteuningspompen
2610,onderzoeksbevindingen
2611,kpa
2612,links
2613,angst
2614,inleiding
2615,uitingsvorm
2616,gepaste
2617,niet-afwijkend
2618,genomen
2619,acenocoumarol
2620,gecombineerd
2621,vierde
