0,financiële
1,voorbarig
2,basisbegeleiding
3,infusiesysteem
4,british medical journal
5,differentiaaldiagnose
6,druk-volumerelaties
7,buiten studies
8,over het algemeen
9,grijze zone
10,systolisch
11,collapsneiging
12,"6,0 mmol"
13,wand
14,ijzergebreksanemie
15,afkappunten
16,echocardiografische
17,heart outcomes
18,subgroep
19,zwaard
20,omgezet
21,werkdiagnose
22,uitsluitingscriteria
23,multifactoriële
24,"rr 0,88"
25,treedt
26,oedemateuze
27,ventriculectomie
28,hypokaliëmie
29,atherogenese
30,5 mmol
31,gfr
32,vitamine-e-suppletie
33,in te vullen
34,angiotensine-'converting'-enzym
35,qrs-duur
36,bij auscultatie
37,dikwijls
38,remmers
39,reduceren van mortaliteit
40,therapeutische breedte
41,t2dm
42,gedialyseerd
43,aan-
44,doorgemaakt
45,geen verschil
46,aliskiren
47,ß-blokker
48,renine-angiotensine-aldosteronsysteem
49,na 5 uur
50,aan te bevelen
51,eerstelijnsgezondheidszorg
52,grijze gebied
53,zuurstofopnamevermogen
54,vene
55,wachtlijstkandidaten
56,achtergrond
57,pioglitazon
58,hartpatiënten
59,hydrochloorthiazide
60,hartsouffle
61,astmapatiënten
62,zuurstofopnamekinetiek
63,waterretentie
64,linkerventrikeldysfunctie
65,onderscheiden
66,innemen
67,pomphuur
68,gepast
69,verdubbelingen
70,defibrillatie
71,medische zorg
72,verplegen
73,standaardlab
74,acenocoumarol
75,geïndiceerd
76,medicatie
77,ernstige hyponatriëmie
78,icd-implantatie
79,uiting van hartfalen
80,vrijzetting
81,directe angiotensine-ii-receptorblockers
82,obsoleet
83,captopril
84,diureticagebruikers
85,aritmieën.8
86,tenecteplase
87,bucindolol
88,vaccinatie
89,hemodynamisch
90,alzheimer
91,contractie
92,eiwit
93,leverstuwing
94,oogpunt
95,chemotherapie
96,bisoprolol
97,neprilysine
98,beschrijvend
99,ictus
100,schenkt
101,drukwisselingen
102,kortademigheid
103,nefroloog
104,zeldzamer
105,new york heart association
106,tussentijdse hypotensie
107,beta-blokkers
108,belasting
109,natriuretisch
110,genetische varianten
111,geïntroduceerd
112,omgekeerd
113,alogliptinebehandelde
114,angiotensineconverterend-enzym
115,ischemie
116,clinicus
117,bnp-waardes
118,losartangroep
119,aangesloten
120,diureticabeleid
121,geneesmidddelen
122,achtergronden
123,over de relatie
124,excavatio
125,hoeverre
126,klassen van hartfalen
127,druk
128,begrip polyfarmacie
129,cardiovasculaire
130,valsalva-manoeuvre
131,controlegroep
132,gangbare
133,antioxidantia
134,doorverwezen
135,renine-angiotensine-aldosteron-systeem
136,cardiac index
137,rugligging
138,hulp
139,lactaatconcentratie
140,5fu-expositie
141,oestrogeenagonistische
142,daling
143,hypervolemische hyponatriëmie
144,zuurbranden
145,remming van bcl2
146,meetpunt
147,aortadruk
148,pacing'-pacemaker
149,ii-receptorblokkers
150,vergelijkend onderzoek
151,kort na harttransplantatie
152,hemodialyse
153,multi-organ failure
154,peristaltiek
155,ondergrond
156,ontstekingsremmende
157,kanmoet
158,wisselende
159,gepaste
160,cytostatica
161,fdh
162,aortaklepstenose
163,geneesmiddel
164,streefdoseringen
165,amiodaron
166,armhoogte
167,kaakhoek
168,vochtsuppletie
169,bronchospasme
170,plaatjesaggregatie
171,kunstharten
172,optitreren
173,natriuretisch peptide
174,handvenen
175,diafragma
176,opstellers
177,borst-
178,lichamelijk onderzoek
179,defibrillatortherapie
180,revalidatieprogramma
181,mmol
182,sinoatriaal
183,gehoord
184,onderliggende
185,morfine
186,fret
187,weefselhypoperfusie
188,longen
189,tegen apoptose
190,staakten
191,piekinnames
192,afkapwaarde
193,wegens
194,antidiuretisch hormoon
195,cva
196,natrium
197,boog
198,tong
199,v.
200,ontspannen
201,cumarines
202,capecitabinedosis
203,ß-receptor
204,ß1-adrenerge
205,elite-onderzoek
206,arg389-variantcellen
207,einddoeltherapiepatiënten
208,gewichtverlies
209,pompen
210,observeren
211,snelheid van progressie
212,klinische onderzoeken
213,gynaecomastie
214,perindoprilgebruik
215,carvedilol
216,würzburg
217,cardiale-resynchronisatietherapie
218,klepgebreken
219,post-hoc
220,spierkrachttraining
221,subendocardiale
222,1232 µmol
223,weefsels
224,ß2-receptoren
225,harttransplantatie
226,ijzersuppletie
227,tachycard
228,ingenomen
229,acetylsalicylaat
230,mantelzorgers
231,galwegen
232,nsaid's
233,startdosering
234,ijzerstatus
235,niet-acuut
236,95-bi
237,geë-valueerd
238,cvz
239,slijmvliezen
240,fysiotherapeut
241,diuretische
242,geprotocolleerde
243,geneesmiddelvoorschriften
244,cva.2
245,coronaire
246,door polyfarmacie
247,oncologische
248,systolische
249,steekproeven
250,lisdiureticum
251,kern
252,stuwing
253,verboden
254,vermindering van de hartfrequentie
255,carcinoom
256,subschalen
257,ontvingen
258,transmurale
259,daalde
260,diureticagebruik
261,vochthuishouding
262,toename
263,overgewicht
264,respondenten
265,belaste
266,ventrikelfibrillatie
267,pretransplantatiekandidaten
268,aan de hand
269,ernstig
270,euvolemische
271,strijklicht
272,hf
273,plaatjesremmers
274,retrospectief
275,acute cholecystitis
276,optreedt
277,pleuravocht
278,progressief
279,algemeen
280,cardiologische
281,etiologisch
282,atriumpeptiden
283,cava superior
284,revascularisatie-ingreep
285,troglitazon
286,ritme
287,thalidomide
288,irregulair
289,thorax
290,nt-probnp-plasmaspiegels
291,vochtinname
292,na-
293,natrium-
294,betrof
295,darmpakket
296,uitsluiting
297,kwaad
298,bronchoconstrictie
299,medicatiebeleid
300,in europa
301,natuurlijke antagonisten
302,gecontra-indiceerd
303,"8,6 mmol"
304,groepen
305,map
306,vragenlijst
307,klinische beoordeling
308,remming van de ziekteprogressie
309,zeurende
310,klepafwijking
311,euthanasie
312,wijzigingen
313,fev
314,vesnarinon
315,biochemische
316,ace)-remmers
317,afgesproken
318,voeten
319,werkgroep
320,stand van zaken
321,overbruggingsprocedures
322,proatherosclerotische
323,gewichtscontrole
324,overname
325,telefo
326,sporen
327,aan de orde
328,cardiale resynchronisatietherapie
329,pro-breinnatriuretisch
330,dihydropyridines
331,remming
332,angiotensine-converterend-enzym
333,exacerberend
334,standaarddosis
335,inotropicum
336,hulpverleners-ambulanciers
337,figuur
338,demping
339,spoedeisende
340,discriminerend
341,plaatjesaggregatieremmer
342,symptoomverbetering
343,uitslag
344,orthostatische
345,statinehype
346,buikafwijkingen
347,re-
348,ß-
349,longvaatbed
350,voorspellers van hartfalen
351,isa
352,methode
353,contractiliteit
354,doelstelling
355,laparoscopie
356,hartfalenpatiënt
357,waterdunne diarree
358,hartfalenonderzoek
359,borst
360,cordis
361,voordeel
362,klepoperaties
363,diureticaresistentie
364,angiotensine
365,obstructieve
366,publicatiebias
367,klepafwijkingen
368,bespraken
369,activering
370,in de tijd
371,dagdosis
372,praktijkondersteuner
373,dose hypotension
374,meerderheid
375,mitralisklepinsufficiëntie
376,start van de behandeling
377,afgenomen filtratiesnelheid
378,klinische zorg
379,afkapwaardes
380,getransfecteerd
381,onder controle
382,medioclaviculaire lijn
383,voortschrijden
384,op grote hoogte
385,borsten
386,over de diagnose hartfalen
387,voorschrift
388,peil
389,comorbiditeit
390,inotropica
391,decompensatie
392,hoogteverschil
393,heart association
394,bleken
395,metoprololsuccinaat
396,heropname
397,digitalisintoxicatie
398,slagen
399,streefdosis
400,geneeskundige vooruitgang
401,euvolemie
402,uitlokkende
403,overvulling
404,thoraxfoto
405,abdomen
406,contractiele
407,natriuretische
408,batista
409,serumcreatininespiegel
410,voorlichting
411,enalapril
412,verzamelden
413,statines
414,onderzoeksgroep
415,diurese
416,al
417,hyperlipidemie
418,gewogen
419,inneemt
420,spironolactongroep
421,matig kali
422,dieet
423,bovenbuikklachten
424,criteriumvaliditeit
425,onderkenning
426,opgezette
427,duitsland
428,ace-inhibitor
429,linkerventrikeldisfunctie
430,auc
431,ernstige schade veroorzaken
432,orthopneu
433,onderdrukken
434,bijwerkingen
435,klassen ii
436,dehydratie
437,groenewegen
438,persoonlijk te woord
439,ziekenhuizen
440,nierfunctiestoornis
441,over de v. jugularis externa
442,informeer
443,bnp-test
444,vergrijzing
445,contractieverloop
446,nitraten
447,overbelasting
448,"p < 0,05"
449,hartfalenzorgprogramma's
450,vaatverwijders
451,aldosteronantagonist
452,blok
453,uitgangswaarde
454,ontladingen
455,standaardtherapie
456,preventie
457,probnp
458,klassieke hartfalensymptomen
459,hba1c
460,losartan
461,diabetes
462,thuissituatie
463,stappen
464,wandspanning
465,ventriculaire
466,voorgeschreven
467,hoesten
468,ehs-hf
469,ontbraken
470,opiaten
471,drukpijn
472,polsslag
473,immuunhistochemisch
474,verwerkings-
475,per os
476,fibrinolytische
477,pomp
478,vaatwand
479,teruggeresorbeerd
480,perken
481,stemi
482,als
483,linkerventrikelfunctie
484,boezemfibrilleren
485,moeheid
486,genetische achtergrond
487,voetzoolreflexen
488,tachycardieën
489,acetylsalicylzuur
490,5fu
491,klasse-effecten
492,zuurstofsaturatiemeting
493,ogen
494,vernauwen
495,heart attack
496,waterpas
497,correctiemechanisme
498,bolustoediening
499,combinatietherapie
500,bypassoperatie
501,ppv
502,atrioventriculair
503,lung
504,inriep
505,geabsorbeerd
506,voor het diagnosticeren van hartfalen
507,proef
508,geneeskunde
509,vena-cava-superiorisyndroom
510,basisreanimatie
511,studiegroepen
512,dachten
513,defibrillator
514,risicofactoren
515,zuurstofverbruik
516,1x 150
517,sterven
518,chf
519,geïmplementeerd
520,systeemtherapie
521,pulmonale
522,hartrevalidatiearts
523,radionuclidemetingen
524,hoofd
525,negentien
526,aldosteronproductie
527,voor het hartfalen
528,hamstrings
529,tachyaritmieën
530,conclusie
531,overlevingskans
532,omapatrilaat
533,dm2
534,gevalsonderzoek
535,verbreed
536,ingesteld
537,heropnamecijfers
538,www.trialregister.nl
539,pathofysiologie
540,kalium
541,bradykinine
542,medische voorgeschiedenis
543,klasse-iv-patiënt
544,nt-pro
545,b-type-natriuretische
546,hypovolemie
547,hartinfarct
548,links-en
549,rust
550,venetakken
551,gedocumenteerd
552,daalden
553,depressie
554,aritmieën
555,crt-d
556,aangrijpingspunten
557,fluorouracil
558,acetylsalicylzuurgebruik
559,hulpmiddelen
560,zelfdoding
561,achteruit
562,geboekte
563,luxeren
564,defecatie
565,perioperatief
566,cardiac
567,inspanning
568,hepatomegalie
569,bèta-adrenoceptorblokker
570,armen
571,ziekbed
572,mitralisklep
573,over-
574,dubbelwerkend
575,onbetrouwbare
576,icd-shocks
577,vonden
578,chemo-
579,afkapwaarden
580,inclusie-
581,beloop
582,revalidatie
583,m2
584,arteriole
585,diuretica
586,winterslaap
587,doxazosine
588,cardiomegalie
589,contra-indicaties
590,r-9
591,qrs-complex
592,hulpverleners
593,ssri's
594,ontregeling
595,atriumgrootte
596,adrenomedulline
597,licht
598,overmaat
599,ademgeruis
600,diagnostiek
601,gevorderd
602,aanzetten
603,anti-inflammatoire
604,verstrengeling
605,hoogtechnologische
606,percutane
607,ß1-receptor
608,buikpijn
609,1x
610,oedemen
611,grade 1
612,triamtereen
613,het kalium
614,voorgeschreven medicatie
615,gedeblokkeerd
616,losartangebruikers
617,statine
618,vermogen
619,hyponatriëmie
620,digoxine
621,medische dossiers
622,endo-
623,vocht
624,trandolapril
625,bijgesteld
626,coenzym
627,b-type
628,aan de bel
629,1dd 5 mg 2dd
630,dt
631,natriumbeperking
632,cardiaca
633,bewaking van de therapietrouw
634,echotechniek
635,echografie
636,revalidatieprogramma's
637,na 2
638,van het nederlands
639,publicatie
640,speuren
641,bewegingspatroon
642,uitspraken
643,allhat-onderzoek
644,woburn
645,evaluatie
646,ferritinewaarde
647,ß-blokkers
648,stopgezet
649,rechtszijdig
650,angiotensineconverterendenzymremmers
651,ernstige
652,diastolisch
653,hospitalisatie
654,2b
655,pillen
656,plasma-bnp-concentratie
657,bloeddrukdaling
658,nebivolol
659,omstreeks
660,atriumfibrilleren
661,klinische evolutie
662,horizontaal vlak
663,efferens
664,heropnamen
665,polyfarmacie
666,pijlers
667,niet-ischemische
668,opgespoord
669,furosemide
670,aanwakkert
671,serumkaliumgehalte
672,palliatieve
673,risicogroepen
674,r-2
675,dihydropyrimidinedehydrogenase
676,serumdigoxineconcentratie
677,ademfrequentie
678,rehospitalisatie
679,bewerkstelligen
680,fluorescent resonance
681,hypercholesterolemie
682,handelen
683,o.a. activatie
684,heelkunde
685,draagbare
686,harten
687,brieven
688,tripeltherapie
689,polsgolf
690,geïsoleerd
691,ontbreken van veneuze pulsaties
692,carvedilolgroep
693,copernicus-studies
694,oog
695,remt
696,fysisch-diagnostisch onderzoek
697,vervolg
698,voor te schrijven
699,1 - 5 mg
700,uitkomstmaat
701,instructies
702,uitkomstmaten
703,linkerzijligging
704,ontslag
705,hospice
706,startdosis
707,vergrote lever
708,harfalen
709,partners
710,prognose
711,ernstige hypotensie optreden
712,anti-inflammatory
713,ingezet
714,werpen
715,klinisch onderzoek
716,bradycardie
717,pci-groep
718,hartmassae
719,eerstehulpafdeling
720,in-vitro-opstelling
721,cardioverter-defibrillator
722,uitwijst
723,heffende
724,niet-cardiale
725,dilatatie
726,sinus
727,ecg
728,elektrocardiografie
729,acuut
730,dubbelblind
731,combinatie
732,cardiologische polikliniek
733,zachte tonen
734,spierweefsel
735,bètareceptorblokkade
736,myocard
737,bax
738,toxiciteit
739,gesimuleerde
740,bindingsduur
741,aldosterone
742,overstap
743,balans
744,ventrikelrespons
745,behandeloptie
746,mdr
747,toediening van furosemide
748,copd
749,coronairvaten
750,controlegroepen
751,onderzocht
752,toenemen
753,op hypovolemie
754,verrichtte echografie
755,withering
756,cytotoxisch
757,hartinfact
758,zoutvervangers
759,donorhart
760,asat
761,tachypnoïsche
762,aanpassingsproces
763,atriumfibrillatie
764,o.a.
765,heropgenomen
766,rhonchi
767,hb
768,lever polymorfismen
769,hart-
770,ontbrekende schakel
771,gesteld
772,lvef-daling
773,dyspnoe
774,resuscitation council
775,ondersteuningspompen
776,lactaatacidose
777,medicamenteus
778,van het hart
779,horizontaal gehouden
780,catiemethoden
781,geleidingsstoornis
782,spironolacton
783,nhg-standaard
784,resultaten
785,mortaliteitsafname
786,kaliumsparende
787,nt-anp-resultaten
788,vagotoon
789,hersenbloeding
790,eetlustverlies
791,geneesmiddelonderzoeken
792,roche-therapeutics
793,assent-4
794,angiotensine-ii-receptorblockers
795,ischemische cardiomyopathie
796,aanvangsdosering
797,polymorfisme
798,neurohormoonbepalingen
799,streefwaarde
800,85-plussers
801,torasemide
802,wisselend
803,bronchitis
804,postglomerulaire
805,klinische toestand
806,anamnese
807,doel
808,gamma-gt
809,gevolg van behandeling
810,reperfusie
811,dosering
812,eplerenon
813,streefdosering
814,syncope
815,door een zeer zeldzame
816,slaapapneu
817,gevoelsstoornissen
818,insufficiëntie
819,benzbromaron
820,rapporteren
821,klacht
822,ms
823,rechterventrikel
824,systolisch hartfalen
825,opgerakeld
826,zuurstofsoorten
827,gemetaboliseerd
828,linkerventrikel
829,"6,2 mmol"
830,omkeerbaarheid
831,intoxicaties
832,zaak
833,"8,1 µg"
834,werkzame
835,geïdentificeerd
836,hartaanval
837,sadvies
838,passen
839,endotheelfunctie
840,na acute
841,vragenlijsten
842,ramipril
843,optrad
844,regelmatige
845,benen
846,thiazides
847,regelmatig
848,verdubbeld
849,rechts
850,geïnstrueerd
851,aldosteronreceptorblokker
852,natriumretentie
853,niet-selectieve cox
854,probe
855,ontslagen
856,rijp
857,en
858,ritmestoornissen
859,achterstandswijk
860,aldosteronantagonisten
861,regels
862,linker-
863,abstinentie
864,bnp-resultaten
865,gewichtstoename
866,1dd 25 mg
867,tweede-
868,sublinguale
869,kaderhuisarts
870,spiercelverlies
871,richtlijnen
872,glucosurie
873,circumflexus
874,nauwgezetheid
875,ingeval
876,in de praktijk
877,klinische trial
878,re-entry-mechanismen
879,asthma
880,angio-oedeem
881,bepaling
882,natriumarme
883,gestaakt
884,intensive-careafdeling
885,1a
886,acs
887,zelfbedrog
888,uitgesteld
889,grade 2
890,coronarialijden
891,beduidend
892,hyperuricemie
893,carotis
894,beluisterde
895,thiazolidinedionderivaten
896,hopetoo-onderzoek
897,glp-1-analogen
898,valsartan
899,lichaamsgewicht
900,klink
901,schatting
902,dezen
903,alvast
904,hand-voetsyndroom
905,angiotensine-'converting'-enzymremmers
906,bijwerking
907,trouw
908,berekende
909,drijf
910,vermindering van dyspneu
911,captoprilgebruikers
912,ace-remming
913,basisartsen
914,mitralisklepafwijking
915,interventiegroep
916,aanvullend
917,cardiac ejection
918,steunhart
919,rule-in
920,endomyocardfibrose
921,bewegingsprogramma
922,toediening
923,perfusie
924,opgezet
925,beoordeling van pulmonale
926,cor-thoraxratio
927,inhalatie
928,echocardiografisch
929,overige
930,maculopathie
931,ascitesvocht
932,ontsluiering
933,hartfunctie
934,kunstklep
935,roept
936,wikkelhart
937,geïncludeerd
938,einddiastolische
939,de angulus sterni
940,uitgezette
941,onderzoeksvraag
942,afdrukt
943,beslisregels
944,framingham
945,vergetelheid
946,mswt
947,a.
948,aanmoeten
949,statusonderzoek
950,controle-echocardiografie
951,voorschrijfgedrag
952,luchthoudendheid
953,beslag
954,ontstekingsremmers
955,kon
956,nesiritide
957,spontaan
958,antitumoreffect
959,kussentje
960,cvd
961,afhankelijk van de vaardigheden
962,chronisch hartfalen
963,hartfalenprogramma's
964,dementie
965,bovenbuik
966,waterhuishouding
967,sd
968,tachypneu
969,nierarteriestenose
970,terugkoppeling
971,geleidelijk ontstaan
972,jicht
973,vochtretentie
974,geneesmiddeleninteractie
975,axial flow
976,bewaking
977,pneumonie
978,aanwijzingen
979,vullingsdruk
980,weten
981,linkerventrikelejectiefractie
982,drukbelasting
983,afstemmen
984,single group
985,klasse 2
986,vullingsdrukken
987,sub
988,hartfalers
989,dermate
990,geprikt
991,pg
992,zoutbeperking
993,zorgkosten
994,beginfase
995,3dd
996,uitgangsgewicht
997,aan te tonen
998,aanwijzing
999,allel
1000,arb's
1001,hieromtrent
1002,vaatwandeigenschappen
1003,rechter v.
1004,systole
1005,enkel onderzoek
1006,toepasbaarheid
1007,buikpijnklachten
1008,gerandomiseerd
1009,slagvolume
1010,nierschade
1011,zoutrestrictie
1012,dikke
1013,wachtlijst
1014,peripartum
1015,contractie-relaxatiepatronen
1016,craniaal
1017,leeggestreken
1018,verbaast
1019,vertroebelen
1020,opnamen
1021,linkerbundeltakblok
1022,spoedeisendehulpafdeling
1023,metformine
1024,dubbelblinde
1025,serumcreatinine
1026,leverfalen
1027,bemoeilijkt
1028,drijven
1029,handen
1030,tempo
1031,ooghoogte
1032,opname
1033,proeflaparotomie
1034,onregelmatig
1035,enkels
1036,diureticadosis
1037,(elite)-onderzoek
1038,ontrafeling
1039,hemodynamische stabilisering
1040,tekortschiet
1041,crepitaties
1042,digoxinegebruik
1043,indruk
1044,gerechtvaardigd
1045,voorhanden
1046,cardiac output
1047,anticoagulantia
1048,bespaard
1049,medisch-technische
1050,veroudering
1051,serumkaliumconcentratie
1052,hart
1053,behandelgroepen
1054,mi
1055,vervolgtraject
1056,stimulering
1057,genetische polymorfisme
1058,winst
1059,cimetidine
1060,maakt
1061,vented electric system
1062,achteruitgang
1063,arbeidsvermogen
1064,uit te sluiten
1065,thuisinfusie
1066,bumetanide
1067,medische
1068,wijden
1069,achilleshiel
1070,hfbef
1071,bmi
1072,sinusritme
1073,diarree-episoden
1074,proefschrift
1075,intercurrente
1076,oedeem
1077,evalueren
1078,lever-
1079,vervolgonderzoek
1080,ace-remmertherapie
1081,rustsituatie
1082,verwijzing
1083,digitalispreparaten
1084,vertraging
1085,groep
1086,glitazones
1087,interventiegroepen
1088,ernstige cardiotoxiciteit
1089,voor-achterwaartse thoraxdiameter
1090,metoprololonderzoek
1091,defibrilleren
1092,aldosteronreceptoren
1093,hyper-
1094,hyperthyreoïdie
1095,grote trials
1096,serumcreatinineconcentratie
1097,door te breken
1098,cerebrovasculaire
1099,dieettherapietrouw
1100,groeifactoren
1101,onder de roc-curve
1102,cvd's
1103,uitingsvorm
1104,navenant
1105,klinisch nut
1106,coronairlijden
1107,lvef
1108,geëxtrapoleerd
1109,diltiazem
1110,gedragen
1111,spier
1112,wanddikte
1113,pols
1114,natriumsuppletie
1115,drukmeting
1116,inspanningstolerantie
1117,thiazidediuretica
1118,onderhoudsdosis
1119,zeer kaliumrijk
1120,wachtlijst-
1121,angina pectoris
1122,nct
1123,haldol
1124,op het midden
1125,hartslag
1126,oa
1127,chloortalidon
1128,antiarrhythmica
1129,boogmethode
1130,lv
1131,onduidelijkheid
1132,gly389-variant
1133,telemonitoring
1134,vullingsdynamiek
1135,recidiefmyocardinfarct
1136,overmatig alcoholgebruik
1137,gedecompenseerd
1138,griepvaccinatie
1139,verdraagbaarheid
1140,cohortonderzoek
1141,inname
1142,pretransplantatiepatiënten
1143,literatuur
1144,overbrugging van de tijd
1145,coronairaandoeningen
1146,bewezen
1147,afgaat
1148,onderzoeksvragen
1149,collapspunt
1150,diarree
1151,captoprilgebruik
1152,klasse ii-iv
1153,atherosclerotische
1154,ijzergebrek
1155,cardiology
1156,beoordeling
1157,lisinopriltoediening
1158,mesangium
1159,lv-ejectiefractie
1160,rd
1161,hartactie
1162,beroerde
1163,vochtbeleid
1164,doorzocht
1165,aortae
1166,geruisen
1167,crp
1168,insufficiënt
1169,algeheel
1170,dobutaminetherapie
1171,aii-antagonisten
1172,aanvroegen
1173,epd's
1174,nt-probnp
1175,aangrijpingspunt
1176,linkerventrikeldruk
1177,afgenomen
1178,etnische achtergrond
1179,ace-remmergebruikers
1180,osteosarcomen
1181,tegenaanwijzingen
1182,cabg
1183,inotrope
1184,zweden
1185,icpc-code
1186,behandelwijzen
1187,belandde
1188,cardiale
1189,getallen
1190,gepoogd
1191,myocyten
1192,leefstijladvies
1193,bloeddruk
1194,uitvallers
1195,studiegroep
1196,cavum douglasi
1197,luchtweg-
1198,decom-pensatio
1199,angiotensine-converterend-enzymremmers
1200,vullings-
1201,paracorporeel
1202,afbouwen van medicatie
1203,ascites
1204,geleidingsstoornissen
1205,remmende
1206,halsvenen
1207,kwart
1208,klinische
1209,gedragsmatige
1210,digoxin
1211,staken
1212,andersom
1213,vetzuren
1214,mechanisme van apoptose
1215,leerpunten
1216,doorbraken
1217,inventariseren
1218,tachy-
1219,verkeerde behandeling
1220,type'-myocyten
1221,kijf
1222,rechter hand lag
1223,farmacogenetica
1224,paroxismale
1225,uitlokken
1226,gecorreleerd
1227,lichaamsbeweging
1228,diuretica intraveneus
1229,venen
1230,volumina
1231,op het hart
1232,intoxicatie
1233,horizontaal ligt
1234,angiotensin
1235,navraag klaagde
1236,dd
1237,diastolisch hartfalen
1238,oversterfte
1239,myocardischemie
1240,stoornissen
1241,sexual adjustment
1242,hypertensie
1243,overigen
1244,op
1245,braken
1246,geleidingsvertraging
1247,centraalveneuze
1248,stadia van hartfalen
1249,overdiagnostiek
1250,wankel
1251,echocardiogram
1252,training
1253,digitalis
1254,nsaid-gebruik
1255,renine
1256,afname
1257,iliopsoas
1258,zuurstof
1259,x-dal
1260,aldosteronspiegel
1261,europa
1262,diegenen
1263,gepaard
1264,klasse-i-antiaritmica
1265,sociaaleconomische
1266,nierfalen
1267,afbraak
1268,over de tijd
1269,lichte
1270,basisvoorlichting
1271,op theoretische gronden
1272,inactieve
1273,oraal
1274,myocardinfarct
1275,respiratoire
1276,spieren
1277,geïnvalideerd
1278,beenmerg
1279,pleura-effusie
1280,aangezogen
1281,nefronen
1282,werkingsmechanismen
1283,inspanningsvermogen
1284,gepositioneerd
1285,one-stop shop
1286,msec
1287,de turgor
1288,fluoropyrimidine
1289,meting
1290,ischemisch
1291,luchtwegen
1292,tijdschrift
1293,bindingsplaatsen
1294,overlevingsduur
1295,astma
1296,hypomagnesiëmie
1297,longstuwing
1298,zwangerschap
1299,linkerventrikelondersteuningspomp
1300,nmol
1301,patroon
1302,bloedonderzoek
1303,waterzucht
1304,diureticadoseringen
1305,βètablokkers
1306,studieboeken
1307,copd-exacerbatie
1308,galblaas
1309,nt-probnp-waarde
1310,raad
1311,ouderen
1312,voedingstoestand
1313,d'effort
1314,dit off-labelgebruik
1315,de eliminatie
1316,ß1-adrenerge receptor
1317,diuretisch
1318,bijgeluiden
1319,gestoorde
1320,celdood
1321,linkerventrikelvolume
1322,nefrologische
1323,deden
1324,arni's
1325,klasse i-ii
1326,markt
1327,piekconcentratie
1328,telden
1329,overlevingskansen
1330,orthostatische hypotensie
1331,vochtverlies
1332,zorgcentra
1333,seksuele
1334,aii-antagonist
1335,gevorderde
1336,standaard ' hartfalen '
1337,vermoeidheid
1338,kansrijk
1339,superieur
1340,orale toediening
1341,volgranenontbijt
1342,autorijden
1343,aanvraaggedrag
1344,tests
1345,serum
1346,vervolgbehandeling
1347,polsdruk
1348,ion-kanalen
1349,omzetting
1350,gemeenschappelijk pathologisch
1351,slaapstoornissen
1352,kpa
1353,afgebouwd
1354,bewijs
1355,contacten
1356,immunomodulerend
1357,sick
1358,bewijzen
1359,merendeel
1360,natriumarm
1361,behandeling van hartfalen
1362,einddoeltherapie
1363,klasse-effect
1364,relatieve-risicoreductie
1365,over de longen
1366,therapie van hartfalen
1367,ascend-onderzoek
1368,rijst
1369,medicus
1370,hope-
1371,"26,5 µmoll"
1372,blood institute
1373,deoxyuridine
1374,linh
1375,ruis
1376,afstandsmeting
1377,op de 6 patiënten
1378,hartfalenpatiënten
1379,spoedeisend
1380,ischemische hartziekten
1381,zelfdosering
1382,av-blok
1383,iv
1384,1 à 2
1385,niet-farmacologische
1386,prostaglandinen
1387,perifere
1388,opioïden
1389,beschrijvend onderzoek
1390,rechter atrium
1391,rookstop
1392,l.
1393,subgroepanalyses
1394,epidemiologie
1395,verpleeghuis
1396,hemodynamische
1397,geneesmiddelen
1398,exclusiecriteria
1399,medicijnen
1400,1dd
1401,aspirine
1402,serumelektrolyten
1403,teruggeperst
1404,linkerventrikel-ejectiefractie
1405,pars
1406,cyp2c9
1407,klasse oraal
1408,beroertes
1409,doorbloeding
1410,links
1411,perfunderen
1412,pen
1413,behoed
1414,afdrukken
1415,spoedeisende hulp
1416,horizontale vlak
1417,progressieve
1418,therapieprotocol
1419,heart failure
1420,spoedig
1421,ontslagdiagnose
1422,niet-cardiaal
1423,gissi-he
1424,bètablokkers
1425,59 versus 49
1426,alcohol
1427,bruikbaar
1428,spreiding
1429,eindsystolische
1430,congres
1431,deficiëntie
1432,perifeer
1433,"p < 0,01"
1434,antihypertensiva
1435,flecaïnide
1436,anp
1437,hf-pef
1438,sodium'-glucose-cotransporter-2-remmer
1439,progressie van hartfalen
1440,waakzaamheid
1441,vervolgen
1442,borstholte
1443,map-daling
1444,spier-
1445,verslechtering
1446,hartfalen
1447,palliatie
1448,hartschade
1449,meervoudig
1450,besluiten
1451,48-uursschema's
1452,hyperkaliëmie
1453,arg389-variant
1454,antidiabetische
1455,geklaard
1456,derde
1457,stuwingsbeeld
1458,cardiologie
1459,standaarddoses
1460,eindstadiumhartfalen
1461,kwikmanometer
1462,metastasen
1463,medisch
1464,roken
1465,sensibiliteit
1466,revascularisatie
1467,meten
1468,parasympatische
1469,doorbreken
1470,de tricuspidalisklep
1471,in angiotensine-ii
1472,bevolkingsonderzoek
1473,cardioloog
1474,lichte lichamelijke
1475,voorwaarts
1476,lis-
1477,praktijk
1478,intercurrent
1479,natriumconcentratie
1480,keken
1481,stap
1482,klasse ii
1483,onbloedige
1484,berekeningen
1485,deelverantwoordelijkheden
1486,klinische praktijk
1487,ml
1488,geneesmiddelkosten
1489,speckle-echo
1490,reizen
1491,psychofarmaca
1492,ace-inhibitoren
1493,c-statistic
1494,follow-up
1495,overgang
1496,controles
1497,respectievelijk
1498,poliklinieken
1499,stijging van de intra-abdominale
1500,a-priorikans
1501,follow-upduur
1502,behandelaar
1503,necrotische
1504,amlodipine
1505,(ace)-remmers
1506,stappenplan
1507,eindstadium
1508,contact
1509,tweede lijn
1510,kniepees-
1511,afnemen
1512,pmol
1513,hoge spiegels
1514,rechtszijdige
1515,aangegeven
1516,bekostiging
1517,halve
1518,gecombineerde-zorggroep
1519,geblokkeerd
1520,spoor
1521,verminderde kaliumuitscheiding
1522,biventriculaire
1523,lever
1524,ingreep
1525,voor-achterwaartse diameter
1526,ongetransfecteerde
1527,maag-
1528,onder de plasmaconcentratie-tijdcurve
1529,leverrand
1530,niet-medicamenteus
1531,standaardnazorg
1532,ontsmetting
1533,icd
1534,bespreken
1535,ischemisch hartfalen
1536,antibioticagebruik
1537,agonisten
1538,farmacotherapie
1539,h2o
1540,waterretinerende
1541,in de palliatieve
1542,begrippen
1543,microalbuminurie
1544,macroalbuminurie
1545,bedroegen
1546,eindfase
1547,voor-
1548,remmen
1549,streefdosissen
1550,multicentrumonderzoek
1551,a2
1552,coronaire bypassoperatie
1553,cardiomyopathie
1554,galopritme
1555,voorwandafleidingen
1556,prostaglandinesynthese
1557,zoutarm
1558,coronairziekte
1559,pompfunctie
1560,morfine-analogen
1561,antiaritmicum
1562,gezondheidskosten
1563,veneuze pulsaties
1564,rechterbovenbuik
1565,verstoring van de water-
1566,obgvm
1567,richt
1568,spierkracht
1569,rechtszijdig hartfalen
1570,trombo-embolische
1571,spreken
1572,ß1-
1573,kortademigheidsklachten
1574,bleef
1575,vochtrestrictie
1576,hartstilstand
1577,lisinopril
1578,afsluiting
1579,wát
1580,uitval
1581,bemoedigend
1582,diureticatoediening
1583,aldosteron
1584,mfm
1585,breinnatriuretisch
1586,achtergrondinformatie
1587,kwantitatief
1588,onderhydratie
1589,1b
1590,gedrongen
1591,ventrikeldiastole
1592,venepols
1593,luchtwegobstructie
1594,pulsaties
1595,berekend
1596,voor-achterwaartse thoraxdiameters
1597,overheid
1598,uitgangswaarden
1599,op de angulus sterni
1600,gesproken
1601,concurrentie
1602,ramus
1603,door hypoalbuminemie
1604,hartstichting
1605,bevelen
1606,snp
1607,levervenen
1608,hartkamers
1609,adenosine-di-fosfaat
1610,rechtvaardigen
1611,x-thorax
1612,gebleken
1613,mengelmoesje
1614,erytrodysesthesie
1615,pasten
1616,lvsd
1617,laag kalium
1618,verzamelen
1619,zouthuishouding
1620,dyspneu
1621,en hypotensie
1622,thiazolidinedionen
1623,beslisregel
1624,hyperglykemische
1625,soepel
1626,verbied alcoholgebruik
1627,bnp-uitslag
1628,derdegraads
1629,heffend
1630,boston
1631,intraveneus
1632,instelt
1633,langetermijneffect
1634,perfusiescintigrafie
1635,calciumantagonisten
1636,conditietraining
1637,extern referentiepunt
1638,stomp
1639,behandeling
1640,in bèta-adrenerge
1641,luchtbel
1642,redistributie
1643,behandelopties
1644,op cardiomyopathie
1645,bevolkingsgroepen
1646,vermeden
1647,zout
1648,kwartier
1649,dorstgevoel
1650,inhouds-
1651,weefselperfusie
1652,bcl2
1653,metoprolol
1654,calcium
1655,tubulair
1656,bedroeg
1657,therapietrouw
1658,aspirin
1659,( nt-pro
1660,cibis
1661,afhankelijk van de individuele situatie
1662,herziening
1663,voor de hand
1664,spoedopvang
1665,moeizaam
1666,terugresorptie van de glucose
1667,clopidogreltherapie
1668,na antracyclinegebruik
1669,hallberg
1670,gastroscopie
1671,buikklachten
1672,aldosteronsecretie
1673,dutp
1674,instellen
1675,cardiovasculair
1676,coumarines
1677,apoptose
1678,ritmestoornis
1679,ace-remmers
1680,inotropieafhankelijk
1681,in-vitrostudie
1682,geplast
1683,externe validatie
1684,longembolie
1685,2x
1686,zelfmedicatie
1687,en hyponatriëmie
1688,massachusetts
1689,gemeten
1690,treat'-benadering
1691,genderverschillen
1692,thiazide
1693,toekomst
1694,wet
1695,zuurstofsaturatie
1696,gang
1697,loslaatpijn
1698,pompwerking
1699,ontwatering
1700,waardevol
1701,ritme-
1702,jaarlijkse
1703,medicamenteuze
1704,relaxatieverloop
1705,rechterop
1706,werkingsmechanisme
1707,longfunctieonderzoek
1708,optitreerfase
1709,aandoeningen
1710,therapeutisch beschouwde plasmaconcentraties
1711,gepubliceerde
1712,klinische studies
1713,studie in new york
1714,raadplegen
1715,hoeksteen
1716,depressies
1717,draagvlak
1718,rosuvastatine
1719,hypercapnie
1720,klasse iii
1721,geordend
1722,omschrijving
1723,factoranalyse
1724,traject y-h
1725,klassieke tegenaanwijzingen
1726,onderzoekspopulaties
1727,amiloride
1728,ace
1729,gedilateerd
1730,pci-studie
1731,op de afdeling cardiologie
1732,hartfalenmedicatie
1733,alogliptine
1734,symptomatische hypotensie
1735,actief
1736,bepalen
1737,zit
1738,voorkómen
1739,hartgeruis
1740,voorkamerfibrillatie
1741,consultatie
1742,niet-medicamenteuze
1743,zeldzaam
1744,cumarinen
1745,benauwdheid
1746,supraventriculaire
1747,inhalatorgebruik
1748,studie
1749,2dd
1750,decapeptide angiotensine-i
1751,ventricular
1752,tachycardie
1753,hinderlijke hoest
1754,capecitabine
1755,farmacokinetiek
1756,myocardfibrose
1757,ht
1758,carotispols
1759,vervolgduur
1760,cellulaire
1761,expertpanel
1762,diagnose
1763,vermijdbare
1764,en examine
1765,bloeddrukverlaging
1766,hemodynamiek
1767,bleek
1768,nabelasting
1769,inotroop
1770,herhospitalisaties
1771,sglt-2-remmers
1772,prikkelhoest
1773,hartas
1774,bradycardieën
1775,dp
1776,pleiotrope
1777,stomatitis
1778,hoekstenen
1779,bewaarde
1780,digoxine-intoxicatie
1781,defecatiepatroon
1782,linker ventrikel
1783,alcoholinname
1784,kostte
1785,medicament
1786,kweken
1787,gecollabeerd
1788,dialysetherapie
1789,toedieningsvorm
1790,om te vermageren
1791,uitsluiten
1792,waarneming
1793,inspelen
1794,kinderschoenen
1795,hartrevalidatie
1796,referentiepunt
1797,diastolische
1798,obesitas
1799,aanvullende
1800,overprikkeling
1801,endotheline
1802,enkeloedeem
1803,val-heft
1804,pas
1805,val-heft-
1806,inleiding
1807,destilleren
1808,anp-
1809,pericardaandoeningen
1810,wgbo
1811,na
1812,arbs
1813,zorgorganisatie
1814,2x2-opzet
1815,heropnames
1816,basistherapie
1817,beluisterd
1818,telemoni
1819,serumkaliumstijging
1820,antibiotica
1821,kostenbesparend
1822,hartfalenacuut
1823,voorgeschiedenis
1824,cva's
1825,sinusbradycardie
1826,ace)-remmer
1827,kosten
1828,reanimatierichtlijnen
1829,overgeplaatst
1830,doorverwijzen
1831,aandoening
1832,zelfrapportage
1833,serumkalium
1834,twijfelgeval
1835,lo studio della sopravivenza nell'insufficienza
1836,prostaathypertrofie
1837,dutp-gelabelde
1838,hartrevalidatieprogramma
1839,internisten
1840,perindopril
1841,absorptie
1842,thuisinfusietherapie
1843,echocardiografie
1844,neonatale
1845,andere kaliumsparende
1846,descriptieve
1847,serumcholesterol-
1848,lisdiuretica
1849,evenmin
1850,bnp
1851,echografisch
1852,dilatatoire
1853,uitademingsstand
1854,anemie
1855,hyperglykemie
1856,borstkanker
1857,cardiac insufficiency bisoprolol
1858,ethische
1859,etiologie
1860,cava
1861,ejectiefractie
1862,vertraagde absorptie
1863,spironolactone
1864,vervolgdiagnostiek
1865,kwartielen
1866,bloeddrukmeting
1867,linker
1868,william
1869,integreer
1870,batista-operatie
1871,klinisch hartfalen
1872,stoppen
1873,qrs
1874,hartfalenverpleegkundigen
1875,verlenging van de levensduur
1876,icd-drager
1877,koude acra
1878,gecorrigeerd
1879,werking
1880,european society of cardiology
1881,diclofenac
1882,percutane coronaire
1883,beargumenteren
1884,spiercellen
1885,renine-angiotensine-aldosteron
1886,commentaar
1887,vastgesteld
1888,haloperidol
1889,inactivatie
1890,buik
1891,combinaties
1892,na te gaan
1893,gecollabeerde
1894,werkte
1895,behandelingsmodaliteiten
1896,type 2
1897,dieetdagboek
1898,aritmie
1899,recidiverend
1900,colofon
1901,ketenzorg
1902,leefregels
1903,richtlijn
1904,ontbreken van grote gerandomiseerde studies
1905,aterogenese
1906,european society
1907,onrust
1908,spreekuur
1909,activiteit
1910,natriuminname
1911,etnische
1912,trainbaar
1913,inspannings-ecg
1914,gewichtsreductie
1915,lisdiureticuma
1916,aanbevolen
1917,om
1918,ibopamine
1919,mmhg
1920,collaps
1921,verzameld
1922,wachttijd voor harttransplantatie
1923,nurse
1924,hals
1925,communi
1926,bnp-gehalte
1927,perfusiedruk
1928,onderzoekbank
1929,lichaamslengte
1930,jama
1931,tegenstanders
1932,hbo2
1933,hyperfiltratie
1934,tweesnijdend
1935,new york
1936,bespreking
1937,geneesmiddeleffecten
1938,allelfrequentie
1939,qs-complexen
1940,doorgegeven
1941,eindpunt
1942,bemand
1943,biomarkers
1944,antibioticavoorschriften
1945,binnen
1946,hamvraag
1947,infarcering
1948,adviezen
1949,infarct
1950,ontwikkelingskosten
1951,palmoplantaire
1952,alogliptine-
1953,zelfcontrole
1954,oplaaddosis
1955,rr
1956,instelling
1957,verpleeghuisbewoners
1958,wekelijkse titratie
1959,torsades
1960,over het sterven
1961,omstreden
1962,voorbelasting
1963,peptide
1964,vermindering van de geleidingssnelheid
1965,hand
1966,echo
1967,tekort
1968,bestonden
1969,omzettingssnelheid
1970,ace-remmer
1971,hnu
1972,antracyclinen
1973,preventieve
1974,rattencardiomyocyten
1975,kamerfunctie
1976,losartan-
1977,e-learning
1978,ingrepen
1979,verapamil
1980,decompensatio
1981,chromatine
1982,boventoon
1983,beleid
1984,voorloper
1985,rechterventrikelfalen
1986,in-
1987,spoedvisite
1988,verbindingslijn
1989,captoprilgroep
1990,bejaarden
1991,vergrijzing van de bevolking
1992,copd-exacerbaties
1993,vochtophopingen
1994,dubbele
1995,actieve
1996,speurtocht
1997,ondergingen
1998,eerstelijns
1999,metoprololgroep
2000,cardiologenpanel
2001,noot
2002,pci
2003,gso
2004,uitgesloten
2005,multipel
2006,warfarine
2007,kosteneffectief
2008,eerste lijn
2009,ischemische
2010,gedemonstreerd
2011,vaat-vernauwende angiotensine
2012,anti-inflammatoir
2013,hyperventilatie
2014,diabetesrichtlijn
2015,biomarker
2016,vochtbeperking
2017,cardiomyocyten
2018,spirometrie
2019,afhankelijk van de eigenschappen
2020,perifeer oedeem
2021,necrose
2022,antihypertensivum
2023,longmaligniteit
2024,niet-dihydropyridine
2025,zekerheid
2026,infusietherapie
2027,bypass-
2028,verbrede ictus
2029,cochrane-review
2030,cytotoxische
2031,veneuze
2032,kernboodschappen
2033,creatinineklaring
2034,herseninfarcten
2035,studiepopulatie
2036,ventrikel
2037,trombi
2038,stelden
2039,seh-arts
2040,pro-bnp
2041,galop
2042,aldosterone-antagonist
2043,behoefte
2044,hulpverlener
2045,farmacologie
2046,beroerte
2047,renine-angiotensine-antagonisten
2048,opzet
2049,handrug
2050,valrisico
2051,mini-review
2052,5fu-toxiciteit
2053,linkerventrikelhypertrofie
2054,duurtraining
2055,natriumuitscheiding
2056,kerley-b-lijntjes
2057,zelfvernietiging
2058,huisbezoe
2059,afkappunt
2060,afzonderlijke aandoeningen
2061,mediane
2062,95-betrouwbaarheidsinterval
2063,vervolgfase
2064,beoordelen
2065,rechter ventrikel
2066,keus
2067,gecontraïndiceerd
2068,vasopeptidase-remmer
2069,exogene
2070,die bètablokkers
2071,toring
2072,onder steriele omstandigheden
2073,spiegels
2074,rechteratriumdruk
2075,seh
2076,op de beleving
2077,nhg-website
