0,abm
1,administrations
2,évolutions en cours
3,dépenses électorales
4,réexaminera
5,affaires constitutionnelles
6,conformité
7,conjointes
8,rigoureux
9,dommages considérables
10,concurrentielles
11,du réseau
12,pression
13,commerciaux
14,accord-cadre
15,régulière
16,i. introduction
17,présidente
18,signal
19,fortes
20,significatif
21,créée
22,sociétés cotées
23,baisser
24,armés
25,assouplissement
26,accords partiels
27,aggravant
28,régissant
29,supervision
30,qualité de membre
31,interprétation de la convention
32,physique
33,fonctionnaires
34,en charge
35,prévention de la corruption
36,accru
37,surveillance unique
38,intégrité nationaux
39,droits de douane
40,méthodologie
41,à la libre circulation
42,subsides
43,francfort-sur-le-main
44,fixés
45,libertés fondamentales
46,sport
47,non limitative
48,engrenage
49,contribuable
50,envisager
51,naturelles
52,incombe
53,auquel
54,cadre pénal
55,olaf
56,répressifs
57,projet
58,justice pénale
59,aisément
60,européen
61,milieux universitaires
62,conduite
63,contre la grande criminalité
64,contrôleurs légaux
65,commission
66,formations
67,établi
68,instaure
69,amélioration
70,présidence
71,systémiques
72,affecte
73,abus
74,impulsion
75,plein droit
76,pluriannuel
77,mécanisme de suivi régional européen
78,renforcée
79,marchés boursiers
80,fonction publique
81,commerciales bilatérales
82,rester vigilant
83,accord partiel
84,droit penal
85,à la structure
86,biens
87,coopération internationale
88,renforcé
89,direction
90,garde
91,transitoires
92,électorales
93,écrasante
94,sanctions
95,action antifraude
96,activité spécifiques
97,périodiquement
98,définis
99,surveillance judiciaire
100,stratégies régionales
101,accès
102,responsabilité
103,évaluations annuelles
104,contre la fraude
105,répression
106,recourir
107,arrêter
108,à la détection
109,système statistique
110,appliquer
111,imposition
112,contre la criminalité économique
113,déposer
114,alourdissant
115,mois
116,rapport anticorruption
117,assurer la transparence
118,pacte du silence
119,envergure
120,accentué
121,leçons de la crise
122,montré
123,mesures législatives
124,solution purement technique
125,ouvre
126,demandée
127,restitution
128,suivi
129,second alinéa
130,contrôle
131,associations professionnelles européennes
132,conjoint
133,cas
134,stimuler
135,omission
136,clef
137,partenariat
138,allié
139,règlement
140,transparency international
141,commise
142,pilote
143,entrave
144,précisions
145,surveiller
146,approche
147,valeurs communes
148,cadre juridique
149,services publics fédéraux
150,appel à candidatures
151,partagée
152,compatible
153,informer
154,interne
155,statistiques
156,desdits
157,répressives
158,élan
159,renouvelé
160,échelle européenne
161,synergies
162,en vigueur
163,stratégies dix
164,desmdispositions
165,abstienne
166,unité anticorruption unique
167,gouvernance
168,assurance qualité externe
169,à la recherche
170,valable
171,sécurité
172,lésée
173,intérêts
174,ressortissants
175,échange de preuves
176,entamées
177,financement
178,commettre
179,maints
180,anticorruption
181,affaires
182,fédérale
183,ventilation de l' impact
184,ledit
185,services légitimes
186,jeu
187,papier
188,intègres
189,échanges professionnels
190,domaine financier
191,parvenir
192,stratégies anticorruption nationales
193,rendra
194,soupçons
195,délicates
196,gestion
197,office
198,préciser
199,cadre
200,communication
201,surveillance prudentielle
202,dénonciation
203,identification
204,légère
205,à la population
206,affaire
207,attendu
208,mise en application
209,élu
210,engager
211,contrôleurs
212,intervention de l' ue
213,non
214,délit
215,corruptif
216,travailleur indépendant
217,contre les personnes morales
218,mesures préventives
219,prolongation
220,http://info.worldbank.org/governance/wgi/worldmap.asp
221,fixée
222,article 18 réserves
223,éthiques
224,moral
225,collectivité
226,conflits
227,élevés
228,harmonisée
229,rouages
230,évalués
231,rotation
232,collège
233,infraction visée
234,approches incitatives
235,améliorations
236,transposition
237,estimée
238,extradition
239,affectés
240,en outre
241,international
242,uncac
243,conclusions
244,prise en compte
245,instruments anticorruption
246,indue
247,similaires
248,encouragera
249,voyage
250,jeté
251,organes communautaires
252,interdiction temporaire
253,lutter
254,tranché
255,mises en oeuvre
256,harmonise
257,extraction
258,6 de la convention
259,quel
260,claires
261,décidées
262,claire
263,jettera
264,action préventive
265,exclusion du bénéfice
266,infraction de corruption
267,traitement inéquitable
268,ocde
269,spf finances
270,internationalisation du commerce
271,commis
272,soustraction
273,médias
274,traité
275,correspondants nationaux de recherche
276,échanges
277,initiative
278,prenant
279,fil des années
280,remplir
281,encouragée
282,police
283,plus-value
284,extérieure
285,17 / ec
286,agences européennes
287,ceca
288,du
289,à la protection des données
290,déontologie administratives
291,souple
292,engagé
293,étudiera
294,échelle nationale
295,données à caractère personnel
296,faiblesses
297,lutte contre la corruption
298,soumissionnaires
299,alarme
300,incité
301,annuler
302,courtoisie
303,émettre
304,efficacité
305,surveillance
306,clés
307,limiter
308,entrés
309,ratification
310,prévention
311,marchés internationaux
312,événements
313,donne
314,échangée
315,recours internes
316,préjudices financiers
317,applique
318,capitaux
319,opérationnel
320,suffisants
321,in idem
322,prise de décision
323,impose
324,codes de conduite
325,dotation
326,su
327,concurrentielle
328,responsable
329,prête
330,cadre de la coopération communautaire
331,investissement
332,passage
333,contre la corruption active
334,cir
335,vérification préalable
336,plus
337,organisation syndicale
338,judiciaire
339,répression de la corruption
340,fonctionnaire
341,ste
342,préjudicielles
343,lignes de conduite
344,remarques
345,illimité
346,retenus
347,mise en œuvre
348,en faveur du greco
349,remarques générales
350,multilatéraux
351,avantages
352,bout de cinq ans
353,enquête
354,incertitude
355,dialogue renforcé
356,branche belge
357,directives
358,décision bce
359,stratégie antifraude
360,action répressive
361,sape
362,élargis
363,instruments
364,mesures internes
365,court
366,démission
367,récupération
368,contre les régimes locaux
369,système financier
370,article k.3
371,pairs
372,désigné
373,assistance extérieures
374,néfastes
375,distorsion de concurrence
376,régissant la confiscation
377,sanction
378,indépendance
379,criminelle
380,travaux du greco
381,agences nationales
382,inadmissible
383,instruments juridiques internationaux
384,liberté des médias
385,à la corruption
386,tirer
387,modification 24.08.2015
388,agent public
389,de la coopération
390,à la situation
391,enclin
392,capacités institutionnelles
393,rendues pénalement
394,bce
395,générer
396,de la commission européenne
397,culture anticorruption
398,eau
399,axes de la commission
400,code de conduite
401,efficaces
402,amenés
403,équité
404,harmonisées
405,dimension transnationale
406,envisage
407,interrogées
408,engagement politique
409,mécanisme de vérification
410,tôt
411,à la veille
412,graves
413,mené
414,amendes
415,active
416,préjudice
417,repris
418,enseignements
419,saisir
420,occidentaux
421,prévention du crime
422,secrétaire général
423,infligée
424,courez-vous
425,droit national
426,perte
427,mi-2001
428,redéployés
429,atténuer
430,légèrement
431,échelle mondiale
432,coopérer
433,démocratiques
434,valeur probante
435,unité provisoire eurojust
436,reçoit
437,légalité
438,coopération
439,bilatéraux
440,internationaux
441,punisables
442,à la sauvegarde
443,commet
444,contrôlée
445,unies
446,recouvrement direct
447,infraction
448,fonction pilote
449,infraction alléguée
450,échelle internationale
451,personnel
452,administrative
453,soutenue
454,spf
455,encouragés
456,infractions graves
457,intermédiaire
458,crible
459,illégale
460,aggravantes
461,voies de communication
462,passation de marchés publics
463,prendre
464,corruption
465,administratives
466,collaborer
467,train
468,échange de lettres
469,agences
470,dans
471,poursuites administratives
472,externe
473,surcoûts
474,établissement
475,à la coopération internationale
476,dénonciateurs
477,contre la drogue
478,décembre
479,immunités
480,premier définitions
481,ladite
482,à la mondialisation
483,marchés étrangers
484,formuler
485,comparatifs
486,sens socio-économique
487,voisinage en mutation
488,contacts
489,pure répression
490,convention pif
491,combattre
492,donner effet aux
493,concrète
494,accepter
495,suivis
496,démarcation
497,évalué
498,contre la corruption impliquant
499,libre-échange
500,actif
501,imposer
502,échelle de l' union
503,transferts
504,biens publics
505,comparative du greco
506,étend
507,volet central
508,liés
509,en cycles
510,enquête de transparency international
511,double face
512,investissements étrangers
513,organe interne
514,représenté
515,évaluation approfondie
516,décrites
517,30e
518,mises en œuvre
519,jed
520,négociations
521,évaluera
522,sous la conduite
523,intérêt général de l' union
524,services publics
525,enquêtes pénales
526,déontologique
527,end
528,situation
529,contrôle de la criminalité organisée
530,spf justice
531,saisie
532,institutions nationales
533,peine
534,prises
535,réseau
536,contrôle financier
537,mesures anticorruption
538,cofinancement
539,fonctions nationales
540,ouvrir
541,stade ultérieur
542,réunion plénière
543,trame dans le secret
544,à la convention
545,inséré
546,législature
547,diffusion du rapport
548,déséquilibre
549,collaboration
550,protocole du 29 novembre 1996
551,intérêt général
552,abrogation
553,négocié
554,avantage indu
555,confronté
556,participation
557,euros
558,insuffisante
559,éradiquer
560,acception
561,entretient
562,législateur
563,inscrit
564,esprit
565,instruments anticorruption internationaux
566,échanges d' informations
567,parachever
568,la
569,acquis
570,à la convention pénale
571,contractante
572,complicité
573,double contrôle
574,évoqués
575,péril
576,eurobaromètre
577,permanente
578,occultes
579,anticiper
580,pas
581,conférer
582,perception
583,suivie
584,plan logistique
585,physiques
586,dossiers pénaux
587,programmation
588,préventive
589,faisabilité juridique
590,matière de développement
591,complice
592,spécificités
593,change
594,recommandations
595,inverse
596,statutaire
597,territoriale
598,atteints
599,lois
600,compétence communautaire
601,transposition en droit national
602,administration
603,banque mondiale
604,procès pénal
605,appuie
606,perçus
607,qualité professionnelle
608,arrêt
609,enquête eurobaromètre
610,réexamen
611,cohésion
612,illicites
613,action 92
614,agents publics
615,levier
616,procédé multidisciplinaire
617,déboucher
618,négociations envisagées
619,prend
620,infraction commise
621,corporate governance
622,programme de stockholm
623,droit fil
624,audits
625,accomplir
626,réactive
627,révision
628,recherche locaux
629,achats
630,entrepreunariat éthique
631,décision interne
632,positions communes
633,participer
634,octroie
635,sonnette
636,négative
637,exécution
638,appui financier
639,combattre la corruption en europe
640,commercer
641,pouvoirs publics
642,exécuter
643,article 12
644,alliot-marie
645,échange d' informations
646,int
647,étude terminée
648,convaincre
649,bis
650,adaptations
651,échelle de l' ue
652,ressources humaines
653,salaires
654,aperçu
655,assistance technique
656,empêche
657,entité du secteur privé
658,logistique
659,accrue
660,chefs d' état
661,ciblé
662,en 1996
663,doigt
664,bourse
665,systèmes de contrôle
666,gel
667,entérinées
668,an
669,intermédiaires
670,centralisée
671,administration publique
672,stimulera
673,exécution du budget
674,droit communautaire
675,intérêts de la communauté européenne
676,autorisés
677,internes
678,coopération en matière de prévention
679,enquêteurs
680,on
681,prise de contact
682,double incrimination
683,remédier
684,encourus
685,différenciées
686,prise en considération
687,interprétation
688,mettra
689,président
690,instigatrice
691,abrogation du règlement
692,intégrées
693,entré
694,significative
695,risque
696,aide
697,évaluation
698,contrôle interne
699,article 8
700,contrôles légaux
701,recherche directe
702,législations étrangères
703,extérieur
704,désigner
705,condamner
706,conditions
707,j.r.v.a.
708,dissolution
709,stabilité
710,désapprobation
711,augmenté
712,éventuel
713,comptes
714,exposition
715,pot-de-vin
716,établir
717,contact nationaux
718,litige commercial
719,découlant
720,lutte antifraudes
721,organes
722,de la bce
723,suivi périodique
724,dimension internationale
725,rémunérée
726,envisagées
727,réglementé
728,cnd
729,relevées
730,statut
731,contre la corruption du conseil
732,états financiers
733,améliorer la formation
734,renouvellement périodique
735,instruments communautaires
736,évaluation périodique
737,élargissement de l' union européenne
738,missions spécifiques
739,punissable
740,de la croatie
741,adoption
742,multinationales
743,poursuivi
744,évaluation mutuelles
745,protocole
746,approbation
747,à la cour
748,aller
749,personne morale
750,septième
751,analyse qualitative
752,commissions
753,vérification
754,fiscaux
755,ratifier
756,évaluations du greco
757,unilatérale
758,portée juridique
759,2658e
760,traité ce
761,calendaires
762,emplois
763,intérieur
764,étendu
765,chapitre v
766,réglementaires nationales
767,en avant
768,transposée
769,rejoint
770,ou
771,à la vulnérabilité
772,catalyseur
773,évaluation strict
774,chefs d' entreprises
775,permis
776,montée en puissance
777,arrêté la présente
778,article 6
779,différend
780,refonte
781,cotées
782,communautaire
783,couvrir
784,réside
785,contribution
786,appui
787,dépôt
788,infractionnels
789,consultations
790,mesure judiciaire
791,c-11
792,autorité
793,étudiée
794,laissant
795,pays tiers
796,délégation officielle
797,droits
798,dissuasives
799,entériné
800,non déclarées
801,dépenses publiques
802,judiciaires
803,cas échéant
804,plainte
805,cadeaux
806,contractuelle
807,financier
808,de la banque mondiale
809,bras
810,calme
811,article 16
812,juges
813,infraction directe
814,considérants
815,travail
816,ordre du jour
817,incrimination
818,plan international
819,article 4
820,fait la belgique
821,abrogée
822,dépistage
823,dressera
824,concrétisé
825,intérêts financiers
826,auto-nettoyage
827,convenablement
828,soulèvements
829,déficiences
830,recours
831,inscrite
832,surveillance prudentielle conjointe
833,publique
834,à la répression judiciaire
835,en
836,population visée
837,soulignée
838,prorogeable
839,extracomptables
840,organes nationaux
841,aide extérieure
842,ocrc
843,confiés
844,c'
845,règlement intérieur
846,sanctionnée
847,institutions
848,de la société
849,liens
850,action réorientée
851,incidence
852,découlent
853,collusoires
854,irrégularités
855,instigatrices
856,annexe ii
857,assister
858,suspension
859,tiers
860,étudiées
861,sauvegardes institutionnelles
862,décisions
863,contre banque centrale européenne
864,ligne budgétaire
865,convention dédie
866,non discriminatoire
867,balkans occidentaux
868,sanctions dissuasives
869,extérieurs
870,avantage
871,recourent
872,adhérents
873,dudit
874,p.1
875,équitable
876,non lucratif
877,clairs
878,acquitter
879,non-invocation
880,évaluation de l' ue
881,libertés
882,matière pénale
883,effraie
884,prudentielle
885,assurance
886,adhère
887,caf
888,perturbé
889,chevauchement
890,article 286
891,dijsselbloem
892,économie
893,solides
894,réalisée
895,échangées
896,vocation
897,mise en oeuvre
898,jugement
899,développement
900,évaluation mutuelle
901,étendue
902,contractantes
903,vingtième
904,protocole additionnel
905,long terme
906,mandant
907,glisse
908,systèmes nationaux
909,petite
910,ensoleillée
911,personne
912,induits
913,détaché
914,législative
915,accepté
916,changement
917,instigation
918,activité
919,législatif
920,lien
921,modes de gestion
922,unilatéralement
923,au
924,décelées
925,enregistrement
926,évolution imprévue
927,libéralisation
928,comptabilité
929,assistance financière
930,mécanisme de contrôle greco
931,isa
932,incidence financière
933,retenu
934,agir
935,parlements nationaux
936,étendues
937,administrations publiques
938,acquittée
939,personnes morales
940,résister
941,instruments financiers
942,apprentissage
943,non contraignants
944,politique commerciale
945,experts
946,ira
947,étroit
948,convention pénale
949,fonctionnaires nationaux
950,renuméroté
951,coopération judiciaire
952,associés
953,aide publics
954,survenus
955,collaborera
956,importe
957,afrique du nord
958,puissance publique
959,passation de marché
960,financiers
961,non-communication
962,réunie
963,enracinés
964,juge
965,figées
966,enquêtes financières
967,pilier du traité
968,observateur
969,applique-t-elle
970,incohérences
971,sursis probatoire
972,créera
973,recrutement
974,dispositions
975,avis du parlement européen
976,agences visant
977,finances publiques
978,activités du réseau
979,paneuropéen
980,signification
981,intérêt public
982,stade
983,corrupteurs
984,adhésions
985,ouverte
986,univoque
987,cessation
988,acquise
989,emploi
990,opacité
991,dg
992,agents
993,accord
994,ce concours
995,acte
996,partis politiques
997,antifraude
998,agents publics nationaux
999,instruments internationaux anticorruption
1000,joint-venture
1001,intérêt personnel
1002,conventions
1003,action préparatoire
1004,régulières
1005,compétence du groupe
1006,recherche
1007,dressé
1008,reprises
1009,prévention de la criminalité
1010,degrés de sensibilisation
1011,dissociés
1012,combattue
1013,ias
1014,lucratif
1015,événement
1016,peines privatives de liberté
1017,accords
1018,consultatif
1019,contre le blanchiment
1020,impacts
1021,à la lumière
1022,autorisation
1023,dynamique
1024,penchera
1025,audit interne
1026,engagement
1027,courir
1028,www.greco.coe.int
1029,de
1030,étrangers
1031,déployés
1032,flexibilité
1033,non gouvernementales
1034,convention
1035,texte intégral
1036,coopération administrative
1037,compromettre
1038,mécanisme de coopération
1039,corruption15
1040,dix-huit mois
1041,ex
1042,envisagera
1043,croisière au-delà
1044,sécurité intérieure
1045,audit
1046,poursuite
1047,insuffisances
1048,trucage
1049,une priorite
1050,pris
1051,saisine
1052,conférence de négociation
1053,principes directeurs
1054,appui à la bonne gouvernance
1055,dirigeants
1056,édicté
1057,alloués
1058,autorégulation
1059,système de comptabilité publique
1060,ii
1061,injustifiée
1062,desquelles
1063,membres
1064,approche coordonnée
1065,conclusion
1066,protection pénale
1067,énoncées
1068,rapport anticorruption inclura
1069,passeport
1070,versé
1071,prorogée
1072,observations générales
1073,conduite éthique
1074,souligné
1075,accord interinstitutionnel
1076,aspects exterieurs
1077,contre la corruption
1078,accord multilatéral
1079,sensibilité
1080,occidentale
1081,aele
1082,émises
1083,cd
1084,europol
1085,cadre du commerce
1086,chevauchements
1087,abus de fonctions
1088,contre-productif
1089,en belgique
1090,règlement-cadre msu
1091,missions
1092,procédures
1093,à la gouvernance
1094,intégrité
1095,irréversibilité
1096,foi
1097,crédits à l' exportation
1098,droit de vote limité
1099,en interne
1100,échelle culminant
1101,collaborent
1102,contre la propagation
1103,détriment
1104,soumissionnaire
1105,élargie
1106,contraintes budgétaires
1107,décisions-cadres
1108,lignes directrices
1109,concours
1110,organisation matérielle
1111,cours
1112,organe
1113,professionnels
1114,mécanismes
1115,appréciation
1116,flux d' informations
1117,appui accru
1118,préjudiciel
1119,éthique
1120,activity-based budgeting
1121,rôle du cepol
1122,à la prévention
1123,noire
1124,protection effective
1125,préjudiciables
1126,indus
1127,libellé
1128,enquêtes conjointes
1129,sa
1130,évaluation actuels
1131,surveillance du greco
1132,infractions pénales
1133,évaluer
1134,mécanisme de protection
1135,cadre réglementaire
1136,premier alinéa
1137,échange de bonnes pratiques
1138,en suspens
1139,forestières
1140,sévir
1141,compte
1142,occulte
1143,chevauchent
1144,sanctionner
1145,sanctions communes
1146,prononcer
1147,lutte anticorruption
1148,décrivant
1149,chapitre iv
1150,journal officiel
1151,nettes
1152,recommandation
1153,entités publiques
1154,adonnent
1155,n° 1073
1156,enquêtes internes
1157,anciens
1158,rapport
1159,entité publique
1160,corrupteur
1161,peines
1162,annexe
1163,affectent
1164,détaillés
1165,en 2007
1166,sensibilisées
1167,contre-productive
1168,compétence matérielle
1169,intégrité administrative
1170,acp
1171,faisabilité
1172,lacunes
1173,504bis
1174,assurant
1175,anticorruption globale
1176,mesures de transposition efficaces
1177,enfreint
1178,soumettre
1179,complémentarité
1180,auto‑évaluations
1181,complication
1182,rapports financiers
1183,englober
1184,pénale
1185,autonome
1186,réciprocité
1187,corrélation
1188,de la proposition
1189,attiré
1190,égard
1191,pots-de-vin
1192,combiné
1193,traité de lisbonne
1194,identifié(s
1195,autonomie
1196,abb
1197,greco
1198,ménagé
1199,envisageables
1200,suffrage
1201,tenus de divulguer
1202,lutte antifraude
1203,exigées
1204,transparence
1205,agents de l' office
1206,punissables
1207,collaborateurs
1208,fédérées
1209,évaluation quantitative
1210,inestimable
1211,poursuites judiciaires
1212,coût économique
1213,impact
1214,surveillance interne
1215,non-ratification
1216,sens de l' article 1er
1217,exposer
1218,engagée
1219,combattre la criminalité
1220,consultation
1221,renseignement financier
1222,échéant
1223,réputation
1224,à la bce
1225,terminologie
1226,réserve
1227,êtres humains
1228,professions vulnérables
1229,incriminations
1230,morales16
1231,interprété
1232,décentralisée
1233,évaluations spécifiques
1234,encourager
1235,pénales
1236,infractions en matière de taxes
1237,sous-traitance
1238,étude suggère
1239,sphère de contrôle
1240,com
1241,developpement
1242,démocratisation
1243,national
1244,incriminer
1245,réelles irrégularités
1246,acquisition
1247,échange de meilleures pratiques
1248,services répressifs
1249,maintien
1250,enrichissement illicite
1251,formation
1252,à la confiscation
1253,à la cnucc
1254,encontre
1255,activity-based management
1256,secrétariat général
1257,intéressés
1258,intégré
1259,renouvelée
1260,tribunaux nationaux
1261,multiplier
1262,ambiguïté
1263,susmentionnées
1264,communication visée
1265,dépenses
1266,croisés
1267,dominez
1268,adhéré
1269,concrètes
1270,système judiciaire
1271,eurojust
1272,députés
1273,justice
1274,criminels
1275,sens
1276,tolérée
1277,substances psychotropes
1278,ramifications internationales
1279,avérées
1280,énergie
1281,points faibles
1282,marché
1283,matchs
1284,extraditions
1285,soutien financier
1286,jai
1287,introduction
1288,réexamine
1289,poursuivis
1290,irakiens
1291,manifestations
1292,élargissement de l' union
1293,extérieures
1294,intangibles
1295,coopérera
1296,réexaminée
1297,intérieures
1298,externes
1299,démission collective
1300,inexacts
1301,atteinte
1302,central
1303,consister
1304,pouvoir de direction
1305,actes
1306,retard
1307,développement économiques
1308,sensibilisation
1309,jugements
1310,enquête interne
1311,sens de l' article 3
1312,délits de corruption
1313,approche globale
1314,pierre angulaire
1315,nations unies
1316,perte de qualité
1317,crédit
1318,encouragées
1319,consolidés
1320,recherche indirecte
1321,attaquer
1322,économie mondiale
1323,engagements
1324,saines
1325,fonder
1326,systèmes multilatéraux
1327,en la société
1328,www.ecb.europa.eu
1329,entreprises
1330,saine
1331,prêter
1332,suppléants
1333,conserver
1334,conférence de mérida
1335,mécanisme de suivi
1336,validité
1337,tranche incitative
1338,criminalité
1339,à la directive
1340,dégagera
1341,secteur privé
1342,associer
1343,alinéa
1344,distorsion de la concurrence
1345,décide
1346,en 2011
1347,postes
1348,pays candidats
1349,préventives
1350,procéduraux
1351,renouvelées
1352,tolérable
1353,entrée en vigueur
1354,sensibilisé
1355,délégation de tâches
1356,plaidé
1357,corollaire
1358,outre
1359,pays
1360,incrimine
1361,déontologiques
1362,quelconque
1363,produire
1364,généraux
1365,ecli:eu:c
1366,entrée en fonction
1367,contrôleur
1368,préjudices économiques
1369,rapport anticorruption de l' ue
1370,emprisonnement
1371,objectifs
1372,aéroport
1373,européenne de voisinage
1374,débats parlementaires
1375,quiconque
1376,acceptation
1377,soumissions
1378,réduire
1379,déontologie
1380,surveillera
1381,infractions fiscales
1382,champ d' application
1383,n° 2
1384,complétée
1385,contrôleur légal
1386,système du greco
1387,professionnel
1388,policière
1389,coopération policière
1390,projet de la commission
1391,consigne
1392,travail de l' ocde
1393,paragraphe 1
1394,renvoie
1395,échanges transfrontaliers de biens
1396,faire
1397,sens de l' article 6
1398,ratifiée
1399,travail interdépartemental
1400,programmes anticorruption nationaux
1401,concert
1402,tierces parties
1403,procès-verbal
1404,en dehors
1405,affaires intérieures
1406,étudier
1407,cadre financier pluriannuel
1408,décisions de politique monétaire
1409,epac
1410,grandes entreprises
1411,évaluera périodiquement
1412,dénoncer
1413,obstacles
1414,marché intérieur
1415,institutions publiques
1416,synergie
1417,préadhésion
1418,indu
1419,déductibilité fiscale
1420,structurée
1421,libre échange
1422,de la convention
1423,intérêt
1424,mises en place
1425,compromet
1426,statuts du greco
1427,opérationnelles
1428,immunité
1429,avant-propos
1430,contre la criminalité
1431,agences exécutives
1432,coercition
1433,élargi
1434,intermédiaire de la commission
1435,envisagée
1436,n° 17024
1437,postaux
1438,arrêté
1439,lignes budgétaires
1440,marchés
1441,compétence externe
1442,création du réseau
1443,révolues
1444,mise à jour
1445,infraction grave
1446,grises
1447,faibles
1448,cellule d' expertise
1449,investissements
1450,à la commission
1451,économique
1452,enquêter
1453,en mars
1454,ores
1455,étroite
1456,en euros
1457,article 7
1458,à la pharmacopée européenne
1459,assistance de la commission
1460,atteindre
1461,ladite convention
1462,conseil
1463,économiques
1464,contractant
1465,concordera
1466,élaborer
1467,matières premières
1468,vague
1469,aides
1470,conservées
1471,vient
1472,confie
1473,approche adoptée
1474,rémunération
1475,envisagé
1476,action commune
1477,feront
1478,haute représentante
1479,retentissantes révélées
1480,proposition de directive
1481,géré
1482,instaurées
1483,employeurs
1484,entité
1485,instruments anticorruption de l' ue
1486,souligné à maintes
1487,belgique
1488,fondera
1489,délinquants
1490,conjointement
1491,leur
1492,suit
1493,taxes
1494,cadres globaux
1495,services de détection
1496,capacités administratives
1497,efficace
1498,dispositions législatives
1499,rôle attribué
1500,privé
1501,effectuer
1502,concertation
1503,transversaux
1504,expression
1505,mécanisme d' examen
1506,opérationnels
1507,arrêtés
1508,refondre
1509,décision
1510,détournement
1511,se
1512,entraide
1513,décision-cadre
1514,décideurs
1515,exprimer
1516,évaluée
1517,pied
1518,assistance
1519,dialogue
1520,doubles
1521,publication
1522,article 5 confiscation
1523,éradiqueront
1524,réclamer
1525,assurer
1526,compétences
1527,opérationnelle
1528,mécanismes de contrôle
1529,consultations publiques
1530,durable
1531,mise en commun
1532,termes clés
1533,promet
1534,communication de données personnelles
1535,détection
1536,société civile
1537,activité(s )
1538,santé
1539,restitués
1540,réactif
1541,abstenir
1542,oblige
1543,exercice
1544,marche unique
1545,dévoiler
1546,système communautaire
1547,estimations
1548,article 2
1549,soumettra
1550,sensibles
1551,désignés
1552,détourner
1553,rassemblement
1554,cabinets
1555,agences spécialisées
1556,échange
1557,commission administrative
1558,contrôles systématiques
1559,local
1560,leçons tirées
1561,établissement de statistiques
1562,oeuvre
1563,englobe
1564,indicateurs ciblés
1565,porte
1566,assistée
1567,connexes
1568,dialogue privé-public
1569,négociation
1570,améliorer
1571,traités européens
1572,appuyer
1573,implication
1574,instaurer
1575,blanchiment de capitaux
1576,cellule nationale centrale
1577,pont
1578,paiement
1579,échappent
1580,internationales
1581,auto-évaluation
1582,statuts du sebc
1583,inviolabilité
1584,comité consultatif
1585,candidats potentiels
1586,croate
1587,missions confiées
1588,incrimination de la corruption
1589,pacte
1590,définition légale
1591,amende
1592,réseve
1593,préjudiciable
1594,rassemble
1595,coordination
1596,prises en compte
1597,immunité de juridiction
1598,duplication
1599,article 9
1600,entamera
1601,gouverneurs
1602,débattus
1603,enquêtes
1604,traité de l' union européenne
1605,responsabilité pénale
1606,instruction
1607,désignation
1608,agit
1609,conférés
1610,collégial
1611,entrant
1612,compétence partagée
1613,communautés européennes
1614,janvier
1615,entretien
1616,attentive
1617,cadre de relations commerciales
1618,prises en charge
1619,méditerranéens
1620,joue
1621,allocation
1622,existantes
1623,appuyant
1624,contre la victimisation
1625,responsabilités légales
1626,abus de pouvoir
1627,affaires transfrontalières
1628,prises à l' avenir
1629,élimination
1630,légaux
1631,augmentation
1632,délégation
1633,arrête
1634,implications
1635,fédérations belges
1636,étanchéité
1637,cohérence
1638,rôle
1639,probants
1640,insuffisant
1641,doté
1642,droit de vote
1643,icc belgique
1644,recouvrement
1645,commettent
1646,devoirs
1647,passation du marché
1648,ratifiés
1649,administrations nationales
1650,contractuel
1651,engagées
1652,conduire
1653,cadre financier
1654,douze
1655,modifications
1656,vérifications
1657,indicateurs de résultats
1658,suivi anticorruption
1659,avoirs
1660,infraction en matière de taxes
1661,dix
1662,traités
1663,présentera
1664,instument
1665,dans notre entreprise
1666,revues périodiquement
1667,surveillée
1668,fil du temps
1669,demandera
1670,cf.
1671,recel
1672,confiance
1673,service public
1674,assistance opérationnelle
1675,action
1676,assortie
1677,récompense
1678,prononcée
1679,volonté
1680,infliger
1681,fléau
1682,sens de la convention
1683,en gros
1684,valables
1685,avantage financier direct
1686,actives
1687,transfert
1688,article 5
1689,service
1690,vu
1691,dialogue public-privé
1692,changes
1693,global
1694,poursuites
1695,avantage financier
1696,secret professionnel
1697,évaluation du greco
1698,évolutions institutionnelles
1699,autrui
1700,transmission
1701,par la commission
1702,à la société
1703,alarmée
1704,insuffler
1705,examen mutuel
1706,dans la pratique
1707,article 3
1708,valent
1709,double criminalité
1710,élection
1711,sous-objectifs spécifiques
1712,indicateurs
1713,saisies
1714,abroger
1715,à la sécurité commune
1716,collègues
1717,affaires publiques
1718,situations
1719,législatives
1720,corporels
1721,g. alemanno
1722,abrogeant
1723,échanges commerciaux
1724,déloyal
1725,avant-projet
1726,de la commission
1727,système normatif
1728,protocoles
1729,à la signature
1730,indélicat(e)
1731,marchés publics
1732,ancrée
1733,agréées
1734,infractions visées
1735,inexactes
1736,mise en place
1737,déchue
1738,adhésion
1739,extorsion
1740,divergences juridiques
1741,usine belge
1742,on web
1743,aplanir
1744,enquête interinstitutionnels
1745,échanger
1746,compétence
1747,déductible
1748,étayer
1749,évaluations de la société civile
1750,libre circulation
1751,adopté la présente décision
1752,conjointe
1753,mesurer la nature
1754,transparents
1755,enquêtes administratives
1756,entachées
1757,promesse
1758,représailles
1759,icc
1760,prends
1761,évaluation internationaux
1762,contre
1763,règlement 1073
1764,indice de perception
1765,contribution budgétaire
1766,tant internes
1767,pouvoirs de direction
1768,préventif
1769,entend
1770,thématiques
1771,délits
1772,convention europol
1773,élargissement
1774,draghi
1775,formé
1776,ouverture
1777,américaine
1778,appliquée
1779,rapports anticorruption de l' ue
1780,stratégie antifraude de la commission
1781,prédictibilité
1782,rythme
1783,allouée
1784,évaluations
1785,accordera
1786,transition
1787,décimes
1788,inacceptable
1789,comptables
1790,engagent
1791,exécutif
1792,dynamiser
1793,objectif
1794,définitions
1795,droits de l' homme
1796,huit
1797,action nouvelle
1798,intérimaire
1799,ad
1800,ratifié
1801,morales
1802,partenariat oriental
1803,tangibles
1804,proposition
1805,réduit
1806,no 883
1807,perdent
1808,exercer
1809,premier
1810,est-ce
1811,reprogrammation
1812,fonctionnement
1813,renforcement
1814,emploie
1815,conviction
1816,de la banque centrale européenne
1817,analyse systématique
1818,centrée
1819,détectés
1820,victime
1821,procédurales
1822,ce
1823,procèder
1824,à la banque centrale européenne
1825,équilibre
1826,réaliste
1827,transparency international belgium
1828,association
1829,série de protocoles
1830,remodeler
1831,infraction pénale
1832,conventions pénale
1833,combattre la corruption
1834,calculer
1835,crédits
1836,intérieure
1837,culturel
1838,publiques
1839,assemblée générale
1840,analyse comparative
1841,passive
1842,contact
1843,marchés de services
1844,conditionnalité
1845,revenu perçu
1846,infractions
1847,renvoyait
1848,directive
1849,rapport annuel
1850,obstacle
1851,amples
1852,poursuivies
1853,instruments internationaux
1854,réguliers
1855,capacité de l' ue
1856,oubliez
1857,engageant
1858,infractions financières
1859,réunions plénières
1860,considérant
1861,droit pénal
1862,im
1863,changements
1864,convenues
1865,éventuels
1866,fréquence
1867,argent
1868,dépistés
1869,proportionnées
1870,secrétariat
1871,crédibilité
1872,stade avancé
1873,par la belgique
1874,pénal
1875,répressive
1876,différends
1877,fonction de direction
1878,morale
1879,rassembler
1880,enchères
1881,poursuivra
1882,à la coopération
1883,tentation
1884,obstacle au commerce
1885,pays voisins
1886,droit
1887,sanctions pénales
