0,igg
1,étiologiques
2,artériellle
3,endormir
4,désaturation
5,littératur
6,foetale
7,électrodes
8,double
9,patientes séropositives
10,fibroblastique
11,antéroseptales
12,gences
13,antibiotique
14,antiarythmique
15,démographiques.
16,abaisser
17,ventricule gauche
18,toxicité radio-induite
19,plaques
20,mort
21,successifs
22,toxiques
23,paracliniques
24,doppler
25,personnels
26,sains
27,action principale
28,formation
29,plage de deux
30,accumulation
31,génétiques
32,automatiques
33,coefficient de corrélation
34,psychique
35,mise en garde
36,temps
37,organiques
38,tensionnelles
39,défibrillateur biventriculaire
40,artériel
41,sub-saharienne
42,étiologique
43,épisode
44,atrioventriculaires
45,aiguillés
46,myocardiopathies
47,hémorragie
48,bord
49,ampoule
50,libéraux
51,sollicitation active
52,stade
53,angiotensine
54,couchement
55,vieillissement musculaire
56,activer
57,dilatation ventriculaire droite
58,diurne
59,hypertension
60,agressifs
61,interstitielle
62,programmes de prévention
63,veine cave
64,biochimique
65,long terme
66,action
67,myocarde
68,souffrances
69,micro-immunofluorescence
70,remède
71,réabsorption
72,climatique
73,récidivé
74,géographiques
75,congestive fœtale
76,taux de réhospitalisation
77,investissement
78,échocardiographiques
79,compensées
80,cérébral
81,diurétique
82,anti-chronologique
83,fœtus
84,agressif
85,pronostiques
86,système de soins
87,dysthyroïdies
88,courantes
89,méthodes
90,sous-groupes
91,palliative
92,défibrillation-resynchronisation
93,coeur
94,lésion médiastinale
95,électrocardiogramme
96,dupliqué
97,affections
98,hyponatrémie
99,stimulation
100,inhomogène
101,résistine
102,surveillance rapprochée
103,moyen
104,pratique
105,pg
106,pallier
107,surveillance
108,fébrile
109,taux de mortalité
110,renouveler
111,insuffisant
112,enceinte
113,metformine
114,grave
115,hydroxychloroquine
116,court
117,sous surveillance
118,immédiat
119,épreuves
120,ménopause
121,étiologie
122,rétrospective
123,circulatoire biventriculaire
124,atrioventriculaire
125,série de six patients
126,migration de sonde
127,thrombus
128,inexorablement
129,centre
130,battements
131,capacité fonctionnelle
132,échographie
133,supraventriculaires
134,découpée
135,cavité
136,rhumatismales
137,mesurées
138,physiopathologique
139,intensités
140,post-hoc
141,endopelvienne
142,cérébrale
143,étiopathogénie
144,rats
145,travail
146,antiviraux
147,décompensées
148,rétroaction
149,expérimentale
150,heart
151,amyloïdose
152,systèmes d' assistance
153,hypothèse
154,rétention hydrosodée
155,ascite
156,adrénoméduline
157,redoutables
158,techniques
159,cyanose
160,colligé
161,électrolytes
162,radiothérapie
163,harmonieux
164,défibrillateurs
165,musculaire
166,soumettre
167,exacerbations
168,absorption
169,contrecarrer
170,hémorragies
171,oreillette
172,prendre
173,unité
174,paramédicaux
175,taux de bnp
176,phase aiguë
177,force musculaires
178,boissons
179,hypoxémie
180,atriale
181,approches thérapeutiques
182,fibrillation
183,emploi
184,cohorte
185,nourrisson
186,obstétricales
187,antidiurétique
188,biomarqueurs
189,caractérisée
190,communication
191,justification
192,squelettique
193,rhumatologique
194,organisation
195,poussée
196,pré-pectorale
197,bilan
198,pharmacologiques
199,biologiques
200,démence
201,furosémide
202,soulagement
203,insuffisance cardiaque
204,échelle mondiale
205,hypokinétique
206,hépatomégalie
207,musculaires
208,thrombose droite
209,ballonnet
210,latéral
211,hémoculture
212,symptômes
213,implanter
214,ultérieur
215,méthodes de livraison
216,réversible
217,transoesophagienne
218,aortique
219,pression
220,sur la mortalité
221,française de cardiologie
222,post-hospitaliers
223,exercice
224,entourées de fibrose
225,isotopiques
226,fœtoplacentaire
227,lètalité
228,non-spécialistes
229,extrêmes
230,attaque d' apoplexie
231,incessantes
232,étude multicentrique
233,récepteur de clairance
234,ľinsuffisance
235,glitazones
236,endoprothèse
237,constriction
238,isoprotérénol
239,éosinophilie
240,réanimateur
241,surpoids
242,polymédicamenté
243,équipe éducative
244,systèmes
245,diastoliques
246,pertes
247,demi auparavant
248,diabete
249,interrogés
250,hystérectomie
251,choc
252,cohérentes
253,foetaux
254,sous réserve
255,ralentissement
256,fœtal
257,régulatrices
258,myocardites
259,thyroïdiennes libres
260,trompeurs
261,auriculaires
262,prédominantes
263,épidémiologiques
264,ventriculographique
265,étude descriptive
266,cyclophosphamide
267,race
268,prothrombine
269,stimulateurs
270,révélateur
271,échocardiographie-doppler
272,pronostique
273,binaire
274,ventriculaire gauche
275,écoulées
276,endoprothèses
277,endothéline
278,porteurs
279,révélatrices
280,déplacement de sonde
281,malnutries
282,rhumatoïde
283,antitumoraux
284,oxymètres
285,thrombolyse
286,vées
287,urgence
288,récessives
289,intra-veineuse
290,sécuritaire
291,dominantes
292,interdépendant
293,percutanée
294,aspergilloses
295,mise en place
296,hémopathies
297,natriurèse
298,anticoagulation
299,grand obstacle
300,associer
301,volémie
302,micro-angiopathie
303,béribéri
304,myriade
305,couplée
306,protéolyse
307,significatives
308,covariables
309,paramétriques
310,en avant
311,valve
312,ivabradine
313,urgence hypertensive
314,juger
315,constitution
316,électromagnétique
317,souffrant
318,anesthésique
319,bosentan
320,carence
321,cave
322,rétrograde
323,effet indésirable
324,complétés
325,ira
326,cérébrales
327,augmentation d' hospitalisation
328,pacemaker
329,créatinine
330,hémangiome
331,surcharge
332,oeuvre
333,évolution progressive
334,conservée
335,biopsie
336,valvulopathies
337,péricarde
338,classe 1
339,sévère
340,appui sur une théorie
341,évolution
342,toxocarose
343,débit cardiaque
344,auriculo-ventriculaire
345,épanchement
346,hypertensions
347,vacuolaires
348,recommandations
349,orale
350,actifs
351,mise sur pied
352,ischémiques
353,bactériologique
354,associent
355,auto-soins
356,activité spécifique
357,oreillette droite
358,cadence
359,enceintes
360,congolais
361,pompes
362,récepteurs de l' angiotensine
363,sous-cutanés
364,vieillissement
365,viraux
366,technique
367,conduite
368,énergie
369,600fca
370,psychologue
371,active
372,paroxystique
373,déplacements
374,projets
375,rétablissement
376,pulmonaire
377,antiprolifératif
378,sous-ensemble de données
379,ventilatoires
380,sténoses
381,stimulateur
382,prostacycline
383,éjection
384,oxygène de pointe
385,sélénium
386,hypertoniques
387,parent
388,immunosuppresseurs
389,supérieures
390,antiangineux
391,évolutionniste
392,péricardites
393,groupes
394,assistances
395,organes
396,appareil circulatoire
397,congénitale
398,hypothyroïdie
399,congénital
400,aortiques
401,couplage court
402,exérèse chirurgicale
403,cardiologue
404,supérieurs
405,amsacrine
406,mise à jour
407,induction
408,casseurs de ponts
409,activité
410,méthodologie
411,médecine interne
412,soutenue
413,sous anesthésie
414,centrales
415,pouls
416,agissait
417,dépistage
418,anémie
419,chambre
420,sous-jacents
421,sclérose en plaques
422,myocardiques
423,souffle continu
424,génétique
425,endocarties
426,radioactif
427,avitaminose
428,approche globale
429,insuffisance cardique
430,thérapeutique
431,soins de fin
432,aide
433,repos
434,emboliques
435,génitales
436,éducation thérapeutique
437,végétations
438,rétrécissement aortique
439,agressive
440,réanimateurs
441,myélinolyse
442,femme
443,ventricule
444,étroite
445,qualité de vie
446,radiologique
447,hypo-osmolarité
448,clampage
449,hypotension
450,péripartum
451,fibromes
452,par 7
453,cinétique
454,convaincants
455,assistance
456,étude rétrospective
457,duodénales
458,mère
459,revascularisation
460,antithrombotique
461,nitroglycérine
462,interroge
463,myocardlque
464,microcirculatoire
465,étude
466,constrictive
467,récepteur de l' angiotensine
468,postopératoire
469,antithyroïdiens
470,négatives
471,tumeurs
472,néonatales
473,hypocalcémie
474,embolique
475,anthracyclines
476,sous la courbe
477,partielles
478,avancée
479,contre-indication
480,artères
481,épidémie
482,sériques
483,régionales
484,carentielle
485,consécutives
486,tacrolimus
487,immunosuppression
488,services de pédiatrie
489,intervention
490,secondaire
491,éosinophiles
492,marqueurs alternatifs
493,lymphocytes
494,angiomes
495,forme
496,nodulaire
497,automatisées
498,statines
499,muscle
500,greffons
501,doubler
502,contre-indications
503,vle
504,traitement
505,muqueuses
506,cardiologique
507,sous-estimée
508,hypoxie
509,entourage
510,connaissances
511,couplées
512,ancrée
513,radiographie
514,ventriculaire droite
515,pneumatiques
516,cancérologie
517,place de la transplantation
518,précharge ventriculaire secondaire
519,ablation
520,montrant
521,fuites
522,alcooliques
523,oncotique
524,la sonde
525,myxomes
526,courbes
527,echocardiographie
528,bradycardie
529,athéromateuse
530,rétrécissement valvulaire
531,à la greffe
532,télésurveillance
533,bilatérales
534,prise en charge
535,stimulateur biventriculaire
536,myocytaire
537,parasympathique
538,épreuve
539,placebo
540,postéro-inférieure
541,stimulation cardiaque
542,doses
543,production de cellules
544,intensité
545,adénovirus
546,rénales
547,"plage de 0,39"
548,articulaire
549,paroi
550,diététiques
551,services de cardiologie
552,sténose
553,codes de cim
554,infection
555,interaction
556,impédancemétrie
557,antihypertenseurs
558,tendent
559,réentraînement
560,contre-traduits.
561,anticytoplasme
562,déclampage
563,mois
564,flux
565,européenne de cardiologie
566,artérielle
567,rattachent
568,machines
569,leucémies secondaires
570,onéreux
571,thrombi
572,pédicules
573,cellulaire
574,mise
575,post-hospitalière
576,structure
577,cardiaques
578,reins
579,contre-pression
580,pulmonaires
581,cathétérisme
582,myocardique
583,angioplastie
584,prévention primaire
585,moelle
586,démographiques
587,délétères
588,saharienne
589,éducation du patient
590,efficacité
591,natriurétique
592,co-morbidité
593,lacunes
594,effets immédiats
595,fonctionnelle
596,vecteurs
597,saisons de pluies
598,stabilisants de membrane
599,soins en fin
600,artériosclérose
601,patientes
602,postpartum
603,implanté
604,endovasculaire
605,endomyocardique
606,radiographie thoracique
607,nord
608,élimination
609,jugés
610,transthoracique
611,production de cytokines
612,non-répondeurs
613,poumon
614,adénoviraux
615,série de pathologies
616,profil
617,double chambre
618,manques de personnel
619,de sondes
620,séquestrationextralobaire
621,enregistrement
622,suggérant
623,dresser
624,castration
625,inotropes
626,chimiothérapie
627,asystolie
628,myocardiopathie
629,amlodipine
630,patiente
631,cardiaque
632,partie 1
633,concurrent multifactorielle
634,infarctus
635,peropératoire
636,dosage du bnp
637,pré-implantation
638,coronaropathies
639,anse
640,micro-éveils
641,fréquent
642,intubation
643,exercices
644,vitro
645,lipomes
646,défibrillateur
647,oncocitémie
648,transculturelle
649,allongé
650,non-compaction
651,intraveineuses
652,étude qualitative
653,thrombose
654,urgences
655,fuites valvulaires
656,physiopathologiques
657,œsophagien
658,6e
659,hypertrophie
660,hypervascularisées
661,grand intérêt
662,index de masse
663,infectieuses
664,peptides
665,point de vue
666,équimolaire
667,pronosgtic
668,car
669,filtrations
670,circulation
671,échocardiographique
672,droit
673,inotropisme
674,rentables
675,hypo-oncocitémie
676,coronaire gauche
677,résistance
678,prolongeants
679,électromécaniques
680,inefficacité
681,généraux
682,cavités
683,salée
684,béribéri cardiaque
685,natriurétiques
686,circulatoire
687,dilaté
688,staphylocoque
689,valvulaire
690,indométacine
691,énergétique
692,mise sur le marché
693,expansion
694,induite
695,contraction
696,accident
697,technologie
698,pile
699,oxydatives
700,para-annulaires
701,non-invasive
702,troponine
703,indésirables
704,affiliation
705,évolutives
706,rétention d' eau
707,eau
708,circulations
709,de sonde
710,nodule
711,échocardiographies
712,augmentation
713,retenu
714,mise en tension
715,comparaison primaire
716,dilatée
717,pneumothorax
718,extracorporelle
719,vitesse de propagation
720,insuffisant cardiaque
721,thyrotoxicose
722,peptide natriurétique
723,intercurrente
724,oreillettes
725,congestive secondaire
726,surcharge en sel
727,congestion
728,système rénine-angiotensine-aldostérone
729,incapacités
730,association
731,bioélectrique
732,hypokinésie
733,abdomen
734,révélateurs
735,technologiques
736,isotopique de repos
737,implantables
738,antihypertenseur
739,traitement spécifique
740,suites
741,rhumatisme
742,dérivé
743,implantation
744,demi
745,satellite
746,émotionnel
747,anti-vitamines
748,échographiques
749,arrêt
750,hypersensibilité
751,périopératoire
752,thyréotrope
753,admissions
754,batts
755,embolie
756,bras
757,apprentissage
758,artère rénale
759,écarts
760,thromboembolique
761,goitre multinodulaire
762,alkylants
763,soins tertiaires
764,bradykinine
765,intervalles spécifiques
766,échocardiagraphique
767,croyance courante
768,internes
769,hémiplégie
770,remplissage
771,cérébraux
772,hyperthyroïdie
773,opératoires
774,électrocardiographique
775,pédiatres
776,entraînement
777,cellules endothéliales
778,ml
779,postcapillaire
780,auriculoventriculaire
781,fumeurs
782,modernes
783,secondairement
784,endomyocardiques
785,stimulation biventriculaire
786,distribution
787,montré
788,diurétiques parentéraux
789,porteuse
790,conduction
791,péricardique
792,dérivés
793,phosphodiestérases
794,insuffisances
795,radiologiques
796,héparines
797,sèche
798,analyse multivariée
799,extracellulaire
800,squelettiques
801,échographie-doppler
802,post-charge ventriculaire
803,bnp
804,asymptomatique
805,patient
806,autodétermination
807,fermeture du canal
808,masse
809,sous la forme
810,emblée
811,fraction de raccourcissement
812,congestion veineuse
813,morphologique
814,thérapeutiques
815,hémorragiques
816,contrebalance
817,paclitaxel
818,décompensés
819,interféron
820,écho-doppler
821,stéroïdes
822,sous -
823,co-morbidités
824,rapprochant
825,générés
826,cirrhose
827,apnéiques
828,physique
829,peptides natriurétiques
830,pioglitazone
831,antérieurement
832,machine
833,handicapés
834,système rénine–angiotensine–aldostérone
835,sodium
836,secondaires
837,hypertensive
838,tachycardies
839,humeur
840,cellulaires
841,augmentation de la concentration
842,éducation
843,améliore
844,hémoglobinémie
845,gènes
846,transrénale
847,circulantes libres
848,actif
849,française
850,réinductibles
851,vasculaires
852,alternative
853,arrêter
854,stade évolué
855,français
856,anamnestiques
857,cardiologues
858,forts
859,supplémentation
860,pro-inflammatoires
861,fractionnelle
862,physiopathologie
863,gestité
864,ans
865,opératoire
866,ventri
867,enfants
868,révélatrice
869,polymorphisme
870,sécrétée
871,affectif
872,oxydation
873,réseau routier
874,dysfonction diastolique
875,biomarqueur
876,hommes
877,peropératoires
878,taux de filtration
879,azolé
880,double dans trois
881,mise en route
882,induits
883,péri-opératoires
884,courant
885,infarci
886,abouchait
887,sous circulation
888,thromboses
889,dilatation
890,dosage rapide
891,oxygénothérapie
892,embolisation percutanée
893,activés
894,basses
895,turbine
896,apport
897,maternelle
898,macrophages
899,boîtiers de petite taille
900,oncopédiatre
901,courte durée
902,soins
903,bris de sonde
904,centre de cardiologie tertiaire
905,bactériologiques
906,nucléaire
907,pharmacocinétique
908,extracardiaque
909,péjoratif
910,sous-groupe
911,à la transplantation
912,angine
913,inexpliquée
914,antiarythmiques
915,chimiothérapies
916,dosage
917,paroi libre
918,polynucléaires
919,concentrations de cystatine
920,grasse
921,transcriptase-polymerase
922,myocytes
923,congénitales
924,grand
925,approche pluridisciplinaire
926,éprouvés
927,sous
928,battement
929,expansion volémique
930,bronchopneumopathie
931,buts
932,infracellulaires
933,perfusion
934,cardiovasculaires
935,incitent
936,endocardites
937,artère
938,maniable
939,endocardique
940,changements
941,effet de lutter
942,métastatiques
943,sénile
944,coronaire droite
945,hypoxies
946,fœtales
947,effets bénéfiques
948,bronchopulmonaire
949,stimulation multisite
950,centre de réadaptation
951,myalgies
952,nébuleuse
953,transgénique
954,insuffisance rénale
955,dosages
956,antivitamines
957,échappement
958,remplissage court
959,auto-immune
960,décompensée
961,services
962,myopathie
963,échocardiogramme
964,performances
965,athéroscléreuses
966,oxygène d' appoint
967,rein
968,amyloses
969,resynchronisation
970,rénine-angiotensine
971,surveillance de ces tératomes
972,oxygène
973,tolérance
974,endocardite
975,oncologues
976,diabète
977,ré-admission
978,hyperkinésie
979,dysfonction
980,hyperéosinophilie
981,méthode
982,amélioration
983,congestive
984,international
985,vitesse systolique
986,suite
987,financier
988,en milieu
989,transplantation
990,décompensation
991,immunofluorimétriques
992,malformation
993,torsades
994,thrombopénie
995,études antérieures
996,cohortes
997,angiographie
998,patience
999,parois
1000,prostaglandines
1001,relaxation
1002,tension
1003,antiplaquettaires
1004,extra-corporelle
1005,artériopathie
1006,points
1007,distension
1008,tout-trans-rétinoïque
1009,endoluminale
1010,résistances
1011,adrénergiques
1012,hypertrophique
1013,sance cardiaque
1014,atteinte thyroïdienne
1015,apnées-hypopnées
1016,réticulohistiocytose multicentrique
1017,gymnastique
1018,régurgitation
1019,sous-utilisés
1020,induites
1021,interatrial
1022,clivage
1023,post-infarctus
1024,récepteurs
1025,prothèse valvulaire
1026,accouchements
1027,dénutrition
1028,diabétiques
1029,bioprothèse
1030,galop
1031,séquellaires
1032,rémission
1033,insuffisance cardiaque droite
1034,distendre
1035,amélioration fonctionnelle
1036,hémangiomes
1037,promeut
1038,métabolisme
1039,aspirine
1040,cause primaire
1041,admission
1042,sécurité
1043,congestives
1044,hémodynamique
1045,branche gauche
1046,changement
1047,thyroïdectomie
1048,prévalence
1049,synthèse
1050,cardiaque gauche
1051,face
1052,adaptation de l' immunosuppression
1053,systolique
1054,prenant
1055,myocardite
1056,ajusté
1057,volets
1058,embolisation
1059,combler
1060,grossesses
1061,associées
1062,flux aortique
1063,facteurs de risque
1064,unités de soins
1065,recul
1066,relaxer
1067,endothéliale
1068,se
1069,dilatation ventriculaire gauche
1070,carcinoïdes
1071,midodrine
1072,reprise
1073,c2
1074,hypercapnie
1075,système rénine-angiotensine
1076,ventricules
1077,cinquième
1078,thrombolytiques
1079,protéines
1080,probnp
1081,maîtrise
1082,peripartum
1083,système de conduction
1084,groupes de patients
1085,entérocolite
1086,grandes
1087,indéterminée
1088,effets secondaires
1089,réadmission
1090,remise en question
1091,stress
1092,bronchique
1093,antibiothérapie
1094,convergence
1095,anticorps
1096,pompe
1097,utilisation courante
1098,résonance magnétique
1099,postopératoire immédiate
1100,intriquées
1101,pneumologique
1102,appel téléphonique
1103,souffert
1104,hyponatrémies
1105,approche intégrée de soins
1106,expression
1107,hématopoïétiques
1108,valvulaires
1109,multivariée
1110,type 2
1111,contrepulsion
1112,évolutions
1113,réseau
1114,mutations
1115,lignes directrices
1116,résonance
1117,perméabilité
1118,ulcéronécrosante
1119,leucémies
1120,thiazolidinediones
1121,subite
1122,du baroréflexe
1123,saison de pluies
1124,inopérable
1125,molécules
1126,transductal
1127,nécrose
1128,hautes
1129,nécropsiques
1130,biodisponibilité
1131,norépinéphrine
1132,trachomatis
1133,thiamine
1134,diabétique
1135,cohérence
1136,traitements spécifiques
1137,indépendant
1138,automatique
1139,thrombo-emboliques
1140,poussées
1141,mise au point
1142,tertiaire
1143,rr
1144,processus continu
1145,hypertensives
1146,sang
1147,hémocultures
1148,ultérieure
1149,systèmes de soins
1150,antécédent cardiaque
1151,éjection ventriculaire
1152,embryogenèse
1153,ventriculaire
1154,retentissement
1155,détectés
1156,aiguë
1157,avancées thérapeutiques
1158,prenantes
1159,électroencéphalogramme
1160,rique
1161,externe
1162,mises en place
1163,insuffisants
1164,remplacement
1165,embolie pulmonaire
1166,péricardite
1167,calcium
1168,préopératoire
1169,codes
1170,veineuse
1171,gêne fonctionnelle
1172,mécanique
1173,transition
1174,laryngée
1175,pneumoniae
1176,anesthésie
1177,centres français
1178,huit
1179,valables
1180,flux de remplissage
1181,défaillance multiviscérale
1182,induit
1183,épidémiologique
1184,électrocardiographie
1185,appareil
1186,implantable
1187,contrepulsation externe
1188,pro
1189,spondylarthrite
1190,lymphomes
1191,taux de cystatine
1192,morts
1193,polyarthrite
1194,dose
1195,plaquettes
1196,complexe
1197,morphologiques
1198,hémoglobine
1199,utérine
1200,surcharge de pression
1201,élève
1202,3e
1203,physiologiques
1204,test
1205,clairance
1206,paraclinique
1207,agressivité
1208,sombre
1209,prophylactique
1210,artérielles
1211,tachycardie
1212,hypothèses évaluées
1213,intriquer
1214,associations
1215,angor
1216,statistique
1217,thiaminémie
1218,en main
1219,incapacité
1220,recul de 5
1221,échocard
1222,allonger
1223,autosomiques
1224,échocardiographie
1225,contractiles
1226,marqueurs
1227,diastolique
1228,économique
1229,électriques
1230,surveillance cardio-vasculaire
1231,hémodynamiques
1232,anatomopathologique
1233,thrombophilie
1234,natriuretic
1235,stratégies de prévention
1236,sous-jacente
1237,adulte
1238,conversion
1239,systèmes de santé
1240,endurance
1241,thromboemboliques
1242,matrice
1243,explanter
1244,hypokinétiques
1245,sodé
1246,insuffisance
1247,méthodes de dosage
1248,systoliques
1249,prophylaxie
1250,fatigue
1251,pression artérielle
1252,mouvement
1253,pronostic
1254,moléculaire
1255,prometteurs
1256,marche
1257,aidants
1258,manier
1259,valves
1260,roulant
1261,plateau
1262,rhabdomyomes
1263,externes
1264,ventriculaires
1265,acquisition
1266,formes
1267,foetal
1268,le sang
1269,dyspnée aiguë
1270,séronégatives
1271,palliatifs
1272,auriculaire
1273,vingt patientes
1274,insu
1275,rétrospectif
1276,atteintes de cancer
1277,grossesse
1278,gestes
1279,dilatées
1280,pression diastolique
1281,mortalité
1282,évolution démographique
1283,réseaux
1284,adénosine
1285,anévrisme
1286,génique cardiaque
1287,propos
1288,postopératoires
1289,pré-probnp
1290,maladaptées
1291,interindividuelle
1292,pointe
1293,peptide
1294,fistules
1295,anti-aldostérone
1296,chloroquine
1297,étiologies
1298,asynchronisme
1299,échelle spécifique
1300,nésiritide
1301,communications
1302,légères
1303,stratégies de réduction
1304,fréquence
1305,auricule gauche
1306,affection
1307,contractile
1308,sommeil
1309,récupéré
1310,génériques
1311,300pg
1312,système de santé
1313,amyloïde
1314,coronaropathie
1315,mécaniques
1316,orthotopique
1317,asymptomatiques
1318,itraconazole
1319,galectine-3
1320,aldostérone
1321,rendement
1322,métastases
1323,charge
1324,intrapleurales
1325,ischémique
1326,auriculo-ventriculaires
1327,multisite
1328,technologies
1329,antérieur
1330,broncho-pneumopathie
1331,défaillances multiviscérales
1332,dépression
1333,progressive
1334,soins de confort
1335,greffe
1336,surveillance permanente
1337,diurèse
1338,antécédents
1339,carcinoïde
1340,héparine de bas
1341,stables
1342,auteurs
1343,ccc
1344,implantés
1345,desmosomes
1346,élevée
1347,surveillance cardiaque
1348,grossesse gémellaire
1349,université
1350,dynamique
1351,électrocardiographiques
1352,mâles
1353,cellules
1354,rassemblant
1355,récupération
1356,hémodynamique droite
1357,réadaptation
1358,mtor
1359,somnolence
1360,biventriculaires
1361,cardiopathies
1362,sousjacente
1363,héparine
1364,sarcomes
1365,hydroélectrolytique
1366,biventriculaire
1367,innocuité
1368,œsophage
1369,adénopathies
1370,protéine
1371,inactif
1372,sacrococcygien
1373,aveugle
1374,salé
1375,antimétabolites
1376,antipaludéens
1377,idiopathiques
1378,travail ventriculaire gauche
1379,contractilité
1380,post-partum
1381,isomérisme gauche
1382,urémie
1383,enfance
1384,intraventriculaires
1385,filtration
1386,récepteur
1387,endothélial
1388,global de transition
1389,dysfonction systolique
1390,noradrénaline
1391,patients
1392,dialyse péritonéale
1393,hyposodé
1394,mécanismes de signalisation
1395,pistes
1396,centrer
1397,apnées
1398,américaines
1399,oedemes
1400,développement socio-économique
1401,circulant
1402,doses de médicaments
1403,prometteur
1404,répondeurs à ce traitement
1405,pourvoyeuses
1406,anneau tricuspide
1407,entité
1408,aériennes
1409,paires de données
1410,isotopique
1411,souches
1412,double aveugle
1413,réversibles
1414,décès
1415,antiplaquettaire
1416,testt
1417,développement
1418,rythme
1419,échelle locale
1420,aggravantes
1421,inexpliquées
1422,dysfonctionnement rénal
1423,électrique externe
1424,hypertensif
1425,post-ischémique
1426,index
1427,hypertendus
1428,régression
1429,valvulopathie
1430,œdème
1431,minéralocorticoïde
1432,métabolites
1433,carences
1434,associée
1435,néonatale
1436,aléatoire
1437,diurétiques
1438,orthostatique
