0,nadelen
1,antihypertensivum
2,demping
3,trager
4,niertubulus
5,niet-cardiale
6,kaart
7,fluorescent resonance energy transfer
8,vaatziekten
9,gissi-he
10,1dd
11,stijging
12,corrigeren
13,behandeladvies
14,nieren
15,moeizaam
16,triphosphate
17,innemen
18,groeifactoren
19,cava
20,wijzen
21,stopgezet
22,stabiliseren
23,tabel
24,recidiefmyocardinfarct
25,halveer
26,zit
27,5fu-toxiciteit
28,zeurende
29,behandelwijzen
30,cytotoxische
31,verband
32,waterpas
33,overbruggingsprocedures
34,hemodynamisch
35,uitsluit
36,afname
37,capaciteit
38,perfusie
39,linkerventrikelfunctie
40,bronchitis
41,verandert
42,polsgolf
43,werkingsmechanisme
44,meten
45,chirurgie
46,pretransplantatiekandidaten
47,gang
48,ace-remming
49,zorgverleners
50,geëxtrapoleerd
51,kleplijden
52,revascularisatie-ingreep
53,zeldzame
54,weergegeven
55,studie
56,verslechtering
57,offspring
58,comedicatie
59,moeheid
60,afwijkende
61,pillen
62,onderkend
63,bestonden
64,overeenkomst
65,ijzergebreksanemie
66,koude acra
67,dialysetherapie
68,veronderstelling
69,placebogebruikers
70,eindpunten
71,pneumonie
72,nycturie
73,verpleegkundigen
74,paragraaf
75,remmen
76,afgebroken
77,klinische beoordeling
78,dihydropyridines
79,therapietrouw
80,onderling
81,hartchirurgie
82,mechanische
83,tegenaanwijzingen
84,klassen
85,behandelgroepen
86,diclofenac evenals
87,ontslag
88,triamtereen
89,naasten
90,hoeksteen
91,enkeloedeem
92,placebopil
93,remmer
94,daling
95,mmhg
96,systemische
97,cohortonderzoek
98,vermoeden
99,controlemogelijkheden
100,proefschrift
101,vormt
102,gecontraïndiceerd
103,disciplines
104,door een cardioloog
105,angina pectoris
106,toegediend
107,gemeten
108,drietal
109,elite-onderzoek
110,aortaklepstenose
111,voortschrijden
112,thalidomide
113,exclusiecriteria
114,gedragen
115,overschaduwt
116,stappen
117,angiotensine-converterend-enzym
118,meebeoordeeld
119,plaatjesremmers
120,thymidinefosforylase
121,in-
122,trombi
123,beurt
124,scoorden
125,stuwing
126,vergelijkend
127,abstinentie
128,aortae
129,acetylsalicylzuur
130,pleuravocht
131,vastgesteld
132,dutp
133,verbreed
134,verdragen
135,aldosteronreceptorblokker
136,arbs
137,onstabiele
138,volume-
139,sterven
140,veroudering
141,kweken
142,multifactoriële
143,aanmoeten
144,cm.
145,glitazones
146,congestief
147,uitgedrukt
148,inspanningstolerantie
149,controleharten
150,baseline bnp
151,agonistische
152,aldosteronreceptoren
153,beluisterde
154,uitstellen
155,langere
156,risico
157,herhospitalisaties
158,latent
159,overleving
160,informatienetwerk
161,mitralisklep
162,wandspanning
163,waterig ascitesvocht
164,toedienen
165,vermageren
166,contractieverloop
167,mmol
168,geïnstrueerd
169,resynchronisatietherapie
170,aii-antagonisten
171,borst
172,statine
173,overwogen
174,in
175,nauwgezetheid
176,afdrukken
177,nut
178,65e
179,captoprilgebruik
180,aanbevelingen
181,voeren
182,kussentje
183,vat
184,ejection fraction
185,darmischemie
186,aangegeven
187,hartaanval
188,aspecifiek
189,pacemakers
190,niet-acute
191,spiercelverlies
192,diureticadoseringen
193,cardiale-resynchronisatietherapie
194,aanvraaggedrag
195,inspannings-ecg
196,meededen
197,omgekeerd
198,in te vullen
199,toepassingen
200,pmol
201,diagnostische onderzoeken
202,centrale rol
203,perindopril
204,hoekstenen
205,etnische
206,op
207,breedte
208,doeltreffender
209,aspirin
210,min
211,eenduidig
212,procedures
213,gamma-gt
214,medische
215,klasse iii
216,assays
217,geë-valueerd
218,extremiteiten
219,vermijden
220,achterhaald
221,ruwweg
222,dichtheid
223,indeling
224,erfelijke
225,coumarines
226,samengaat
227,orthostatische hypotensie
228,geboekte
229,vullingsdynamiek
230,dorstgevoel
231,rd
232,echo
233,levervenen
234,diagnostische traject
235,tempo
236,1b
237,tweesnijdend
238,verstrengeling
239,harttransplantatie.2
240,over het sterven
241,voorkamerfibrillatie
242,niet-medicamenteus
243,fluoropyrimidine fluorouracil
244,achilleshiel
245,wachtlijstkandidaten
246,accelerometer-eenheden
247,adviezen
248,2b
249,natriuretisch peptide
250,man
251,herhalingen
252,versterking
253,plasma-bnp-concentratie
254,keken
255,vermogen
256,polikliniekbezoek
257,weefsels
258,beleving
259,logisch
260,tachypneu
261,gewichtscontrole
262,oversterfte
263,preventieve
264,av-blok
265,lichaamslengte
266,zelfmedicatie
267,vergroten
268,mdr
269,basistherapie
270,werkgroep
271,zenuwstelsel
272,cardiologen
273,vervolgfase
274,systemisch
275,communiceert
276,clinic
277,1x
278,voeg
279,hartfrequentie
280,orgaan
281,verdraagbaarheid
282,aanwinst
283,voorlichting
284,epidemiologie
285,roche-diagnostics
286,optitreren
287,meegenomen
288,off-labelgebruik
289,getild
290,morbiditeit
291,opnieuw
292,perifere
293,onderzoeksvragen
294,losartangebruikers
295,wij
296,spirometrie
297,losartan-
298,latje
299,hartactie
300,cardiology
301,voor-
302,ventrikelfunctie
303,cardiovasculaire
304,kritiek
305,luchtwegobstructie
306,ouderen
307,activiteit
308,dieettherapietrouw
309,afhangt
310,behandelaar
311,gesproken
312,zorgvoorzieningen
313,hanteerden
314,onderzoeksgroep
315,proces
316,nagenoeg
317,cardiale pompfunctie
318,kunstklep
319,symptoom
320,hernieuwd
321,vernieuwde richtlijnen
322,receptoren
323,stroomt
324,lvef-daling
325,verpleeghuisbewoners
326,speurtocht
327,passen
328,inspannen
329,methodologische
330,anp-
331,echografie
332,combinatie
333,digitalispreparaten
334,vertraagde
335,zoektocht
336,hartstilstand
337,stimuleren
338,zicht
339,werkte
340,biochemisch
341,klinische bewijzen
342,vergrote lever
343,verwerkings-
344,ingesteld
345,overigen
346,pulmonaal
347,vervalt
348,geriater
349,nadenken
350,pluspunt
351,preventief
352,aanpassingsproces
353,sublinguaal
354,toelaat
355,vertraging
356,eiwit
357,galop
358,eigenschappen
359,lopen
360,subgroep
361,verwijzing
362,mellitus
363,heropgenomen
364,thermocardiosystems
365,therapeutisch
366,toring
367,trandolapril
368,cardiologenpanel
369,telemonitoring
370,uitspraken
371,vlak
372,tegenstanders
373,opstarten
374,gedilateerde cardiomyopathie
375,constrictie
376,raadplegen
377,"36,0°c"
378,abdomen
379,redactioneel
380,niet-gerandomiseerde
381,vaten
382,kg-1
383,efficiëntere
384,obgvm
385,bnp-gehalte
386,crt-d
387,kaderhuisarts
388,benader
389,resultaat
390,onderworpen
391,nitraten
392,werkingsmechanismen
393,tachycardie
394,haloperidol
395,technieken
396,45-jarige man
397,handen
398,kliniek
399,drukwisselingen
400,ziekenhuizen
401,correlatiecoëfficiënt
402,polyfarmacie
403,asat
404,pacing'-pacemaker
405,opvolgen
406,praktische
407,cavum douglasi
408,toepassen
409,nsaid's
410,aldosteron
411,onderkenning
412,gevalideerd
413,doorgestuurd
414,terughoudend
415,prostaathypertrofie
416,programma
417,diuretische therapie
418,verrichtten
419,stilgehouden
420,gemetastaseerde
421,dubbele
422,organen
423,framingham
424,interacties
425,gedemonstreerd
426,bradyaritmieën
427,belemmert
428,aangeraden
429,bel
430,overeenkomt
431,bnp-uitslag
432,copernicus-studies
433,thuisinfusie
434,onacceptabel
435,chemotherapie
436,mag
437,begeleiding
438,nitraatgebruik
439,diuretisch
440,breken
441,vo2-piek
442,coumarine
443,overleven
444,niet-coronaire
445,natriumarme
446,reviewers
447,onder 607
448,nageleefd
449,significant
450,beluisterd
451,aandoening
452,slagvolume
453,supraventriculaire
454,inotrope
455,diureticabeleid
456,h2o
457,hulp
458,endotheelfunctie
459,achterhalen
460,natriumretentie
461,hartschade
462,onderste
463,urgentie
464,serumkalium
465,lactaatacidose
466,verbrede ictus
467,tricuspidalisklepvlak
468,3dd
469,alternatief
470,vaatverwijdende
471,cytokinen
472,door
473,biomedicine
474,presentatie
475,dm2
476,onderzoeksmethoden
477,systolisch
478,waarschijnlijkheidsdiagnose
479,alogliptine
480,dachten
481,aanslag
482,experimenten
483,kunstharten
484,hartfalenprogramma's
485,darm-
486,stuurde
487,richten
488,afstandsmeting
489,rechterventrikel
490,micro-
491,palliatie
492,linkerventrikelhypertrofie
493,voorschrijfgedrag
494,steeg
495,drukmeting
496,orde
497,definitie
498,preventie
499,coenzym
500,actief
501,verwardheid
502,vernieuwde stroomdiagram
503,harttransplantatie
504,myocardinfarct
505,middelen
506,lijden.14
507,troglitazon
508,afwachting
509,waarnemer
510,houden.1
511,roche-therapeutics
512,remming
513,beoordeling
514,gewichtsreductie
515,microalbuminurie
516,stomp
517,niet-selectieve
518,gehanteerd
519,oog
520,ventrikelfibrillatie
521,spironolactongroep
522,uitermate
523,verbaast
524,eindpunt
525,spierkracht
526,centraalveneuze
527,vertraagde absorptie
528,craniaal
529,toxiciteit
530,coronaire
531,diëtist
532,hulpverleners
533,biochemische
534,ingreep
535,verplegen
536,klasse 2
537,onveranderd
538,doel
539,natriumsuppletie
540,behandeldoel
541,drukpijn
542,betrof
543,uitgesprokener
544,samenhangt
545,recuperatie
546,gecombineerd
547,kalium
548,biomedische
549,buik
550,type 2 diabetes
551,binnen
552,cardiaca
553,uitslag
554,mengelmoesje
555,acetylsalicylaat
556,crp
557,neprilysine
558,uitkomstmaat
559,auteur
560,kijf
561,klinische les
562,hba1c
563,afbraak
564,gewichtsneutraal
565,nt-pro
566,inspelen
567,langer
568,longvaatbed
569,output
570,hypercapnie
571,levensjaar
572,matrixverval
573,behandeling
574,pneumokokkenvaccinatie
575,bespraken
576,bolustoediening
577,verboden
578,mensen
579,overwegen
580,na-
581,ace-remmer
582,slaapstoornissen
583,derdegraads
584,hydrochloorthiazide
585,one-stop shop
586,instelt
587,fret
588,algehele
589,zuurstofopnamevermogen
590,samenhang
591,l.
592,opwegen
593,diarree
594,zekerheid
595,mening
596,vervolgonderzoek
597,verantwoord
598,excavatio
599,mechanismen
600,subendocardiale
601,aterogenese
602,stand van zaken
603,probe
604,endo-
605,standaardlab
606,klinisch syndroom
607,discussies
608,pathofysiologie
609,rechterbovenbuik
610,men
611,deelverantwoordelijkheden
612,nierfunctieverslechtering
613,interstitieel
614,conditietraining
615,type-2
616,bijscholing
617,wand
618,bewerkstelligen
619,kwaad
620,cyp2c9
621,copd-ers
622,overweging
623,aanbevolen
624,commentaar
625,klacht
626,isosorbidemononitraat-gebruikers
627,longstuwing
628,lichamelijke
629,behandelen
630,horizontaal
631,gedecompenseerd
632,ventrikelfrequentie
633,onderzocht
634,bocht
635,heropnames
636,onzekerheid
637,onmisbaar
638,pathognomonische
639,sluiten
640,conditie ontslagen
641,chemotherapeutische
642,concentratie
643,ondervinden
644,bronchoconstrictie
645,vertroebelen
646,euvolemie
647,centimeters
648,niet-medicamenteuze
649,ontstane
650,hf
651,afhankelijk
652,karakteristieke condensatie
653,zodanig
654,follow-upduur
655,negen
656,remmend
657,genoemde
658,bejaarden
659,niet-fataal
660,vaatwand
661,review
662,weergeeft
663,vaatstenoses
664,veranderden
665,reizen
666,ontraad
667,klepafwijkingen
668,zorginstellingen
669,stelden
670,clinicus
671,doen
672,ondervertegenwoordigd
673,gemeld
674,anti-inflammatoire
675,myocyten
676,voorstadium
677,remde
678,afkapwaarde
679,overwegen om de dna-test
680,voorzichtig
681,basisartsen
682,oestrogeenagonistische
683,pretransplantatiepatiënten
684,hervat
685,overgeplaatst
686,decompensatio
687,helpt
688,nauwkeuriger
689,ischemisch
690,eindfase
691,isosorbidemononitraat
692,captoprilgebruikers
693,inspanning
694,druk
695,driemaal
696,longembolie
697,insufficiëntie
698,respiratoire
699,speckle-echo
700,zuurstof
701,diclofenac
702,kamerstimulatie
703,mitralisklepafwijking
704,echocardiografisch
705,leerpunten
706,per
707,percutane
708,onderscheiden
709,huidtemperatuur
710,navraag
711,vermoeidheid
712,waarden
713,bepalingen
714,kortetermijnveranderingen
715,voeten
716,langetermijneffect
717,relaxatieverloop
718,vliegtuig
719,gezet
720,vaatziekte
721,gepaste
722,misselijkheid
723,a.
724,nierschade
725,palliatieve
726,pro-breinnatriuretisch
727,vergrijzing van de bevolking
728,bevestigen
729,posities
730,blood institute
731,practitioner
732,bewaarde
733,passend
734,systole
735,ondergrond
736,inleidende
737,inbegrip
738,waardevol
739,diureticadosis
740,infarct
741,verwaarloosbaar
742,parasympatische activiteit
743,rekatheterisatie
744,synergistische
745,onrust
746,allicht
747,meldde
748,dna
749,ladderpatroon
750,multipel
751,tekort
752,aangezogen
753,voorvallen
754,brieven
755,hyper-
756,eerstehulpafdeling
757,gewicht
758,gecontroleerd
759,risicofactoren
760,nachtelijke
761,renine-angiotensine-aldosteron
762,uitsluitingscriteria
763,perioperatief
764,stabiel
765,hersteld
766,renine-angiotensine-antagonisten
767,doorgegeven
768,diureticaresistentie
769,dose hypotension
770,empa-reg
771,cardiovasculair
772,microcytair
773,alcoholgeïnduceerde
774,frequentie
775,pro-bnp
776,vestigen
777,diastolische druk
778,stroomdiagram
779,onduidelijkheden
780,tricuspidalisinsufficiëntie
781,richtlijnen
782,vochtinname
783,ontbreken
784,borstholte
785,kindertijd
786,literatuur
787,destilleren
788,ischemische
789,lijk
790,bucindolol
791,aanmerking
792,noodzaak
793,beoordeeld
794,kruiden
795,gedragsmatige
796,diagnostische waarde
797,vervangt
798,gemarkeerde collapspunt
799,renine-angiotensine-aldosteron-systeem
800,dynamiek
801,diafragma
802,rosuvastatine
803,publicatie
804,gastroscopie
805,antibiotica
806,gewichtstoename
807,voorkómen
808,verhoging
809,bijwerking
810,diabetespatiënten
811,aandoeningen
812,aldosteronantagonisten
813,derde
814,calciuretisch
815,haldol
816,biventriculaire
817,hartas
818,nefroloog
819,t2dm
820,validatie
821,cytotoxisch
822,omwille
823,ontbraken
824,aldus
825,duurtraining
826,richtlijn
827,apparatuur
828,aanvullend
829,fluorouracil-prodrugs
830,pulmonale
831,heviger
832,klinische praktijk
833,ondersteuningspompen
834,voorlopige resultaten
835,optitreerfase
836,blokkers
837,opsporen
838,bovengenoemde
839,referentiepunt
840,benauwdheid
841,amiloride
842,geleidingsstoornis
843,ace
844,b-type-natriuretische
845,varianten
846,doordat
847,vermeden
848,verkorting
849,inschatten
850,afkapwaarden
851,mortaliteit
852,gestuwde lever
853,diabetische
854,bloeddruk
855,comorbiditeit
856,telden
857,gedeblokkeerd
858,vochtverlies
859,basisreanimatie
860,digoxine
861,stijgen
862,ferritinewaarde
863,matig
864,conclusie
865,gestimuleerde
866,kwantificeren
867,natri-uretische
868,trouw
869,fibrinolytische therapie
870,wikkelhart
871,meetpunt
872,niet-acute kortademigheid
873,nagaan
874,vlakke hand
875,woburn
876,zover
877,spoedeisend
878,beëindigd
879,vergroot
880,auc
881,uitlokkende
882,opgezet
883,waterdunne
884,zoutrestrictie
885,teruggeresorbeerd
886,chf-diagnose
887,zuurstofsaturatiemeting
888,borstkanker
889,µg
890,eenheden
891,halfwaardetijd
892,tegenaanwijzing
893,hfbef
894,aanpassing
895,gericht
896,gepaard
897,dutp-gelabelde
898,vetzuren
899,trial
900,carvedilol
901,bijwerkingen
902,conditie
903,verbetering
904,torasemide
905,adrenaline
906,dilatatoire cardiomyopathie
907,metastasen
908,nulpunt
909,batterijen
910,linkerbundeltakblokconfiguratie
911,chf
912,asymptomatische
913,beëindiging
914,kortademigheid
915,verdubbelt
916,inspanningsvermogen
917,metingen
918,complicaties
919,hoofdeinde
920,dezen
921,voetzoolreflexen
922,weefselperfusie
923,niet
924,uitgezonderd
925,opbouwen
926,meerwaarde
927,meta-analyses
928,tezamen
929,klinische evolutie
930,opgevoerd
931,zelfrapportage
932,geleide
933,afgewezen
934,niet-selectief
935,ervaren
936,acute
937,contractiele
938,verwijzingen
939,klasse-effecten
940,opnamen
941,afwijking
942,lichte
943,wij 2 casussen
944,hypotensie
945,fdh
946,irregulair
947,vaatziektes
948,diarree-episoden
949,deelonderzoeken
950,afferente constrictie
951,geïndiceerd
952,overgaat
953,meters
954,steunhart
955,subgroepanalyses
956,40 mg
957,rol
958,cytostaticum
959,gedialyseerd
960,verblijven
961,endomyocardfibrose
962,stimuli
963,geklaard
964,kinderschoenen
965,negatief
966,creatinineklaring
967,opgetreden
968,stimulator
969,echocardiografische
970,ontstekingsremmers
971,sinoatriaal
972,methodologie
973,necrotische
974,overheid
975,aannemelijk
976,lisdiureticuma
977,hieromtrent
978,aanvullende
979,abnormale structuur
980,morfine-analogen
981,cardioloog
982,amlodipine
983,spontaan
984,episode
985,opiaten
986,onderzoekbank
987,ritme-
988,criteriumvaliditeit
989,stenen
990,oorzaken
991,functionele
992,realiteit
993,waarneming
994,bradycardie
995,verbied
996,cva's
997,bijwerkingenprofiel
998,voorschrift
999,efficiënte
1000,stabilisering
1001,carcinoom
1002,uitgezette galwegen
1003,draagbare
1004,spoedig
1005,angiotensinogeen
1006,telefo
1007,pufje
1008,map
1009,zagen
1010,ademfrequentie
1011,klasse geneesmiddellen
1012,uitsluiting
1013,overbelasting
1014,bindingsplaatsen
1015,hartziekte
1016,cross-overonderzoek
1017,interpreteren
1018,linker-ventrikel
1019,benadrukt
1020,benauwde
1021,behandelmethoden
1022,serumelektrolyten
1023,geïmplanteerd
1024,stabiele
1025,intraveneus
1026,praktijkondersteuner
1027,angiotensine-'converting'-enzym
1028,conventionele cardiochirurgie
1029,beschouwt
1030,eplerenon
1031,intercurrent braken
1032,onbekend
1033,elektrofysiologische
1034,hartziekten
1035,anaesthetica
1036,stoppen
1037,aanzienlijk
1038,zorg
1039,consultatie
1040,hulpverlener
1041,nebivolol
1042,astmapatiënten
1043,verwijd
1044,ehs-hf
1045,gesteld
1046,pompfunctie
1047,ingrepen
1048,stellen
1049,falend
1050,korte observatieperiode
1051,rijp
1052,regels
1053,bekostiging
1054,neuropathie
1055,nitroglycerine
1056,gewogen
1057,herseninfarct
1058,hormoon
1059,volgranenontbijt
1060,instellen
1061,valsartan
1062,heropnamecijfers
1063,hypertensief
1064,genomen
1065,stapsgewijze
1066,lvef
1067,vertekeningen
1068,elektroforese
1069,cm
1070,acute dyspneu
1071,verschijning
1072,doxazosine
1073,i.v.
1074,fluorescerende
1075,rondstuurt
1076,glucose
1077,kwartier
1078,vragenlijsten
1079,werpt
1080,teruggeperst
1081,bypassoperatie
1082,icd-shocks
1083,bnp-waardes
1084,inhibitors
1085,onderbehandeling
1086,leverstuwing
1087,toediening
1088,opzet
1089,risicofactor
1090,leverfalen
1091,polsfrequentie
1092,stomatitis
1093,merendeel
1094,controlegroepen
1095,toetsing
1096,venen
1097,spoor
1098,pijlers
1099,atypisch
1100,diuretische
1101,verpleeghuis
1102,harten
1103,instrumenten
1104,om
1105,linkerventrikelvolume
1106,re-entry-mechanismen
1107,cva
1108,klepfunctie
1109,pioglitazon
1110,praktijk
1111,65-plussers
1112,bescherming
1113,omvang
1114,hoofddoelen
1115,bijnier
1116,vaststellen
1117,mede
1118,eindstadiumhartfalen
1119,diabetes
1120,a2
1121,voorschrijven
1122,systolische ventriculaire dysfunctie
1123,tekortschiet
1124,pompwerking
1125,succes
1126,waargenomen
1127,benaderden
1128,controleer
1129,aan het protocol
1130,re-
1131,placebogroep
1132,klasse ii-iv
1133,achtergrond
1134,anticoagulantia
1135,perifeer
1136,huid
1137,overprikkeling
1138,peripartum
1139,evaluatie
1140,morfine
1141,informatievoorziening
1142,aan
1143,licht
1144,cardioverterende
1145,ontsluiering
1146,fabrikant
1147,toedieningsvorm
1148,bnp-test
1149,mits
1150,vermijdbare
1151,kniepees-
1152,lactaatconcentratie
1153,kwartielen
1154,methoden
1155,natrium-
1156,geleid
1157,uren
1158,b-type-natriuretisch
1159,rr
1160,buikklachten
1161,thoraxdiameter
1162,levenslang
1163,literatuurgegevens
1164,hartrevalidatiearts
1165,mantelzorgers
1166,over het gebruik
1167,katheterpunt
1168,hangt
1169,tien
1170,kamerfunctie
1171,maal
1172,communi
1173,bronchospasme
1174,begrippen
1175,halsvenen
1176,adjuvante
1177,plasmaconcentratie
1178,vullings-
1179,ketenzorg
1180,hyperosmolaire
1181,ontkracht
1182,hyperlipidemie
1183,uitgelegd
1184,zorgsysteem
1185,perfunderen
1186,anti-inflammatoir
1187,medicus
1188,echocardiografie
1189,literatuurstudie
1190,wijkverpleegkundige
1191,kortademigheidsklachten
1192,torsades
1193,geëxplanteerde
1194,komst
1195,zuurbranden
1196,denken
1197,preëxistente
1198,vragen
1199,opgesteld
1200,verlaagd
1201,gezonde
1202,sensitiviteit
1203,overlevingskans
1204,nadien
1205,vergrootte
1206,2-toppig
1207,zelfdosering
1208,x-thorax
1209,graad
1210,oedemen
1211,buiten
1212,contractiliteit
1213,water
1214,behoeft
1215,regel
1216,mg.
1217,spierkrachttraining
1218,rechterventrikelfalen
1219,sinusritme
1220,baseline
1221,leidraad
1222,voorgedaan
1223,ramipril
1224,aortadruk
1225,b-type
1226,voedingstoestand
1227,houden
1228,dieetdagboek
1229,immunomodulerend
1230,bijzonderheden
1231,verwijzen
1232,onderzoeksbevindingen
1233,nmol
1234,binding
1235,mortaliteitsafname
1236,harde klinische
1237,tweede-
1238,angiotensine-ii
1239,geneesmiddelen
1240,vochtbeleid
1241,inhouds-
1242,bestudeerd
1243,e-learning
1244,betablokkers
1245,furosemide
1246,vaat-vernauwende
1247,ondersteunen
1248,medicamenteuze
1249,geprogrammeerde celdood
1250,ion-kanalen
1251,schakelen
1252,oefenen
1253,toepassing
1254,heden
1255,zelfzorg
1256,acetylsalicylzuurgebruik
1257,literatuuronderzoek
1258,verhogen
1259,afgeraden
1260,waterretinerende
1261,ontslagdiagnose
1262,lag
1263,ß-blokkers
1264,alogliptinebehandelde
1265,hoorbaar
1266,ventricular assist
1267,draagt
1268,toenemen
1269,piekconcentratie
1270,vraagstelling
1271,marges
1272,kwart
1273,afdeling
1274,antioxidantia
1275,controle
1276,ritme
1277,geleidingsstoornissen
1278,therapeuticum
1279,tekortschietende
1280,beschouwden
1281,coronairvaten
1282,kleinschalige
1283,gestuurd
1284,heffend
1285,pci
1286,carotis
1287,geschiedenis
1288,polsslag
1289,valsalva-manoeuvre
1290,angiotensine
1291,ingezet
1292,druk-volumerelaties
1293,rustsituatie
1294,aangenomen
1295,hulpmiddelen
1296,overmaat
1297,nt-probnp
1298,klasse-i-antiaritmica
1299,belastend
1300,chloortalidon
1301,thromboxaan
1302,hun
1303,stappenplan
1304,colofon
1305,hypovolemie
1306,armhoogte
1307,winterslaap
1308,staand
1309,ontstonden
1310,rechtvaardigen
1311,aangesloten
1312,aan het proces
1313,ace-remmers
1314,cvz
1315,bevond
1316,cytostatica
1317,klassieke hartfalensymptomen
1318,bcl2
1319,ooghoogte
1320,aritmie
1321,water-
1322,alternatieven
1323,gedrag
1324,beperken
1325,onafhankelijk
1326,niet-selectieve cox
1327,waterretentie
1328,aangetoond
1329,defecatiepatroon
1330,serumdigoxineconcentratie
1331,infarcering
1332,toont
1333,zorgorganisatie
1334,kaukasische
1335,verapamil
1336,30ml
1337,sodium'-glucose-cotransporter-2-remmer
1338,gestaakt
1339,correctie
1340,verbleef
1341,lezing
1342,terugplaatsing
1343,verlenging
1344,glucosurie
1345,overvulling
1346,wisselende
1347,studiepatiënten
1348,linkerzijligging
1349,gebruik
1350,metoprolol
1351,pacemaker
1352,interviewtechnieken
1353,training
1354,afstemming
1355,afdrukt
1356,gemiste
1357,jama
1358,het
1359,huisbezoe
1360,map-daling
1361,hartrevalidatieprogramma
1362,gelegd
1363,ogenblik
1364,tussentijdse
1365,gevoelsstoornissen
1366,voorzichtigheid
1367,hemodynamiek
1368,beoordelen
1369,epd's
1370,cvd
1371,afwijkingen
1372,klein te houden
1373,standaarddosis
1374,hersenbloeding
1375,decompensatio cordis
1376,fibrinolytica
1377,sporen
1378,zelfvernietiging
1379,arbeidsvermogen
1380,opioïden
1381,opgeleid
1382,aanzienlijke
1383,zieken
1384,post-hoc analyse
1385,prostaglandinesynthese
1386,opgenomen
1387,lineaire relatie
1388,48-uursschema's
1389,niet-dihydropyridine
1390,tekenen
1391,hoogteverschil
1392,hypertensie
1393,diagnostiek
1394,diagnostisch
1395,hart
1396,methode
1397,vullingsdruk
1398,academisch
1399,treedt
1400,beëindigde
1401,tachyaritmieën
1402,uitwisseling
1403,val-heft-
1404,serumcreatinine
1405,uithoudingsvermogen
1406,primaire klacht
1407,studiegroep
1408,chronotroop
1409,uitgegeven richtlijnen
1410,ascites
1411,cohort
1412,vertragen
1413,uitgangswaarde
1414,geleidingssnelheid
1415,controle-echocardiografie
1416,atriumfibrillatie
1417,overstap
1418,capecitabinedosis
1419,bijgeluiden
1420,antibioticavoorschriften
1421,verkregen
1422,thiazolidinedionen
1423,angst
1424,geneesmiddel
1425,obstructie
1426,kleven
1427,schatting
1428,dubbelwerkend
1429,bol
1430,verschenen
1431,gekarakteriseerd
1432,belandde
1433,klassen ii
1434,turgor
1435,contractie-relaxatiepatronen
1436,relatief
1437,werpen
1438,zinvol
1439,2x
1440,geïncludeerd
1441,sinusbradycardie
1442,ontstond
1443,inneemt
1444,wisselend
1445,herhaling
1446,converterende
1447,voor-achterwaartse thoraxdiameters
1448,zorgcentra
1449,uitlokken
1450,stimulus
1451,zin
1452,tripeltherapie
1453,opvoeren
1454,macroalbuminurie
1455,brady-
1456,dd
1457,vochtsuppletie
1458,pen
1459,spreiding
1460,plaatjesaggregatieremmer
1461,vocht
1462,hamvraag
1463,captoprilgroep
1464,gesimuleerde
1465,lvsd
1466,resultaten
1467,onregelmatig
1468,vervolgtraject
1469,handelen
1470,gaande
1471,door de apotheker
1472,afneemt
1473,onderzoeksvraag
1474,alcoholinname
1475,hand
1476,msec
1477,berust
1478,agonisten
1479,meegeven
1480,behulp
1481,longmaligniteit
1482,uitvoering
1483,diureticagebruik
1484,geneesmiddeleninteractie
1485,verstijving
1486,volumebelasting
1487,gestart
1488,kleppen
1489,diureticagebruikers
1490,opname
1491,leidt
1492,bewustzijn
1493,gemist
1494,kanker
1495,zelfbedrog
1496,mate
1497,klasse ii
1498,synchronisatie
1499,mini-review
1500,midden
1501,verslechteren
1502,ischemie
1503,spiercellen
1504,gestandaardiseerd
1505,2dd
1506,decapeptide
1507,bespreken
1508,verzamelen
1509,thoraxfoto
1510,gebonden
1511,experimentele
1512,herstel
1513,echotechniek
1514,achterstandswijk
1515,psychosociale
1516,dit
1517,wegnemen
1518,atherosclerotische aandoeningen
1519,drukken
1520,ecg
1521,spoed
1522,overlijdt
1523,decom-pensatio
1524,regelmatig
1525,nieuwere middelen
1526,ace)-remmer
1527,uitersten
1528,vernauwen
1529,indicatie
1530,zesde
1531,harfalen
1532,cor-thoraxratio
1533,hypervolemische hyponatriëmie
1534,zoutretentie
1535,roept
1536,exacerbaties
1537,systemen
1538,basisbegeleiding
1539,denk
1540,losartangroep
1541,slagen
1542,uitgangssituatie
1543,uitademingsstand
1544,lichaamstemperatuur
1545,tunel
1546,verschijnselen
1547,axial flow pump
1548,bespreking
1549,sensibiliteit
1550,probnp
1551,uitoefenen
1552,betrokkenheid
1553,hepatomegalie
1554,qs-complexen
1555,lange termijn
1556,uitgelokt
1557,frequent
1558,registratiesysteem
1559,stuurden
1560,gezondheidszorgvoorzieningen
1561,onderdelen
1562,uitgesloten
1563,hartfalenonderzoek
1564,draagvlak
1565,behoed
1566,gehalveerd
1567,voornoemde beleid
1568,omzetting
1569,m2
1570,inotropica
1571,zittend
1572,onderhoudsdosis
1573,proatherosclerotische mechanismen.1
1574,fibrinolytische
1575,perfusiescintigrafie
1576,grijze gebied
1577,verrichtte men
1578,wanddikte
1579,gebruikelijk
1580,geneesmiddelonderzoeken
1581,over-
1582,bloedonderzoek
1583,zuurstofsaturatie
1584,intercurrente
1585,schaduwzijde
1586,eenmaaldaags
1587,verschil
1588,onderzochte bewoners
1589,niet-afwijkend
1590,inclusie-
1591,min-1
1592,relatieve-risicoreductie
1593,verlaagt
1594,herseninfarcten
1595,ventricular
1596,enalapril
1597,defibrillatortherapie
1598,peil
1599,productie
1600,tong
1601,klepdisfunctie
1602,bepalen
1603,spoedopvang
1604,elektronische monitoring
1605,eindstadium
1606,video
1607,redistributie
1608,opties
1609,nsaid-gebruik
1610,inotropicum
1611,ontvingen
1612,geïdentificeerd
1613,lever-
1614,systeemtherapie
1615,aanvangsdosering
1616,lisdiuretica
1617,beschouwd
1618,overleefkans
1619,leverziekten
1620,parameters
1621,rol van de cardioloog
1622,antidiabetische
1623,collapspunt
1624,dyspnoe
1625,groenewegen
1626,gaf
1627,diurese
1628,koppeling
1629,tachycardieën
1630,omstreden
1631,kamers
1632,bestrijden
1633,decompensatie
1634,devices
1635,beargumenteren
1636,vervolgen
1637,fluorouracil
1638,defibrillatie
1639,clopidogreltherapie
1640,veranderde
1641,geneesmidddelen
1642,linkerkamerdisfunctie
1643,terugstromen
1644,databases
1645,haar
1646,gecombineerde
1647,overmatig
1648,onderhoudsmedicatie
1649,soepel
1650,ijzersuppletie
1651,aanpak
1652,bleek
1653,gevalsonderzoek
1654,richt
1655,minstens
1656,onderscheid
1657,uit
1658,stelde
1659,gezondheidszorgsysteem
1660,atrioventriculair
1661,verondersteld
1662,weerstand
1663,obstructieve
1664,erytrodysesthesie
1665,doorgemaakt
1666,rugligging
1667,cardiomyopathie
1668,angiotensineconverterend-enzym
1669,ingevulde
1670,hoopt
1671,leefstijlinterventies
1672,schat
1673,cardiotoxiciteit
1674,uit te sluiten
1675,pas
1676,rechteratriumdruk
1677,asthma
1678,ace-inhibitoren
1679,geanalyseerd
1680,therapeutisch beschouwde
1681,algemeen
1682,laparoscopie
1683,congres
1684,onder de roc-curve
1685,standaardtherapie
1686,onjuiste
1687,multi-organ failure
1688,nierinsufficiëntie
1689,astma
1690,rechter
1691,geneesmiddeleffecten
1692,hartfalenacuut
1693,stadium
1694,perfusiedruk
1695,verspreiding
1696,leefregels
1697,serumcreatininespiegel
1698,natriumconcentratie
1699,waterzucht
1700,symptoomverbetering
1701,hemodynamische
1702,dt
1703,tests
1704,speelt
1705,aan de apex
1706,gehoord
1707,verwezen
1708,inhalatie
1709,hartgrootte
1710,overbruggen
1711,vertegenwoordigd
1712,kernboodschappen
1713,discussie
1714,lung
1715,inotropieafhankelijk
1716,vaatlijden
1717,ischaemia
1718,heart
1719,pijler
1720,grenzen
1721,basisvoorlichting
1722,aanwijzing
1723,nesiritide
1724,etiologie
1725,leefstijlfactoren
1726,leek
1727,bax
1728,alogliptine-
1729,hulpverlening
1730,thorax
1731,dubbelblind
1732,waterhuishouding
1733,kernsymptomen
1734,gangbare
1735,uitdroging
1736,bmi
1737,hospice
1738,gezondheidsvaardigheid
1739,recidiverend
1740,intra-aortale
1741,arb's
1742,differentiaaldiagnose
1743,perken
1744,beoordelend
1745,c-statistic
1746,ventriculectomie
1747,ontsporing
1748,metformine
1749,bedroeg
1750,oncologische
1751,5fu-expositie
1752,nhg-standaard
1753,remt
1754,serumcreatinineconcentratie
1755,ibopamine
1756,gekomen
1757,afvragen
1758,werkdiagnose
1759,ventriculaire
1760,chromatine
1761,verbleven
1762,ventrikeldiastole
1763,elektrocardiografisch
1764,benadering
1765,vagotoon
1766,achteruit
1767,chemo-
1768,hoeverre
1769,fluoropyrimidine
1770,geneesmiddelvoorschriften
1771,beleid
1772,figuur
1773,therapie
1774,vitamine-e-suppletie
1775,inhalatorgebruik
1776,carotispols
1777,enkels
1778,uiting
1779,gewichtverlies
1780,tijdstippen
1781,spironolactone
1782,concentraties
1783,diameter
1784,subschalen
1785,acuut
1786,stoornissen
1787,cardiologische
1788,superieur
1789,reutelende
1790,overzicht
1791,duidelijkst
1792,follow-up
1793,monitoring
1794,onderzoekspopulaties
1795,behandeloptie
1796,cardiale
1797,nierperfusie
1798,gehalte
1799,afkapwaardes
1800,ademgeruis
1801,orthopneu
1802,stelt
1803,overgewicht
1804,gecontra-indiceerd
1805,contact
1806,capecitabine
1807,activering
1808,exogene
1809,natriuretisch
1810,biologische
1811,verlichten
1812,niet-fatale
1813,bnp-concentratie
1814,geadviseerd
1815,uitdiepen
1816,medisch-technische
1817,verliep
1818,uitwijst
1819,griepvaccinatie
1820,onbloedige
1821,geuit
1822,verzameld
1823,venepols
1824,gestabiliseerd
1825,renine
1826,spiegels
1827,arbeid
1828,amiodaron
1829,tijdschrift
1830,oedeem
1831,luchtweg-
1832,deoxyuridine
1833,ventrikelseptum
1834,hibernatie
1835,nifedipine
1836,werking
1837,vernieuwde
1838,obesitas
1839,angiotensine-ii-antagonisten
1840,bewegingsprogramma
1841,ritmestoornis
1842,structuurveranderingen
1843,behandelingsstrategieën
1844,cardiomegalie
1845,studiegroepen
1846,gestrand
1847,efferens
1848,leverrand
1849,onderhydratie
1850,wetenschappelijk
1851,ontladingen
1852,perindoprilgebruik
1853,aspirine
1854,kostbaarste
1855,myocard
1856,drukcurve
1857,nettoresultaat
1858,hyperfiltratie
1859,tricuspidalisklep
1860,ß-blokker
1861,artikel
1862,voorgesteld
1863,vena-cava-superiorisyndroom
1864,bnp-resultaten
1865,handrug
1866,klinisch
1867,ongetransfecteerde
1868,veroorzaken
1869,niet-farmacologische
1870,cardiac output
1871,prostaglandinen
1872,ontwatering
1873,asymptomatische dilatatie
1874,buikafwijkingen
1875,traag
1876,depressies
1877,nogmaals
1878,controles
1879,therapieën
1880,nierarteriestenose
1881,staakten
1882,vaatwandeigenschappen
1883,pg
1884,endotheline
1885,houd
1886,acute bronchitis
1887,ace)-remmers
1888,calcium
1889,veranderingen
1890,ontspannen
1891,factoranalyse
1892,gerehydreerd
1893,pci-studie
1894,natriumbeperking
1895,warfarine
1896,structurele
1897,microstukje
1898,reanimatierichtlijnen
1899,alcoholgebruik
1900,pulseren
1901,maculopathie
1902,geneeskundig
1903,intoxicatie
1904,effecten
1905,terugkoppeling
1906,onterecht
1907,inotroop
1908,onder controle
1909,diastolisch
1910,cardioverter-defibrillator
1911,toegelaten
1912,uitbreiden
1913,captopril
1914,fysiologische
1915,pasten
1916,onderdiagnostiek
1917,indruk
1918,uitend
1919,vierde
1920,dieet
1921,elektrocardiografie
1922,adviseer
1923,darmpakket
1924,sd
1925,overname
1926,lichaamsgewicht
1927,polymorfisme
1928,type'-myocyten
1929,voorzorgen
1930,kwantiteit
1931,tubulair
1932,hyperventilatie
1933,revalidatieprogramma's
1934,zeldzaam
1935,renine remmers
1936,veiligheid
1937,ingeval
1938,poliklinieken
1939,stressreactie
1940,geleidingsvertraging
1941,aanwijzingen
1942,geabsorbeerd
1943,middel
1944,snp
1945,ontraden
1946,reduceren
1947,thiazidediuretica
1948,95%ci
1949,hulpmiddel
1950,catiemethoden
1951,trekken
1952,rijst
1953,bradykinine
1954,hoest
1955,luchthoudendheid
1956,beschrijft
1957,measurement
1958,overlevingsduur
1959,externe
1960,atherosclerotische
1961,aangewezen
1962,hoorde
1963,leent
1964,combinaties
1965,halvering
1966,hartfalenzorgprogramma's
1967,relatie
1968,lisinopriltoediening
1969,toegenomen
1970,niet-acuut
1971,handvenen
1972,zwaard
1973,afgeleid
1974,acenocoumarol
1975,balans
1976,hoofdzakelijk
1977,weloverwogen
1978,meting
1979,genderverschillen
1980,zuurstofopnamekinetiek
1981,bestudeerden
1982,verergerd
1983,doorbreken
1984,spreken
1985,renine-angiotensine-aldosteronsysteem
1986,spieren
1987,ontslagen
1988,analyses
1989,weefselhypoperfusie
1990,gecombineerde-zorggroep
1991,niet-cardiaal
1992,sublinguale
1993,overlevingskansen
1994,middels
1995,cardiomyocyten
1996,relaxeert
1997,stap
1998,opgespoord
1999,treat'-benadering
2000,startdosis
2001,biomarkers
2002,uitsluiten
2003,syndrome
2004,hbo2
2005,beduidend
2006,onderzochten
2007,metoprololgroep
2008,onjuist
2009,genetische
2010,natriuretische
2011,niet-steroïde
2012,lis-
2013,implantatie
2014,verrichtingen
2015,dehydratie
2016,medicamenteus
2017,diagnose
2018,bespaard
2019,microscopie
2020,beschrijvend
2021,1a
2022,tandarts
2023,met
2024,coumarinegroep
2025,verbrede ictus palpabel
2026,biomarker
2027,voorspellende
2028,aldosteronsecretie
2029,uitkomst
2030,assent-4
2031,angiotensine-converterend-enzymremmers
2032,aldosteronproductie.1
2033,losartan
2034,uitingsvorm
2035,lichaamsbeweging
2036,pacing
2037,mg
2038,calciumantagonisten
2039,stijgt
2040,gecollabeerd
2041,redmiddel
2042,minderheid
2043,contractie
2044,vochtbeperking
2045,euvolemische
2046,drijven
2047,hartpomp
2048,ingenomen
2049,bètablokkers
2050,literatuurreview
2051,optrad
2052,omgezet
2053,uitvoer
2054,copd-exacerbaties
2055,elektrolytstoornissen
2056,systolische disfunctie
2057,verrichte
2058,auscultatie
2059,aldosteronproductie
2060,systematisch
2061,bindingsduur
2062,alzheimer
2063,vaatverwijders
2064,stimulering
2065,a-priorikans
2066,hoofdstuk
2067,percutane coronaire
2068,allelfrequentie
2069,hyponatriëmie
2070,als
2071,depressie
2072,heropname
2073,zestiger
2074,spier-
2075,fev
2076,tenecteplase
2077,orthostatische
2078,onwaarschijnlijk
2079,1-toppig
2080,vochtretentie
2081,ace-inhibitor
2082,icd-implantatie
2083,basenoverschot
2084,afwijzing
2085,afspiegeling
2086,ziekbed
2087,afwezigheid
2088,tenzij
2089,linker-
2090,mechanisme
2091,aangrijpingspunten
2092,terug
2093,gevolge
2094,traden
2095,genetisch
2096,vertraagd
2097,rechtop
2098,groepen
2099,hartgeruis
2100,inactivatie
2101,belasting
2102,wijzigingen
2103,langzaam
2104,cumulatieve
2105,voorwandafleidingen
2106,trainbaar
2107,overleed
2108,metabole
2109,fysiotherapeut
2110,afgaat
2111,geplast
2112,natriumuitscheiding
2113,vergrijzing
2114,onbeantwoorde
2115,opgestart
2116,ogen
2117,βètablokkers
2118,lethargische
2119,zouthuishouding
2120,lcz696
2121,onderzochte
2122,verergering
2123,doelstelling
2124,lisdiureticum
2125,matrixstabiliserende
2126,hechten
2127,voor-achterwaartse
2128,cordis
2129,kleurstof
2130,literatuurreferenties
2131,antracyclinen
2132,transplantatie
2133,keus
2134,verzamelden
2135,twijfel
2136,aangespannen
2137,zuurstofsoorten
2138,streefwaarde
2139,intercurrent
2140,serumkaliumgehalte
2141,fase
2142,dikwijls
2143,5fu
2144,voortzetting
2145,ml
2146,serumkaliumconcentratie
2147,inkomen
2148,post-hoc
2149,boogmethode
2150,wekelijkse
2151,rechterop
2152,onderlinge
2153,zwak
2154,langwerkende
2155,kinderleeftijd
2156,klasse-iv-patiënt
2157,buikpijn
2158,circulerend
2159,ritmestoornissen
2160,geleidelijk
2161,luchtwegen
2162,rattencardiomyocyten
2163,hartfalers
2164,proeflaparotomie
2165,ijzergebrek
2166,mesangium
2167,myocardischemie
2168,kort
2169,vaatvernauwende
2170,nu
2171,observeren
2172,ventrikeldisfunctie
2173,opsporing
2174,onderstreept
2175,revascularisatie
2176,linkerventrikeldisfunctie
2177,ondergaan
2178,hartfalen
2179,gunstiger
2180,evalueren
2181,multicentrische
2182,klassieke
2183,behulpzaam
2184,enerzijds
2185,valrisico
2186,onderliggende
2187,niet-ischemische
2188,hoofd
2189,neonatale
2190,afremmen
2191,mitralisklepinsufficiëntie
2192,vergetelheid
2193,uitgebrachte
2194,benen
2195,ontrafeling
2196,tijd
2197,opstaan
2198,ons
2199,plasmaconcentraties
2200,ga
2201,nurse
2202,hope-
2203,voortijdig
2204,revalidatieprogramma
2205,thuissituatie
2206,hartmassae
2207,apoptose
2208,instelling
2209,behalen
2210,mswt
2211,enzym
2212,twijfelgeval
2213,hyperkaliëmie
2214,bewaking
2215,medicatiebeleid
2216,angiotensine-i
2217,anemie
2218,procedure
2219,natrium
2220,rust
2221,verhoogd
2222,afwijkend
2223,puntjes
2224,hart-
2225,infusiesysteem
2226,brug
2227,dilaterende
2228,wekelijks
2229,psychofarmaca
2230,converting
2231,geneesheren
2232,digoxinegebruik
2233,paracorporeel
2234,becommentarieerd
2235,afkappunt
2236,grijze zone
2237,diagnostische
2238,criterium
2239,liggen-zitten-staan
2240,pomphuur
2241,achtergronden
2242,raden
2243,opstellers
2244,polsdruk
2245,linkerventrikelejectiefractie
2246,afnemen
2247,thiazides
2248,drijf
2249,elektrolyten
2250,leefstijladvies
2251,stijfheid
2252,darmwand
2253,lisinopril
2254,coronarialijden
2255,verzwakt
2256,hoesten
2257,casussen
2258,partners
2259,onderzoekers
2260,overdiagnostiek
2261,bovenbuikklachten
2262,diastolische
2263,gecontinueerd
2264,verrichten
2265,atriumfibrilleren
2266,statusonderzoek
2267,iv
2268,omstreeks
2269,horizontale vlak
2270,net
2271,doorbloeding
2272,hospitalisatie
2273,ontsmetting
2274,verpleegkundige
2275,angulus
2276,vernevelen
2277,los van de hoogte
2278,verbindingslijn
2279,kijk
2280,stuwingsbeeld
2281,cellulaire
2282,gestarte
2283,aantonen
2284,nct
2285,longfunctieonderzoek
2286,analyse
2287,hoogtechnologische
2288,omschrijving
2289,meta-analyse
2290,diuretica
2291,terugresorptie
2292,overige oorzaken
2293,alcohol
2294,geneeskundige
2295,doorverwezen
2296,onder
2297,afsluiting
2298,verantwoordelijkheid
2299,euthanasie
2300,wachtlijst
2301,afstemmen
2302,opmerkelijk
2303,lagere waarde
2304,invulden
2305,behandelingsevenwicht
2306,zestig
2307,horizontaal vlak
2308,hanteerbaar
2309,stop
2310,onderzoeken
2311,bijgesteld
2312,fysisch-diagnostisch
2313,rechter hand
2314,splitst
2315,aan te vragen
2316,voorspeller
2317,hibernation
2318,alvast
2319,contra-indicatie
2320,echocardiogram
2321,aanvragen
2322,slaapapneu
2323,afgewend
2324,uitgangswaarden
2325,hartslag
2326,handhaven
2327,pulsaties
2328,onderzoekspublicaties
2329,bewezen
2330,druggebruik
2331,drukbelasting
2332,beenmerg
2333,linker
2334,optreedt
2335,uitnodiging
2336,links
2337,reversibel
2338,voor-achterwaartse thoraxdiameter
2339,effectiviteit
2340,uiteinden
2341,kanmoet
2342,statines
2343,speuren
2344,beveelt
2345,boogvormige
2346,monogenetische
2347,vervolgdiagnostiek
2348,galopritme
2349,hulpverleners-ambulanciers
2350,zij
2351,eerstelijnsgezondheidszorg
2352,doorbraken
2353,draait
2354,gestelde
2355,ventrikelfibrilleren
2356,gevoeliger
2357,anp
2358,digitalis
2359,berekend
2360,asynchronie
2361,verdubbelingen
2362,kaakhoek
2363,productiegegevens
2364,dpp4-remming
2365,toestellen
2366,maat
2367,complexe
2368,evenmin
2369,zogenoemde
2370,aii-antagonist
2371,studieboeken
2372,isosorbidedinitraat
2373,cumarinen
2374,serumcholesterol-
2375,linkerventrikeldruk
2376,aritmieën
2377,uitkomsten
2378,dichtgedrukt
2379,eerstelijns
2380,stapsgewijs
2381,adenosine-di-fosfaat
2382,manieren
2383,longen
2384,overmatige
2385,klinische syndroom
2386,afkappunten
2387,spoedeisendehulpafdeling
2388,ofwel
2389,klasse-effect
2390,behandelingen
2391,verricht
2392,mitralis-aortaklepinsufficiëntie
2393,diastolische disfunctie
2394,cytochroom
2395,aanzetten
2396,natriuminname
2397,inname
2398,einddoeltherapiepatiënten
2399,descriptieve
2400,getallen
2401,uitgangsgewicht
2402,bnp
2403,uitnodigden
2404,sloten
2405,nabelasting
2406,exacerberend
2407,vochthuishouding
2408,hartspiercelverval
2409,radioloog
2410,in-vitrostudie
2411,langdurige
2412,getracht
2413,beschrijven
2414,éénjaarsoverleving
2415,onderzoek
2416,toevoeging
2417,terminale
2418,omzettingssnelheid
2419,omkeerbaarheid
2420,antibioticagebruik
2421,hartinfarct
2422,explorerend
2423,beloop
2424,voorspellende waarde
2425,icd-drager
2426,radionuclidemetingen
2427,reductie
2428,apoptosis
2429,cognitieve stoornissen
2430,ergometrietest
2431,zijde
2432,53-jarige
2433,gynaecomastie
2434,ontbrekende
2435,ventrikelrespons
2436,gestratificeerd
2437,netwerk
2438,klepoperaties
2439,ontbreekt
2440,toename
2441,ongunstig
2442,afgesproken
2443,opvattingen
2444,hypercholesterolemie
2445,spironolacton
2446,longlijden
2447,rechtszijdig
2448,vooralsnog
2449,evaluating
2450,noden
2451,dihydropyrimidinedehydrogenase
2452,ß-receptor
2453,overige
2454,linkerbundeltakblok
2455,stemi
2456,43-jarige man
2457,x-dal
2458,achtereenvolgens
2459,ondersteuning
2460,hals
2461,failure
2462,longziekte
2463,voegen
2464,linkerventrikeldysfunctie
2465,type 2
2466,algeheel
2467,af
2468,test
2469,gerandomiseerde
2470,borsten
2471,implanteerbare
2472,angio-oedeem
2473,ingevoerd
2474,blokkeren
2475,bemoeilijkt
2476,wegwijzers
2477,elektrisch
2478,langwerkend
2479,y-h
2480,flecaïnide
2481,bedroegen
2482,nazorg
2483,aanmaak
2484,deficiëntie
2485,doorverwijzen
2486,thuisinfusietherapie
2487,icd
2488,ictus
2489,buitengewoon
2490,bnp-
2491,berekeningen
2492,linkerventrikelondersteuningspomp
2493,abnormaal
2494,wachttijd
2495,overheerst
2496,hemodialyse
2497,galblaas
2498,reflextachycardie
2499,nefrologische
2500,inriep
2501,oogpunt
2502,vertoonden
2503,teweegbrengen
2504,middelbare
2505,placebo
2506,hypokaliëmie
2507,ongecontroleerde hypertensie
2508,verdubbeld
2509,teken
2510,bemand
2511,kwalitatieve
2512,benut
2513,remmers
2514,2x2-opzet
2515,optie
2516,tachy-
2517,insufficiënt
2518,achtergrondinformatie
2519,ondergingen
2520,laagste
2521,kern
2522,bevestiging
2523,beta-blokkers
2524,verlagen
2525,spreekuur
2526,gefaciliteerde
2527,aldosteronspiegel
2528,gunstigst
2529,absorptie
2530,geriatrische
2531,velen
2532,nier-
2533,levensfase
2534,heropnamen
2535,toe
2536,zwangerschap
2537,contacten
2538,verbeteren
2539,nood
2540,behandelingsoptie
2541,herzien
2542,vullingsdrukken
2543,gevolgd
2544,carvedilolgroep
2545,pomp
2546,gunstig
2547,pacemakerritme
2548,verkleinen
2549,veranderd
2550,gemodificeerde
2551,psychologische
2552,shock
2553,anxiolytica
2554,harttonen
2555,lijdt
2556,boezemfibrilleren
2557,antiaritmicum
2558,rookstop
2559,overschaduwd
2560,gestoorde
2561,soms
2562,zelfcontrole
2563,spierweefsel
2564,overbrugging
2565,onderdrukken
2566,patiënten
2567,voorspellers
2568,valt
2569,mfm
2570,al
2571,onbetrouwbare
2572,klepgebreken
2573,startdosering
2574,peristaltiek
2575,buikpijnklachten
2576,hierin
2577,studiepopulatie
2578,verticale
2579,asymptomatisch
2580,omapatrilaat
2581,defibrilleren
2582,lagere
2583,bypass-
2584,bètareceptorblokkade
2585,vorming
2586,getransfecteerd
2587,ph
2588,chf-diagnoses
2589,bèta-adrenerge
2590,probleem
2591,toetsen
2592,onderzoeker
2593,ejectiefractie
2594,aanwakkert
2595,oplaaddosis
2596,beslaat
2597,instructies
2598,vermoeide
2599,voorgeschreven
2600,gewichtsverlies
2601,wgbo
2602,jonge
2603,aritmieën.8
2604,studies
2605,zwakte
2606,circulatie
2607,plaatjesaggregatie
2608,cox
2609,vermindering
2610,inziens
2611,streefdoseringen
2612,beslag
2613,serumkaliumstijging
2614,zuurstofverbruik
2615,lever
2616,verbeteringen
2617,anamnese
2618,verhinderen
2619,boventoon
2620,pectoris
2621,afgenomen
2622,wetenschappelijk bewijs
2623,adjuvant
2624,bradycardieën
2625,onduidelijkheid
2626,zoutvervangers
2627,klasse gunstige
2628,farmacotherapie
2629,pompen
2630,positie
2631,toekomst
2632,therapeutische
2633,systolische ruis
2634,monotherapie
2635,noot
2636,streefdosering
2637,leefstijladviezen
2638,wijst
2639,kon
2640,metoprololonderzoek
2641,retrospectief
2642,werkingsprofiel
2643,inleiding
2644,85-plussers
2645,aangrijpingspunt
2646,insuline
2647,bumetanide
2648,korte termijn
2649,voor-achterwaartse diameter
2650,meervoudig
2651,leeggestreken
2652,gecorrigeerde
2653,diegenen
2654,uitvoeren
2655,variabelen
2656,progressief
2657,aanbeveling
2658,regressieanalyse
2659,voorbarig
2660,afgebouwd
2661,hartrevalidatie
2662,pijn
2663,hangen
2664,acceptabel
2665,geneesmiddelkosten
2666,data
2667,nier
2668,in-vitro-opstelling
2669,sub
2670,dosering
2671,natriumarm
2672,myocardfibrose
2673,slijmvliezen
2674,astma astma
2675,variantgenen
2676,bruikbaar
2677,wél
2678,gekeken
2679,controlegroep
2680,staken
2681,cumarines
2682,correctiemechanisme
2683,filtratiesnelheid
2684,schaal-chf
2685,diagnosticeren
2686,weergave
2687,bewijs
2688,stand
2689,geboden
2690,stapje
2691,armen
2692,dyspneu
2693,overnemen
2694,kwartiel
2695,beta-gonisten
2696,proef
2697,blok
2698,perioperatieve
2699,en
2700,kin
2701,hamstrings
2702,uitval
2703,pols
2704,microal-buminurie
2705,opvolging
2706,daalt
2707,systolische
2708,rhonchi
2709,behandelaars
2710,kleine
2711,revalidatie
2712,elektronische
2713,contra-indicaties
2714,borst-
2715,pathofysiologische
2716,vochtbalans
2717,prognose
2718,oedemateuze
2719,transmurale
2720,ondernemen
2721,halve centimeter
2722,luchtbel
2723,waakzaamheid
2724,ruimen
2725,atherogenese
2726,www.trialregister.nl
2727,minpunt
2728,necrose
2729,aanvulling
2730,vochtophopingen
2731,defecatie
2732,doorzocht
2733,hf-pef
2734,beslisregel
2735,isa
2736,onbedoeld
2737,ramus
2738,medicatie
2739,doseringen
2740,autorijden
2741,cyclo-oxygenase
2742,stoffen
2743,kpa
2744,verrichtte echografie
2745,voorgeschreven pillen
2746,vrijzetting
2747,harttoon
2748,gecollabeerde
2749,kwikmanometer
2750,meebrengt
2751,roken
2752,vaccinatie
2753,behandelingsmodaliteiten
2754,uitkomstmaten
2755,ontwaterd
2756,regressiemodel
2757,afbouwen
2758,meetinstrument
2759,deelnam
2760,beginfase
2761,begeleid
2762,disfunctioneren
2763,ziek
2764,bleken voor de behandeling
2765,hoogbejaarde
2766,hand-voetsyndroom
2767,dna-fragmentatie
2768,traject
2769,afgedrukt
2770,dilatatie
2771,cabg
2772,winst
2773,hartfalenpatiënt
2774,therapieprotocol
2775,bewegingspatroon
2776,zeldzamer
2777,begeleidende
2778,boog
2779,jicht
2780,ms
2781,loop
2782,tachypnoïsche ademhaling
2783,crepitaties
2784,ventrikel
2785,lager
2786,ß1-adrenerge
2787,benzbromaron
2788,vasopeptidase-remmer
2789,bovenbuik
2790,aldosterone
2791,einddoeltherapie
2792,voorloper
2793,plasmaspiegel
2794,adrenomedulline
2795,statinehype
2796,arg389-variantcellen
2797,achteruitgang
2798,spier
2799,hartfunctie
2800,variaties
2801,recompenseren
2802,vooruitgang
2803,peptide
2804,serum
2805,toeneemt
2806,geleider
2807,levensverwachting
2808,klasse i-ii
2809,gestandaardiseerd diagnostisch
2810,dubbelblinde
2811,flexibel
2812,aan-
2813,o.a.
2814,streefdosis
2815,coördinatie
2816,voorwaarts
2817,licht toegenomen
2818,ontstekingsremmende
2819,interactie
2820,benadruk
2821,ingestelde
2822,elkaar
2823,reperfusie
2824,bundeltakblokpatroon
2825,verzocht
2826,herziening
2827,ht
2828,trokken
2829,endemisch
2830,loslaatpijn
2831,uitgesteld
2832,kerley-b-lijntjes
2833,angiotensine-ii-receptorblockers
2834,aldosteronantagonist
2835,belast
2836,lastig
2837,optreden
2838,geïsoleerd
2839,voegden
2840,voorhanden
2841,onderhavige
2842,verandering
2843,hartinfact
2844,aannemelijker
2845,ijzerstatus
2846,copd
2847,heffende
2848,voorgeschiedenis
2849,uitslag valt
2850,bèta-adrenoceptorblokker
2851,volhouden
2852,receptor
2853,rehospitalisatie
2854,strenge monitoringcondities
2855,eenmalige toediening
2856,ventrikel-
2857,zichtbare
2858,defibrillator
2859,nierfunctiestoornis
2860,behandelopties
2861,pericardaandoeningen
2862,standaardnazorg
2863,geijkt
2864,nabije
2865,www.nhg.org
2866,vetweefsel
2867,klinieken
2868,stimuleert
2869,relaxatietijd
2870,hartpatiënten
2871,vaardigheden
2872,bevelen
2873,wachtlijst-
2874,circumflexus
2875,zorgkosten
2876,klepafwijking
2877,d'effort
2878,gunstige
2879,kwaliteit van leven
2880,tonen
2881,combinatietherapie
2882,remmende
2883,wijziging
2884,spoedeisende
2885,eenmalig
2886,links-en
2887,bepaling
2888,evidence-based medicine
2889,bemoedigend
2890,bisoprolol
2891,vragenlijst
2892,eenmalige
2893,subtype
2894,ontregeling
2895,cva.2
2896,leverde
2897,herziene
2898,expertpanel
2899,uiterst
2900,hyperuricemie
2901,linkerventrikel
2902,vbelangrijke
2903,braken
2904,gemeenschappelijk
2905,myocardinfarcten
2906,geblokkeerd
2907,werkzame
2908,atrium
2909,contraheert
2910,klinische
2911,behandeld
2912,vochtrestrictie
2913,uitvallers
2914,progressie
2915,samenging
2916,palmoplantaire
2917,min.
2918,benadrukken
2919,herhaald
2920,syncope
2921,angiotensineconverterendenzymremmers
2922,pleura-effusie
2923,geruisen
2924,lichamelijk
2925,onafhankelijke
2926,overgang
2927,opstelling
2928,tachycard
2929,einddiastolische
2930,echografisch
2931,plasma
2932,ß-blokkade
2933,hyperglykemie
2934,voorbelasting
2935,medicament
2936,metoprololsuccinaat
