0,veneuze afvloed
1,antracyclinechemotherapie
2,deelverantwoordelijkheden
3,start-
4,meetinstrument
5,hartklepafwijkingen
6,verkorting
7,falen
8,hartspierweefsel
9,posities
10,oorzaken
11,celkweek
12,necrose
13,concluderen
14,dyspnée d'effort
15,nierfunctieverlies
16,werken
17,geringere
18,extracties
19,aangevraagd
20,ontraden
21,thorax
22,ictus cordis
23,opnamen
24,candesartangroep
25,nebivolol
26,antidiuretisch hormoon
27,functionele klasse
28,probe
29,intensieve voorlichting
30,risico's
31,reutelende
32,breed
33,beroerde
34,aanbevelingen
35,lijn
36,hoesten
37,bestanden
38,adviseur
39,oudere
40,oncologische behandeling
41,matige
42,licht
43,niet-medicamenteuze behandeling
44,verantwoordelijkheid
45,geneesmidddelen
46,linkerventrikelfunctie
47,hypoperfusie
48,opgezet
49,bijtijds
50,ontregeling
51,linkerventrikelondersteuningspomp
52,diuretische behandeling
53,lichamelijke beperkingen
54,compensatiemogelijkheden
55,farmaceutische zorg
56,dichtgedrukt
57,thiazides
58,hoogteverschil
59,veranderd
60,astmapatiënten
61,intermediaire hartas
62,voortzetting
63,mild
64,evidence-based medicine
65,verzorgingsgebied
66,overweging
67,cardiologenpanel
68,ziektebeloop
69,voegen
70,peil
71,verricht
72,deelonderzoeken
73,bnp-uitslag
74,hartfalen klasse iii
75,productiegegevens
76,afwezigheid
77,digoxine-overdosering
78,ongetransfecteerde
79,hypertensie
80,geneeskundig
81,vergeleken
82,aan-
83,uitslag
84,palliatief
85,ene kant
86,verbleef
87,uitkomst
88,bijwerkingen
89,neprilysine remmer
90,ziekenhuisopnames
91,antracyclinederivaten
92,onafhankelijk
93,patienten
94,evidence
95,levensgevaarlijke
96,tenzij
97,steriele
98,cardiomegalie
99,implantatie
100,carotispols
101,indicatie
102,vooruitgang
103,visusstoornissen
104,revalidatieprogramma
105,fibrose
106,pulmonale dyspneu
107,congenitale hartaandoening
108,verzocht
109,lieten
110,antioxidantia
111,bloedgaswaarden
112,immobiele
113,driemaal
114,ontwatering
115,simultaan
116,twijfel
117,kalium-
118,nifedipine
119,braken
120,adrenomedulline
121,perifere oedemen
122,nutritionele
123,urine
124,inschatten
125,bèta-adrenerge receptoren
126,cardiac index
127,en
128,hartaanval
129,prostaathypertrofie
130,kleinschalige onderzoeken
131,ziekenhuisopname
132,becommentarieerd
133,donorhart
134,roken
135,hartinfact
136,ondervinden
137,contractiliteit
138,revascularisatie-ingreep
139,afbouwen
140,superspecialisatie
141,zeurende
142,toonde atriumfibrilleren
143,slagen
144,afkapwaarde
145,spoedeisend
146,placebo-gecontroleerde hope-
147,men
148,huisartsenpraktijken
149,dosisverhogingen
150,enzovoort
151,bloedvat
152,validiteit
153,klasse-i-antiaritmica
154,voorwandafleidingen
155,significante
156,hibernation reversible
157,ambulant
158,nesiritide
159,laagste
160,een at-ii-antagonist
161,ventriculaire pacing
162,verminderde activiteit
163,onjuiste
164,dosis
165,vaatverwijdende
166,tartraat
167,achilleshiel
168,volhouden
169,andere
170,arbs
171,aldosteronproductie
172,doorzocht
173,pols
174,lis-
175,score
176,basisbegeleiding
177,alcoholgebruik
178,atherogenese
179,pathofysiologische
180,hersenbloeding
181,adviseert
182,gericht
183,intensief
184,vrij
185,aspirine
186,onbesproken
187,relevant
188,leukocyten
189,pulmonale
190,indicatiebeperking
191,β-blokker
192,fase
193,domperidon
194,protocollaire kennis
195,rol
196,belast
197,cimetidine
198,gebonden
199,linker
200,behouden ejectiefractie
201,systematisch
202,gouden alternatief
203,hartfalenteam
204,vermageren
205,lichaamstemperatuur
206,zeldzaam
207,zelfmedicatie
208,cytotoxisch
209,bloedingsrisico's
210,variabele
211,perioperatieve
212,inotropicum
213,maag
214,geïndiceerd
215,minder
216,transmurale
217,opstelling
218,intercurrent
219,verklaren
220,reparatie
221,constrictieve werking
222,consulteerden
223,molecule
224,lichamelijke activiteit
225,telefo
226,darm-
227,1-secondewaarde
228,decom-pensatio cordis
229,houden.of
230,accurate
231,magnesium-
232,losartan-
233,langwerkende
234,niet-afwijkend
235,ontsporing
236,colonoscopie
237,5-jaarsoverleving
238,in-vitro-opstelling
239,voorspeller
240,familieanamnese
241,serumcreatinineconcentratie
242,radioloog
243,genoteerd
244,vagotoon
245,slijmvliezen
246,nefrologische
247,leefregels
248,poliklinische zorg
249,enkeloedeem
250,moeizaam
251,buikpijnklachten
252,gastroscopie
253,veronderstelt
254,episodes
255,beter
256,stijgt
257,polikliniekbezoek
258,inspannings-ecg
259,linker ventrikel.1
260,voorgrond
261,prima
262,stroomdiagram
263,contractieverloop
264,toegediend
265,gecontroleerde onderzoeken
266,middel
267,bètareceptorblokkade
268,veneuze systeem
269,verlichting
270,bleken
271,hangen
272,isoleren
273,efferente arteriole
274,stierven
275,thuiszorgprogramma
276,overmatig alcoholgebruik
277,angulus sterni
278,neurohormonale
279,disfunctioneren
280,cytostatica
281,preparaten
282,alogliptine
283,pillen
284,gedocumenteerd
285,intoxicatie
286,cardiale
287,53-jarige man
288,- catiemethoden
289,laboratorium
290,valsalva-manoeuvre
291,uitnodiging
292,controle-echocardiografie
293,cor-thoraxratio
294,gunstig
295,aanmerkelijk
296,cardiovasculaire morbiditeit
297,experts
298,degenen
299,schatting
300,dyspnoïsch
301,bilirubinewaarde
302,plaatsten
303,metingen
304,angineuze
305,houden.1
306,leverde
307,behandelmogelijkheden
308,nauwe
309,zuurstofsaturatie
310,body mass index
311,chronische hartfalen
312,70-80-jarigen
313,hartfalen.1
314,kracht
315,diabetespatiënten
316,mortaliteitsrisico
317,vermijden
318,mswt
319,verondersteld
320,cardiologische polikliniek
321,genomen
322,perifere circulatie
323,verergeren
324,lisdiuretica
325,bradycardie
326,driemaandelijkse controles
327,benauwde
328,tijkondersteuners
329,voorschrijfgedrag
330,gestandaardiseerd
331,onderhydratie
332,renine-angiotensine-antagonisten
333,vernieuwde richtlijnen
334,voorschrijven
335,tachypneu
336,bronchospasme
337,opgestart
338,luxeren
339,casustekst
340,adviezen
341,spreiding
342,auscultatie
343,lactaatconcentratie
344,snelle
345,pathologisch
346,nierfunctievermindering
347,over
348,invulden
349,losartangebruikers
350,mmhg
351,aangewezen
352,vrouwelijk
353,ventrikel-
354,recidiefmyocardinfarct
355,eenmalig
356,nodi
357,draait
358,antihypertensivum
359,kaliumuitscheiding
360,geplast
361,hartchirurgie
362,test
363,algehele
364,farmacokinetische
365,langdurige
366,placebogecontroleerd
367,dossieronderzoek
368,arg389-variant
369,poliklinische
370,hypoalbuminemie
371,3dd
372,ademgeruis
373,twijfelachtig
374,hartrevalidatie
375,zoutrestrictie
376,mitralisklep
377,al. onderzoek
378,seksuele functie
379,geanalyseerd
380,hoog
381,studiepatiënten
382,geadviseerd
383,bloeddrukwaarde
384,hospitalisatie
385,malaise
386,variabelen
387,i-ii
388,zij
389,dubbelblind
390,rustsituatie
391,syncope
392,angiotensine-i
393,vaatwand
394,exogene
395,uitgesteld
396,subschalen
397,aritmieën
398,keus
399,geneesmiddeleninteractie
400,sacrum
401,tumor
402,puntjes
403,ondersteunend
404,placebopil
405,reviewers
406,pneumonie
407,mag
408,filtratiesnelheid
409,beslisregels
410,starttherapie
411,hydralazine
412,descriptieve
413,terminal
414,doordat
415,bloeddrukverlagende
416,placebobehandelde
417,late percutane coronaire interventie
418,recompensatie-evenwichten
419,bètablokkers
420,inventariseerden
421,aldosteronspiegel
422,langer
423,ureum
424,onbloedig
425,ruimer
426,rijp
427,uitgezette
428,gezondheidszorgsysteem
429,lever
430,voedingstoestand
431,bent
432,voorgeschreven
433,43-jarige
434,bejaarden
435,echo
436,verminderde
437,drijven
438,tests
439,nycturie
440,ontwikkelingskosten
441,chf-diagnose
442,einddoeltherapiepatiënten
443,ziekenhuismaterialen
444,overwogen
445,nt-probnp
446,overlaten
447,kruiden
448,met paroxismale nachtelijke benauwdheid
449,eenmalige
450,onderkenning
451,trombo-embolie
452,anp-
453,perindopril
454,plasmaconcentratie
455,systolische functie
456,coronaire bypass-
457,verbeteringen
458,veneuze longstuwing
459,eerstelijns
460,oudsher
461,gevorderde
462,intravasculair volume
463,verslechtert
464,microstukje
465,onduidelijkheid
466,ontvingen
467,bètablokker
468,onwaarschijnlijk
469,chronisch obstructief longlijden
470,uitgesprokener
471,heel
472,nuttigheid
473,congenitale cardiovasculaire afwijkingen
474,reversibele
475,onder
476,dieetdagboek
477,schade
478,gecontroleerd
479,polsfrequentie
480,rugligging
481,elektrocardiografisch
482,ventrikeldisfunctie
483,ace-remming
484,controles
485,theorie
486,thymidinefosforylase
487,beroertes
488,hartslag
489,tachycard
490,onderstreept
491,linkerkamerdisfunctie
492,langwerkende vorm
493,verlenging
494,lang
495,mannen
496,voorspellers
497,toenemen
498,drietal
499,glomerulaire
500,schematische weergave
501,non-steroidal anti-inflammatory drugs
502,pathologische
503,kleven
504,e-learning
505,nesiritide-groep
506,variëren
507,spoedopvang
508,geneesmiddellen
509,antiarrhythmica
510,borstholte
511,therapie
512,kennis
513,toedieningsvorm
514,subklinische linker-ventrikel
515,geringe
516,waardevol
517,onderzoek
518,natriuminname
519,mits
520,renine
521,myocardischemie
522,atherosclerotische aandoeningen
523,recombinante
524,buikpijn
525,bevond
526,atriumgrootte
527,76-jarige
528,ofschoon
529,pompwerking
530,hartfalenpatiënt
531,elders
532,verminderde ejectiefractie
533,bijwerkingenprofiel
534,vena-cava-superiorisyndroom
535,centrale
536,zowel
537,drukmeting
538,vroegtijdiger
539,deelnam
540,adipositas
541,inhoudelijk
542,evaluatie
543,tekort
544,gecombineerde risico
545,remodeling
546,halvering
547,einddiastolische
548,autorijden
549,wijzen
550,risicofactor
551,overlijden
552,alogliptine-
553,aanvulling
554,behandelingsevenwicht
555,aangrijpingspunten
556,omstreeks
557,overeenkomst
558,thyreotoxicose
559,diureticabeleid
560,werpen
561,gewichtscontrole
562,rechter
563,urgentie
564,placebogebruikers
565,standaardbehandeling.3-7
566,anticoagulantia
567,klachtenvrij
568,verrichtten
569,medicijnen
570,sensibiliteit
571,geenszins
572,instructies
573,bol
574,geadviseerde
575,calciuretisch
576,lever-
577,chronisch gebruik
578,gecorrigeerde
579,( lv)-schade
580,stoppen
581,gedetailleerdere beoordeling
582,klachtenverlichtende
583,preoperatieve
584,angiotensine-converterend-enzym
585,onderdiagnostiek
586,bovenbuikklachten
587,vervolgen
588,doorbreken
589,zeker
590,matig
591,kant
592,resultaten
593,diameter
594,hoge
595,hun
596,sleutel
597,populatie bestond
598,naasten
599,er
600,direct
601,controlegroepen
602,luchtwegobstructie
603,mortaliteitsverlagend
604,obsoleet
605,depressies
606,opioïden
607,proatherosclerotische mechanismen.1
608,consult
609,bewegingsprogramma
610,echocardiografie
611,captopril
612,ingreep
613,cardioselectieve bètablokker
614,tijdstippen
615,bespaard
616,intraveneuze toediening
617,gecombineerd
618,ruim
619,huisarts
620,veneuze longvaatbed
621,bekende
622,referenties
623,complicatie
624,transplantatie-wachtlijst
625,raadplegen
626,basisvoorlichting
627,kamerfunctie
628,copernicus-studies
629,pre
630,diabeteszorgprogamma's
631,hoeksteen
632,methodologie
633,spironolactone
634,"0,7%-punten"
635,percutane
636,ace-remmer
637,trager
638,uitdiepen
639,wankel
640,cohortonderzoek
641,radionuclidemetingen
642,invaliderende
643,omzettingssnelheid
644,rechtvaardigen
645,thoraxdiameter
646,referentiewaarde
647,rechtop
648,2dd
649,hartfalen
650,gedefinieerd
651,chloor
652,tussentijdse hypotensie
653,vesnarinon
654,vervolgfase
655,gebruikelijk
656,polyfarmacie
657,doorverwezen
658,nieuw behandeldoel
659,droog
660,gecollabeerd
661,medicatieplan
662,galblaas
663,coördinatie
664,meervoudig
665,lichamelijk
666,radioimmunoassaytechnieken
667,failure
668,derde plaats
669,graad
670,de comet-studie
671,diclofenac
672,echocardiogram
673,tweede-
674,ziektegeschiedenis
675,verminderd inspanningsvermogen
676,cumulatieve
677,mild hartfalen
678,acetylsalicylzuur
679,operaties
680,myocardinfarcten
681,kleurenzien
682,angiotensine-'converting'-enzym
683,effectief
684,gefaciliteerde pci
685,corrigeren
686,onveranderd
687,natriuretische
688,laboratoriumcontroles
689,niet-selectief
690,onderzoeken
691,retrospectieve onderzoeken
692,bekend
693,intensive-careafdeling
694,verleend
695,gedemonstreerd
696,propafenon
697,relatieve-risicoreductie
698,evenmin
699,defecatie
700,bestanddeel
701,in-vitrostudie
702,structuurveranderingen
703,cohort
704,vrouw
705,fluorouracil-prodrugs
706,preferentieel
707,primaire eindpunten
708,spirometrie
709,vaatverwijders
710,asynchronie
711,cross-over onderzoek
712,vochtretentie
713,piekconcentratie
714,type-2
715,ossale metastasen
716,uitwijst
717,comorbiditeiten
718,toename
719,ß-blokkers
720,glucosurie
721,schakelen
722,matrixstabiliserende
723,drukbelasting
724,rr
725,zelfdoding
726,ergometrietest
727,stimuleren
728,sterven
729,drinken
730,acenocoumarol
731,experimenten
732,technetium-99m-sestamibi
733,longstuwing
734,pneumokokkenvaccinatie
735,statistisch
736,echocardiografie.
737,acute dyspnoe
738,bevestigen
739,overgeplaatst
740,microcytair bloedbeeld
741,minderheid
742,geruisen
743,herziene standaard
744,ischemische beroerte
745,spierkrachttraining
746,bij verdenking
747,gewenste
748,water-
749,matrixverval
750,bloedplaatjes
751,bijzonderheden
752,thromboxaan
753,casus
754,inziens
755,trigger
756,pathogene
757,verrichte
758,45-jarige
759,ontsmetting
760,uitsluitingscriteria
761,constructvaliditeit
762,toegediende
763,geleidingsstoornissen
764,dilaterende cardiomyopathie
765,liet
766,wijzigingen
767,ernstige
768,roche-therapeutics
769,morfine
770,serumcreatininespiegel
771,dun
772,kniepees-
773,opvattingen
774,defibrilleren
775,vochthuishouding
776,bloedige metingen
777,pleiotrope
778,factor
779,opgenomen
780,multivariabele regressieanalyse
781,toe
782,samentrekt
783,zorginstellingen
784,atriumfibrillatie
785,voornoemde
786,natrium-
787,gedialyseerd
788,instelt
789,serumkaliumconcentratie
790,waterretinerende neurohormonen
791,intolerantie
792,schattingen
793,etiologie
794,wetenschappelijk onderzoek
795,dynamiek
796,monitoringcondities
797,soms
798,adjuvante
799,angiotensine
800,nadien
801,afdoende
802,cardiaca
803,klepdisfunctie
804,oplopende
805,spoedeisendehulpafdeling
806,gepaste
807,overmatig
808,hypervolemische hyponatriëmie
809,onderscheiden
810,osteosarcoom
811,proximaal tubulair
812,concentraties
813,ecg
814,voorlopige resultaten
815,neurohormonen
816,real time
817,haloperidol
818,epidemiologisch
819,bewustzijn
820,eenduidig
821,behoudens
822,hba1c
823,symptomatisch
824,omgekeerd
825,doorbloeding
826,toediening
827,hyper-
828,pro-breinnatriuretisch peptide
829,donororganen
830,vermoeidheid
831,intracardiale trombi
832,vragenlijsten
833,kinderleeftijd
834,peristaltiek
835,nor
836,zelfrapportage
837,niet-fataal
838,ingevoerd
839,cytokinen
840,breed qrs-complex
841,aanvullende
842,6-minutenlooptest
843,herstel
844,rehospitalisatie
845,mee
846,voorkómen
847,stelden
848,diffuus intrarenale vaatafwijkingen
849,obgvm
850,diastolisch
851,postacute
852,sterk verband
853,snellere
854,venen
855,30ml
856,klepfunctie
857,vervalt
858,hypoglykemie
859,biologische
860,vergrootte
861,wijziging
862,hyperuricemie
863,correctiemechanisme
864,isosorbidemononitraat-gebruikers
865,allelfrequentie
866,renine-angiotensine-aldosteron systeem
867,aanwijzingen
868,bloedige
869,niet-dihydropyridine calciumantagonisten
870,beta-agonist
871,prognostisch
872,nu
873,werkingsmechanisme
874,rechter atrium
875,geneesmiddelvoorschriften
876,spierweefsel
877,samenwerkingsrelatie
878,hartcyclus
879,transferrinesaturatie
880,x-dal
881,proliferatie
882,implanteerbare
883,acute nierinsufficiëntie
884,opiaten
885,ziektegeschiedenissen
886,verdwijnen
887,leverrand
888,digitalis
889,mellitus
890,noteer
891,eigenschappen
892,normale
893,donoren
894,veilige ondersteuning
895,consequenties
896,bètablokkeerders
897,forward failure
898,frequent
899,chronische bronchitis
900,verzwakt
901,pretransplantatiepatiënten
902,aparte
903,primaire uitkomsten
904,diuretica intraveneus
905,antidiabetische werking
906,serumkaliumstijging
907,hartritmestoornis
908,lvef-daling
909,verhoogde kans
910,atrioventriculair blok
911,fibrinolytische
912,aldosteronproductie.1
913,cardiale myocyt
914,glomerulaire filtratiesnelheid
915,meebeoordeeld
916,chronisch
917,middelbare leeftijd
918,deelgenomen
919,horizontaal vlak
920,linkerventrikel
921,uitgesloten
922,ijzerstatus
923,gevoeliger
924,voorkamerfibrillatie
925,harttoon
926,sporen
927,beduidend
928,meededen
929,acceptabel
930,geprogrammeerde celdood
931,ouder
932,aanvullende behandeling
933,abstinentie
934,remodellering
935,number needed to treat
936,reversibele oorzaken
937,moeilijk
938,problemen
939,derde harttoon
940,stofwisselingsproducten
941,thuissituatie
942,coronaire vaten
943,vervolgdiagnostiek
944,vergroten
945,sinusritme
946,orthopneu
947,hoorde
948,vertroebelen
949,afgedrukt
950,nier-
951,gedifferentieerde behandeling
952,thiazide
953,welbevinden
954,nauwkeuriger
955,primaire eindpunt
956,klinieken
957,nt-probnp-waarde
958,ventrikel
959,snp
960,defibrillatie
961,coronaire
962,verantwoord
963,aangespannen
964,horizontale vlak
965,dankzij
966,chronisch hartfalen
967,gewichtsverlies
968,afferente constrictie
969,tien
970,verminderen
971,therapeutische
972,ontzouting
973,gouden standaard
974,voorspelde
975,overlevingskans
976,protocol
977,medicamenteus
978,vroegtijdig
979,zeldzame
980,bevestiging
981,afkapwaarden
982,aanzienlijke bijdrage
983,bindingsduur
984,veelal
985,gangbare methode
986,cholesterolverlaging
987,zeldzamer
988,dialysetherapie
989,intensief behandeld
990,diabetische cardiomyopathie
991,ondersteunen
992,kwetsbare
993,geneesmiddelonderzoeken
994,klasse iii
995,rechter ventrikel
996,compressie
997,post-hoc analyse
998,klasse 2
999,cellulaire toxiciteit
1000,klinisch
1001,katheterpunt
1002,non-invasief onderzoek
1003,terminaal hartfalen
1004,midden
1005,terugkerende
1006,langdurig
1007,health project
1008,( merit-hf
1009,kinderschoenen
1010,hartfalenspreekuur
1011,navraag
1012,h2o
1013,gelegenheidssteekproef
1014,disciplines
1015,veldtest
1016,crepiteren
1017,verdubbelingen
1018,drie
1019,bradyaritmieën
1020,acuut
1021,sterfgeval
1022,geriatrische
1023,geschat
1024,mantelzorgers
1025,pulmonale aandoening
1026,opgespoord
1027,endotheline
1028,gen
1029,reflextachycardie
1030,diagnoses
1031,amiloride
1032,implicaties
1033,niet-coronaire hartziekte
1034,gesproken
1035,beschrijvend
1036,voldeden
1037,behandelingsmodaliteiten
1038,angiotensine-receptorantagonisten
1039,cvd
1040,verlaagde ejectiefractie
1041,aii-antagonist
1042,darmischemie
1043,kleinere
1044,arteriële bloeddruk
1045,ziekenhuisopnamen
1046,hypomagnesiëmie
1047,zogenaamde
1048,systolische linkerventrikeldisfunctie
1049,morbiditeit
1050,chirurgie
1051,pleuravocht
1052,vocht
1053,alfa-
1054,beide
1055,succesvolle behandeling
1056,latje
1057,intention
1058,onderdrukken
1059,prevalentiecijfers
1060,fdh
1061,evalueren
1062,optitreren
1063,gevoel
1064,dubbele
1065,ontladingen
1066,praktische
1067,ureum-
1068,klasse-iv-patiënt
1069,multicentrische onderzoek
1070,aangezogen
1071,gewogen
1072,vervolgbehandeling
1073,onvoldoende respons
1074,behandelde
1075,therapeuticum
1076,flecaïnide
1077,tevoren
1078,risico
1079,bovengenoemde
1080,midclaviculairlijn
1081,perioperatief
1082,leverfalen
1083,hartvaataandoening
1084,onbloedige
1085,overgewicht
1086,intensieve begeleiding
1087,ambulante
1088,carotis
1089,telden
1090,diureticagebruik
1091,extremiteiten
1092,vernauwen
1093,adenosine-di-fosfaat
1094,kortdurend
1095,pomp
1096,enalapril
1097,conclusie
1098,aritmieën.8
1099,mdr
1100,patiëntengroep
1101,huid
1102,waarna
1103,reperfusie
1104,nierdoorstroming
1105,nhg-standaard
1106,dosisverhoging
1107,lag
1108,pacemakerritme
1109,ml
1110,marker
1111,systolische ventriculaire dysfunctie
1112,diuretisch
1113,onderzoekspopulaties
1114,karakteristieke
1115,diagnostisch onderzoek
1116,verbindingslijn
1117,ziekteprogressie
1118,sinusbradycardie
1119,vormen
1120,elektrofysiologische
1121,pagina's
1122,neergelegd
1123,ruimte
1124,verhoogde expressie
1125,thiazolidinedionderivaten
1126,biologisch
1127,sinus syndrome
1128,overvulling
1129,natriuretische peptiden
1130,verslechteren
1131,creatinine
1132,benaderden
1133,buik
1134,contra-indicatie
1135,plasma-bnp-concentratie
1136,transplantatie
1137,case studie
1138,aanvullend onderzoek
1139,tegenaanwijzingen
1140,onafhankelijke
1141,abdomen
1142,inhalatorgebruik
1143,exacerbatie
1144,belangrijke
1145,palmoplantaire erytrodysesthesie
1146,mengelmoesje
1147,syndroom
1148,voldaan
1149,morfologische
1150,beta-blokkers
1151,laagste punt
1152,wil
1153,vermijdbare
1154,amper
1155,vernieuwde
1156,ziekenhuizen
1157,gewichtsneutraal
1158,digoxinebepaling
1159,verbonden
1160,linkerventrikelejectiefractie
1161,lastig
1162,milde
1163,plaatje
1164,wachttijd
1165,glomerulusfiltratie
1166,wachtlijst
1167,reversibele luchtwegobstructie
1168,endemisch
1169,spierkracht
1170,systolisch
1171,osteosarcomen
1172,rechteratriumdruk
1173,melkzuuracidose
1174,ziektebeeld
1175,hoofd
1176,5fu-toxiciteit
1177,oud
1178,synergistische
1179,irreversibele
1180,plasmaconcentraties
1181,acuut hartfalen
1182,beveelt
1183,seksualiteit
1184,geïdentificeerd
1185,observatieperiode
1186,informatienetwerk
1187,ventrikelfrequentie
1188,inactivatie
1189,sekseverschillen
1190,vaatstenoses
1191,chronische
1192,experimentele
1193,gemeten
1194,geë-valueerd
1195,pacing'-pacemaker
1196,chirurgische
1197,232-voudige
1198,hartfalensymptomen
1199,tweede
1200,interventie
1201,zesde plaats
1202,zelfdosering
1203,primair
1204,medicus
1205,cardiovasculaire effecten
1206,opmerken
1207,titratie
1208,compenseren
1209,verpleegkundige
1210,opwegen
1211,negroïde
1212,toegeschreven
1213,fysisch-diagnostisch onderzoek
1214,shock
1215,adequaat gebruiken
1216,malen
1217,neurohumorale
1218,medicamenteuze behandeling
1219,optreedt
1220,hazardratio
1221,systolische bloeddruk
1222,roept
1223,herkend
1224,verwaarloosbaar
1225,range
1226,medisch-technische
1227,bèta-adrenoceptorblokker
1228,cellen
1229,intracardiale defibrillator
1230,dp
1231,achteruitgang
1232,leefstijladvies
1233,hoopt
1234,ppv
1235,huisartsen
1236,drukken
1237,atriumfibrilleren
1238,prak
1239,bijscholing
1240,biochemische maten
1241,onrust
1242,(elite)-onderzoek
1243,absorptie
1244,waterzucht
1245,gerecompenseerde
1246,terugvallen
1247,hartspier
1248,terug
1249,compensatiemechanisme
1250,ischemische cardiomyopathie
1251,voeten
1252,overbelasting
1253,uniform
1254,cardioverter
1255,volumebelasting
1256,literatuurreferenties
1257,digitalisintoxicatie
1258,apoptotische
1259,single group measurement design
1260,cross-sectioneel onderzoek
1261,leidt behandeling
1262,informatievoorziening
1263,hoofddoelen
1264,zinvol
1265,beschrijven
1266,1-remmers
1267,colofon
1268,gemeten waarden
1269,al.
1270,stoornissen
1271,heropnamecijfers
1272,bloedvaten
1273,waargenomen
1274,combinatietherapie
1275,hartgeruisen
1276,hartfalenprogramma's
1277,waarde
1278,samengestelde consensusgroep
1279,denk
1280,gynaecomastie
1281,leverziekten
1282,atypisch
1283,ademfrequentie
1284,alogliptinebehandelde
1285,intrinsieke sympathicomimetische activiteit
1286,cardiale schade
1287,cardiomyocyt
1288,orthopnoe
1289,uitgangswaarden
1290,efferens
1291,betablokkers
1292,gerandomiseerde
1293,echocardiografisch
1294,doorverwijzen
1295,copd
1296,harttonen
1297,geïnterpreteerd
1298,voegden
1299,chemotherapeutische
1300,causale
1301,apex
1302,referentiepunt
1303,overeenkomt
1304,magnesium
1305,cholecystitis
1306,ace)-remmers
1307,hfbef
1308,tumoren
1309,inotroop
1310,antracyclinen
1311,trekken
1312,polymorfismen
1313,poliklinieken
1314,pmol
1315,coronaire revascularisatie
1316,cyp2c9
1317,mobiliteit
1318,huisbezoe
1319,ontslagdiagnose
1320,laagdrempelige
1321,ace-remmers
1322,pg
1323,punctum maximum
1324,inspanningstolerantie
1325,insulinegevoeligheid
1326,bloedingen
1327,aanbeveling
1328,standaardtherapie
1329,uitsluiten
1330,per
1331,sorteert
1332,digoxine-intoxicatie
1333,aortae
1334,angiotensineconverterend enzym
1335,overlijdensgevallen
1336,cardiovasculair
1337,medicament
1338,zestiger
1339,bezwaren
1340,dichterbij
1341,angiotensine ii
1342,dyslipedemie
1343,( bsvs-chf
1344,verhoogd
1345,linkerzijligging
1346,ontstekingsremmers
1347,cardiac ejection fraction
1348,hemodynamische
1349,plaatsgevonden
1350,epifenomenen
1351,benader
1352,hulp
1353,actieve betrokkenheid
1354,verplegen
1355,verpleegkundigen
1356,sterftereductie
1357,galop
1358,klepafwijkingen
1359,ernstig copd
1360,terugstromen
1361,fibrinolytica
1362,tekortschiet
1363,bewerkstelligen
1364,chloorhexidine
1365,neprilysine-receptoren
1366,ziekbed
1367,baseline
1368,deterioratie
1369,respectievelijk
1370,doorgegeven
1371,hoogst
1372,medicatie
1373,infecties
1374,conclusies
1375,nader
1376,bewegingspatroon
1377,hart
1378,essentieel belang
1379,wanddikte
1380,prognose
1381,opvoeren
1382,rd
1383,ramus circumflexus
1384,instellen
1385,nieren
1386,inspanning
1387,hulpverlening
1388,natriumarm
1389,pulmonaal piepen
1390,onbekend
1391,nierarteriestenose
1392,onbeantwoorde
1393,uitkomsten
1394,soepel
1395,klasse ii-iv
1396,kaliumexcretie
1397,water
1398,vrouwen
1399,fictieve praktijk
1400,onderzoeksmethoden
1401,reïnfarct
1402,www.nhg.org
1403,ß1-adrenerge receptoren
1404,hand-voetsyndroom
1405,kindertijd
1406,contraheert
1407,onderliggende
1408,terughoudend
1409,verbreed
1410,aspirin
1411,bedroegen
1412,patiënten
1413,perifere weerstand
1414,nefronen
1415,rosiglitazon
1416,twijfelen
1417,niet-medicamenteuze
1418,vochtrestrictie
1419,vochtinname
1420,gezondheidszorgvoorzieningen
1421,afneemt
1422,uren
1423,vasodilaterende
1424,aritmie
1425,opbouwen
1426,microscopie
1427,palperen
1428,getallen
1429,observatie
1430,reversibel
1431,superieur
1432,uikomsten.13
1433,uitspraken
1434,onderworpen
1435,indicator
1436,parameters
1437,hoorbaar
1438,routinezorg
1439,hartklepgebreken
1440,gedilateerde cardiomyopathie
1441,achterhaald
1442,onterecht
1443,eenderde
1444,zuurbranden
1445,casuïstische
1446,enzymwerking
1447,wachtlijstkandidaten
1448,zorgvoorzieningen
1449,mutatie
1450,recidiverend
1451,clinic
1452,samenging
1453,te vullen
1454,ofwel
1455,leefstijlfactoren
1456,basistherapie
1457,retineren
1458,bovenbuik
1459,referaat
1460,medicatiestappen
1461,neurohormonale systemen
1462,therapietrouw
1463,tricuspidalisklepvlak
1464,gedragsmatige behandeling
1465,liggen-zitten-staan
1466,sodium'-glucose-cotransporter-2-remmer
1467,geaccepteerde
1468,mate
1469,hulpmiddelen
1470,lichaamslengte
1471,acetylsalicylzuurgebruik
1472,nierfunctiestoornis
1473,necrotische cellen
1474,acute coronaire syndromen
1475,sub
1476,onderzoeksvragen
1477,methoden
1478,diagnosen
1479,linker-
1480,aldosterone
1481,huisartsenzorg
1482,arteriële perfusie
1483,letale
1484,nucleotide polymorphism
1485,cardiomyocyten
1486,comorbiditeit
1487,genoemde
1488,thoraxfoto
1489,medicijn
1490,luchthoudendheid
1491,extraheerden
1492,atrioventriculaire koppeling
1493,symptomatische
1494,gezondheidsgerelateerde
1495,relaxatietijd
1496,betere
1497,plasmaconcentratie-tijdcurve
1498,allel
1499,hepatomegalie
1500,diuretische
1501,veneuze druk
1502,afkappunt
1503,ventrikeldiastole
1504,metoprololsuccinaat
1505,twee-
1506,nationaal registratiesysteem
1507,gestratificeerd
1508,plaatjesaggregatieremmer
1509,terminale
1510,ziekenhuistherapie
1511,bijwerking
1512,ischemisch hartfalen
1513,30-mg-vesnarinongroep
1514,preventie
1515,cumarinen
1516,instantie
1517,metformine
1518,copd-exacerbaties
1519,verwerkings-
1520,aortastenose
1521,aliskiren
1522,hartfalenpoli's
1523,gekarakteriseerd
1524,gemetastaseerde
1525,acute dyspneu
1526,eliminatie
1527,serumkaliumgehalte
1528,hoogbejaarde
1529,weefselhypoperfusie
1530,coronarialijden
1531,eindstadium
1532,afwijkende
1533,stabiel chronisch hartfalen
1534,capaciteit
1535,accuratesse
1536,systolische ruis
1537,cholesterolwaarde
1538,waterhuishouding
1539,talrijke
1540,disfunctie
1541,vertoonden
1542,hart- en vaatziekten
1543,activiteit
1544,geleidingsstoornis
1545,dosisverdubbeling
1546,"95%-bi:,-2,1-0,7"
1547,ontkracht
1548,besproken
1549,ingenomen
1550,niet
1551,boezemfibrilleren
1552,conditie
1553,receptorblokkers
1554,disease
1555,fysiotherapeut
1556,remmers
1557,pulmonale overvulling
1558,verbleven
1559,longfunctieafwijkingen
1560,dosisreductie
1561,diureticadoseringen
1562,eerste
1563,tertielwaarde
1564,indeling
1565,atherosclerotische ziekten
1566,terminale zorg
1567,levenskwaliteit
1568,gemeld
1569,inleidende
1570,mechanismen
1571,serumelektrolyten
1572,lineaire relatie
1573,voorbelasting
1574,cardiac events
1575,levensfase
1576,componenten
1577,geformuleerd
1578,benadrukt
1579,farmacodynamiek
1580,leerpunten
1581,breken
1582,vochtverlies
1583,eenmaaldaags
1584,kruidenmengsel
1585,acute hartdood
1586,adjuvant
1587,langetermijneffect
1588,overleven
1589,renaal
1590,apotheker
1591,intensiever
1592,bruikbaar
1593,lethargische
1594,beleid
1595,speurtocht
1596,sadvies
1597,segmentale contractie-relaxatiepatronen
1598,onstabiele angina
1599,verzorgingshuis
1600,niet-cardiaal
1601,longfoto
1602,rosuvastatine
1603,map
1604,name
1605,gelegd
1606,anaesthetica
1607,vergoed
1608,herhaaldelijk
1609,nood
1610,overlap
1611,voorgesteld
1612,gedecompenseerd hartfalen
1613,paroxysmale nachtelijke
1614,tachycardieën
1615,niet-statistisch
1616,tegenaanwijzing
1617,ziekenhuis
1618,multi-organ failure
1619,heilzame
1620,beschrijvend onderzoek
1621,multidisciplinaire richtlijn
1622,armhoogte
1623,dutp-gelabelde cardiomyocyten
1624,wet van laplace
1625,nierperfusie
1626,bèta-2-adrenoceptor
1627,aangegeven
1628,serumcholesterol-
1629,patiëntengroepen
1630,gamma-gt
1631,probnp
1632,secundaire rechtszijdige belasting
1633,innemen
1634,atriumpeptiden
1635,behandeloptie
1636,randomiseerden
1637,dpp4-remming
1638,algeheel
1639,diabetesrichtlijn
1640,levensverwachting
1641,gering
1642,angiotensinereceptorblokkers
1643,palpabel
1644,cardiac output
1645,coronaire bypassoperatie
1646,iu
1647,natriumarme
1648,stressreactie
1649,toedienen
1650,levensduur
1651,angiotensine-ii
1652,pomphuur
1653,bepaling
1654,remissie
1655,acute bronchitis
1656,lichamelijk onderzoek
1657,vatbaar
1658,sglt-2-remmers
1659,overgaat
1660,micro-
1661,hen
1662,ethische
1663,cardiologen
1664,icd-implantatie
1665,nieuw
1666,objectief bewijs
1667,efficiënte zorg
1668,exploratieve
1669,dilatatoire cardiomyopathie
1670,manieren
1671,destilleren
1672,valrisico
1673,bloeddruk
1674,diagnosticeren
1675,staken
1676,stijging
1677,geringer
1678,database
1679,ontslagen
1680,biochemisch
1681,neutrale effecten
1682,harttransplantatie
1683,longen
1684,plantkundige
1685,overbruggingsprocedures
1686,anemie
1687,vaatwandeigenschappen
1688,optredend
1689,gezondheidskosten
1690,prostaglandinen
1691,vullings-
1692,symptoom
1693,longmaligniteit
1694,oplaaddosis
1695,myocardinfarct
1696,negatief voorspellende waarde
1697,multicentrumonderzoek
1698,maligniteit
1699,longproblemen
1700,golden
1701,klaagde
1702,benadrukken
1703,houden
1704,mitralis-aortaklepinsufficiëntie
1705,bijnier
1706,borst-
1707,weefselperfusie
1708,voorlichting
1709,net
1710,acute
1711,hartsouffle
1712,ritmestoornissen
1713,opmerkelijk
1714,ibopamine
1715,voorbeschikken
1716,vermoedelijk
1717,incidenten
1718,genetische ontrafeling
1719,antitumoreffect
1720,gedilateerd
1721,blanke
1722,vastgesteld
1723,titreer
1724,speuren
1725,aortaklepstenose
1726,diagnose
1727,gissi-he
1728,oefenen
1729,health literacy
1730,kleurstof
1731,verticale
1732,scoorden
1733,veronderstelde
1734,www.trialregister.nl
1735,het gevaar
1736,ß2-receptoren
1737,behandelopties
1738,auto
1739,uremie
1740,serumcreatinine
1741,tonen
1742,regressiemodel
1743,ion-kanalen
1744,heart
1745,opeenvolgende
1746,arbeid
1747,ziekenhuisverplaatsende zorg
1748,onderzoeksbevindingen
1749,conditie ontslagen
1750,voortschrijden
1751,anterolateraal
1752,screeningsonderzoeken
1753,postglomerulaire arteriole
1754,voorspoedig
1755,overstap
1756,cellulaire
1757,oogpunt
1758,hyperthyreoïdie
1759,gemiste
1760,procedure
1761,bestrijden
1762,operationele
1763,sympathicus-tonus
1764,invasieve
1765,hoest
1766,palliatieve zorg
1767,nefroloog
1768,veld
1769,ingevulde
1770,startdosering
1771,samenvattingen
1772,bijgesteld
1773,bronchoconstrictie
1774,halsvenen
1775,behandelwijzen
1776,verwezen
1777,jugularis externa
1778,enerzijds
1779,niet-gerandomiseerde
1780,galwegen
1781,toekomst
1782,externe
1783,echocardiografische technieken
1784,gefaciliteerde
1785,eindstadiumhartfalen
1786,omzetting
1787,kwartielen
1788,placebogroep
1789,meebrengt
1790,statusonderzoek
1791,insufficiënt
1792,dachten
1793,vernieuwde stroomdiagram
1794,immuunhistochemisch
1795,vetweefsel
1796,symptomatologie
1797,luchtwegen
1798,turgor
1799,opstarten
1800,excavatio rectouterina
1801,linkerbundeltakblokconfiguratie
1802,thiazolidinedionen
1803,neurohormoonbepalingen
1804,kaliumrijk
1805,nitroglycerine
1806,biventriculaire kamerstimulatie
1807,plasma-bnp-waarde
1808,statinehype
1809,euthanasie
1810,long
1811,keken
1812,diureticaresistentie
1813,voortijdig
1814,gevalsonderzoek
1815,slaaponderzoek
1816,zelfcontrole
1817,afwijzing
1818,hoekstenen
1819,overmatige
1820,kwaliteit van leven
1821,etiologisch
1822,thuiszorg
1823,carotispols 1-toppig
1824,biochemische
1825,benigne
1826,fysieke
1827,teken
1828,stelde
1829,n=3796
1830,controle
1831,einddiastolische linkerventrikelvolume
1832,casussen
1833,and morbidity
1834,ernstiger gevallen
1835,classificatie
1836,databases
1837,kleppen
1838,farmaceutische
1839,ontbrekende
1840,pulseren
1841,collega's
1842,elkaar
1843,herkennen
1844,perfunderen
1845,symptomen
1846,onacceptabel
1847,orthostatische
1848,kanker
1849,saxagliptine
1850,antagonisten
1851,hals
1852,gespecificeerde
1853,digoxine
1854,longembolie
1855,natriumuitscheiding
1856,coronairvaten
1857,obstructief longlijden
1858,offspring
1859,hf
1860,batista-operatie
1861,renaal falen
1862,diegenen
1863,meta-analyses
1864,ictus
1865,bloed
1866,gebruikten
1867,handvenen
1868,haldol
1869,behandelingsoptie
1870,proeflaparotomie
1871,afgenomen
1872,duurtraining
1873,onderzoekbank
1874,druk
1875,volumina
1876,overschaduwd
1877,voorbarig
1878,mitralisklepplastiek
1879,onderkend
1880,bax
1881,voorvallen
1882,retrospectief onderzoek
1883,opgetitreerd
1884,coronairangiografie
1885,voorspellende
1886,behulp
1887,vergelijkbare
1888,sociaal functioneren
1889,hulpverleners
1890,instelling
1891,gewichtstoename
1892,receptorstructuur
1893,linkerbundeltakblok
1894,accelerometer
1895,systolisch functieverlies
1896,invasieve ingreep
1897,inneemt
1898,gebruikte.10
1899,beenmerg
1900,adequate instelling
1901,gezamenlijke zorg
1902,negatief effect
1903,constrictie
1904,klachtenreductie
1905,95-betrouwbaarheidsinterval
1906,exacerberend
1907,nabelasting
1908,gepresenteerd
1909,hibernatie
1910,effectief circulerend volume
1911,ziekten
1912,bicarbonaat
1913,digitalispreparaten
1914,renine-angiotensine-aldosteronsysteem
1915,niet-cardiale
1916,verdragen
1917,toepassingen
1918,luchtweg-
1919,vermoeide
1920,stimulatie
1921,relaxatieverloop
1922,hartrevalidatiearts
1923,serumconcentraties
1924,functionele
1925,acra
1926,nauwgezetheid
1927,nierfunctieverslechtering
1928,nauwere
1929,levensgevaar
1930,telemonitoring
1931,geïnvalideerd
1932,onjuist
1933,literatuurstudie
1934,personal pills
1935,peptide
1936,laboratoriumonderzoek
1937,genetische
1938,plaatjesaggregatie
1939,collapsneiging
1940,determinanten
1941,verwijzing
1942,prostaglandinesynthese
1943,receptoren
1944,creatininewaarden
1945,aannemelijker
1946,polsgolf
1947,linker ventriculectomie
1948,onderdelen
1949,t2dm
1950,souffles
1951,perifere
1952,stappenplan
1953,vermoeden
1954,c-statistic
1955,herziene
1956,wegwijzers
1957,bloedige drukmeting
1958,prospectief cohortonderzoek
1959,spreken
1960,behandelgroepen
1961,levensjaar
1962,verlaag
1963,mean arterial pressure
1964,dringt
1965,vad
1966,intraveneuze kleppen
1967,ontstond
1968,vermeden
1969,preventieve doelen
1970,geneeskundige
1971,gelijktijdige
1972,gezonde
1973,parenteraal
1974,iliopsoas
1975,dien
1976,aannemelijk
1977,geremd
1978,verstijving
1979,doorgemaakt
1980,harfalen
1981,map-daling
1982,monotherapie
1983,nierschade
1984,tripeltherapie
1985,in-
1986,elektroforese
1987,exclusiecriteria
1988,doorbraken
1989,compliance
1990,aterogenese
1991,kwaliteit van zorg
1992,goede
1993,farmacodynamische
1994,dubbelblinde
1995,publicatie
1996,toelaat
1997,onderste longvelden
1998,bloeddrukdaling
1999,lisdiureticum
2000,achterhalen
2001,verlaagd
2002,zagen
2003,siginficant
2004,kwantiteit
2005,oppervlakte
2006,aangevuld
2007,dobutamine-infusie
2008,ernst
2009,hartfalenonderzoeken
2010,berekeningen
2011,natriumretentie
2012,vastgestelde
2013,dichtheid
2014,ii-receptorblokkers
2015,afstemmen
2016,levervenen
2017,toeneemt
2018,vierde
2019,vol
2020,subgroep
2021,obesitas
2022,dutp
2023,automatische
2024,druggebruik
2025,kwikmanometer
2026,β-blokkers
2027,preventieve behandeling
2028,claudicatio
2029,isosorbidemononitraat
2030,ondersteunt
2031,clinicus
2032,warme
2033,regulatie
2034,coronaire hartziekten
2035,hoogstwaarschijnlijk
2036,cva
2037,ketenzorg
2038,voorstadium
2039,psychosociale zorg
2040,onderzochten
2041,vertegenwoordigd
2042,veneuze stuwing
2043,observationele
2044,angiotensine-ii-receptorblokkers
2045,overlevingskansen
2046,nitraten
2047,hanteren
2048,gronden
2049,systematische zoektocht
2050,tachycardie
2051,splitste
2052,prevalentiestijging
2053,supraventriculaire
2054,nuttig
2055,stabiel
2056,longcrepitaties
2057,accelerometer-eenheden
2058,reversibele cardiomyopathieën
2059,dutp-gelabelde
2060,onverklaarde
2061,frequenties
2062,nierinsufficientie
2063,nieuw hartgeruis
2064,hematologische maligniteiten
2065,diureticum
2066,inclusie-
2067,deoxynucleotidyl transferase-mediated deoxyuridine triphosphate
2068,lichamelijke
2069,aangeraden
2070,piekinnames
2071,decompensatie
2072,bemoedigend
2073,toring
2074,ooghoogte
2075,respondenten
2076,al. zagen
2077,multivariabele logistische regressie
2078,ß1-receptor
2079,organen
2080,obstructieve hartklepaandoeningen
2081,apparatuur
2082,hangt
2083,b-typenatriuretisch peptide
2084,assistent
2085,vaardigheden
2086,gecombineerde-zorggroep
2087,langetermijnbehandeling
2088,meldde
2089,beschouwd
2090,onzekerheid
2091,coronaire ziekte
2092,opstellers
2093,redistributie
2094,m2
2095,farmacogenetica
2096,dm2
2097,nazorg
2098,vasten
2099,terugkoppeling
2100,onder controle
2101,stijgen
2102,cardiale pompfunctie
2103,calciumantagonist
2104,zuurstofverbruik
2105,geklaard
2106,zuurstofopnamevermogen
2107,vasodilatatie
2108,elektronische
2109,geplande
2110,remissieduur
2111,overdiagnostiek
2112,symptomatische hypotensie
2113,digoxinegebruik
2114,sublinguale
2115,parten
2116,multidisciplinaire ketenzorg
2117,grootschalige gebruik
2118,spreekuur
2119,hoogtechnologische
2120,contra-indicaties
2121,hamvraag
2122,verlagen
2123,zuurstofsoorten
2124,gestuurd
2125,inactieve
2126,abrupte
2127,lopen
2128,vast
2129,ruimen
2130,cavum
2131,eiwit
2132,mesangium
2133,toepassen
2134,wand
2135,behandelen
2136,interventiegroep
2137,goudenstandaarddiagnose
2138,angiotensine-ii-receptorblockers
2139,heropnamen
2140,ace-remmergebruikers
2141,validatie
2142,intraveneuze
2143,prospectieve onderzoeken
2144,gestopt
2145,bewoners
2146,voorwaarde
2147,verstrengeling
2148,doeltreffender
2149,weefsels
2150,hoger
2151,cholesterol
2152,hyperglykemie
2153,commentaar
2154,opstaan
2155,hartafwijking
2156,bradycardieën
2157,natriumconcentratie
2158,behandelaar
2159,duidelijk
2160,in
2161,dt
2162,verdwenen
2163,voetzoolreflexen
2164,perifere vaten
2165,stabiliseren
2166,zittend
2167,95-bi
2168,geconsulteerd
2169,risicofactoren
2170,kortetermijnveranderingen
2171,kaliumsparende diuretica
2172,voorschrift
2173,gerehydreerd
2174,gestarte
2175,belangrijk
2176,interventiegroepen
2177,hartfalenmedicatie
2178,zorgden
2179,macroalbuminurie
2180,dihydropyrimidinedehydrogenase
2181,aanwakkert
2182,reizen
2183,kortwerkende vorm
2184,geassocieerd
2185,mensen
2186,capecitabine
2187,uitersten
2188,lucht
2189,derde
2190,niet-farmacologische
2191,kernboodschappen
2192,labo
2193,infusiesysteem
2194,diagnostiek rondom
2195,ureumconcentratie
2196,reden
2197,marges
2198,verankeren
2199,tezamen
2200,angiotensineconverterend-enzym
2201,patiëntendossiers
2202,intensievere zorg
2203,inotropica
2204,ascitesvocht
2205,spiercelverlies
2206,hypoxemische
2207,samenhangt
2208,rondstuurt
2209,horizontaal
2210,onderhoudsmedicatie
2211,proefschrift
2212,prospectieve
2213,wondbed
2214,beroerte
2215,trombusvorming
2216,verkregen
2217,enzyme remmers
2218,bètareceptorantagonisten
2219,exacte
2220,follow-up
2221,ondergingen
2222,belastend
2223,onregelmatig
2224,diuretica
2225,groeiende
2226,internisten
2227,uitgebreider onderzoek
2228,verwardheid
2229,decapeptide
2230,farmacogenetisch
2231,dysfunctie
2232,wikkelhart
2233,verlaten
2234,vermindering
2235,ramipril
2236,fibroblasten
2237,varianten
2238,klasse-effect
2239,maken
2240,grote
2241,sternocleidomastoideus
2242,correlatiecoëfficiënt
2243,ziekte
2244,volle gang
2245,remmend
2246,voren
2247,perifeer oedeem
2248,pioglitazon
2249,palliatie
2250,interstitieel oedeem
2251,thuisinfusiebehandeling
2252,follow-upprogramma's
2253,langerdurend
2254,geschiedenis
2255,enzym
2256,rhonchi
2257,herhalingen
2258,beschouwde
2259,sterk
2260,groenewegen
2261,éénjaarsoverleving
2262,angiotensine-ii-antagonist
2263,tricuspidalisinsufficiëntie
2264,62-jarige
2265,daarentegen
2266,interacties
2267,biomarkers
2268,glomerulaire filtratierate
2269,natriumbeperking
2270,eenmalige toediening
2271,ontoereikend
2272,breinnatriuretisch
2273,laboratoriumtests
2274,- patroon
2275,voorspellende waarden
2276,eindfase
2277,gedeblokkeerd
2278,gestabiliseerd
2279,siliconenlijm
2280,perfusiedruk
2281,diafragma
2282,basale
2283,medische
2284,cardiaal
2285,niet-medicamenteus
2286,stapsgewijze
2287,literatuur
2288,toekomstverkenningen
2289,psychologische
2290,grotendeels
2291,zwangerschap
2292,cm
2293,gebrekkige
2294,naproxen
2295,myocyten
2296,onderzoekspublicaties
2297,wijkverpleegkundige
2298,niertubulus
2299,abnormaal
2300,corticosteroïden
2301,nader onderzoek
2302,cytochroom
2303,als
2304,laattijdige
2305,knapte
2306,atriumnatriuretische
2307,poliklinisch
2308,mortaliteitsafname
2309,groot
2310,creatineklaring
2311,hartinfarct
2312,bnp-gehalte
2313,cardiochirurgie
2314,drie middelen
2315,diagnostisch
2316,medicamenten
2317,uitkomstmaat
2318,axial flow pump
2319,huisartsenpopulatie
2320,diabetesbehandeling
2321,reanimatierichtlijnen
2322,herseninfarcten
2323,ace)-remmer
2324,berust
2325,medisch
2326,multicentrisch
2327,heropnames
2328,onbekende
2329,herhaling
2330,gewichtverlies
2331,anxiolytica
2332,gedemonstreerde
2333,ß-blokkade
2334,capecitabinebehandeling
2335,argwaan
2336,dihydropyridines
2337,bloedingstijd
2338,bleek
2339,psychosociale interventies
2340,bocht
2341,tricuspidalisklep
2342,myocard
2343,hemodynamisch
2344,regulair
2345,palliatiezorgteam
2346,borst
2347,diureticatoediening
2348,klinisch manifest
2349,behandelingsmogelijkheden
2350,orgaan
2351,fluorescent resonance energy transfer
2352,cardiovasculaire eindpunten
2353,aanbevolen
2354,kweken
2355,borstkanker
2356,eenvierde
2357,beslisregel
2358,intraveneuze bolus
2359,leidde
2360,opsporing
2361,afspiegeling
2362,inotrope
2363,episode
2364,voorkomende oorzaak
2365,torsades
2366,hartfalenverpleegkundige
2367,mechanische
2368,zelfzorg
2369,epd's
2370,cardiovasculaire sterfte
2371,correctie
2372,jonge
2373,1b
2374,n=405
2375,patiëntencategorie
2376,reduceren
2377,huisartsenpraktijk
2378,arteriole
2379,reversibiliteit
2380,rechterop
2381,inhouds-
2382,insufficiëntie
2383,intensief behandelen
2384,spoed
2385,progressieve
2386,rekatheterisatie
2387,enzyme
2388,analyses
2389,collapspunt
2390,inriep
2391,natrium
2392,endo-
2393,intraveneuze therapie
2394,niet-acute
2395,ingrepen
2396,zwaard
2397,uithoudingsvermogen
2398,tenecteplase
2399,potentiële gevaar
2400,cerebrovasculair accident
2401,lagere dosis
2402,verdubbeld
2403,angiotensine-converterend-enzymremmers
2404,streefdosering
2405,plaatjesremmers
2406,volstaat
2407,toevoeging
2408,body-mass index
2409,hydrochloorthiazide
2410,tijdschrift
2411,onderling
2412,geneesmiddelen
2413,streefwaarde
2414,snelwerkende nitraten
2415,gereanimeerd
2416,afwijkend
2417,afwachting
2418,overlijdensakte
2419,al
2420,relatie
2421,gemodificeerde
2422,review
2423,enkels
2424,studiegroepen
2425,traject y-h
2426,arteriële systeem
2427,ervan
2428,drukwisselingen
2429,bmi
2430,verergerd
2431,lichte
2432,zien.15
2433,torasemide
2434,begrippen
2435,gekeken
2436,vochtophopingen
2437,hartminuutvolume
2438,mini-review
2439,slechtere
2440,voorspellen
2441,euvolemische
2442,revalidatieprogramma's
2443,kon
2444,lichaamsbeweging
2445,antiaritmicum
2446,programma's
2447,pulmonale crepitaties
2448,uitwisseling
2449,leken
2450,bindingsaffiniteit
2451,matig hartfalen
2452,renale klaring
2453,perifeer bloed
2454,wel
2455,intra-aortale ballonpomp
2456,nabije
2457,gebruikelijke
2458,dehydratie
2459,significantieniveau
2460,pro-bnp
2461,zelfvernietiging
2462,fysieke activiteit
2463,eetlustverlies
2464,aangeboren
2465,basaal
2466,inspanningsvermogen
2467,benauwdheid
2468,samengaat
2469,placebo-groep
2470,differentiëren
2471,peripartum cardiomyopathie
2472,mededelingen
2473,multivariate analyse
2474,passend
2475,kanttekeningen
2476,grond
2477,derdegraads av-blok
2478,verschoven
2479,door
2480,uitsluit
2481,achtereenvolgens
2482,geboden
2483,verscheidene momenten
2484,nierfalen
2485,defibrillator
2486,bemoeilijkt
2487,vigerende richtlijnen
2488,afgeraden
2489,or
2490,chronische nierinsufficiëntie
2491,erg
2492,systemisch
2493,bovenlichaam
2494,hemodynamiek
2495,creatinineconcentratie
2496,downregulatie
2497,perindoprilgebruik
2498,inhoudsvaliditeit
2499,dotterbehandeling
2500,wondermiddel
2501,mfm
2502,eindpunt
2503,verkleinen
2504,doodsoorzaak
2505,qs-complexen
2506,basisartsen
2507,zodanig
2508,verergering
2509,overbrugging
2510,pathofysiologie
2511,voor-achterwaartse
2512,cholesterolverlagers
2513,kankerincidentie
2514,cholesterolverlager
2515,eerste lijn
2516,hoe
2517,geleidingsvertraging
2518,afstandsmeting
2519,insuline
2520,methode
2521,fluorescerende
2522,wgbo
2523,centraalveneuze druk
2524,hf-pef
2525,correleert
2526,cardiopulmonale resuscitatie
2527,verworven
2528,chloortalidon
2529,chemo-
2530,prevalentie
2531,positief effect
2532,intra-abdominale druk
2533,schijnbaar
2534,creatinineklaring
2535,retrospectief
2536,bepalen
2537,boogvormige waterpas
2538,aanpassingsproces
2539,hypokaliëmie
2540,boogmethode
2541,casuïstiek
2542,equipotente
2543,factoranalyse
2544,beleving
2545,bloedgasanalyse
2546,aanpassing
2547,diagnosticum
2548,one-stop shop
2549,inhalatie
2550,dieettherapietrouw
2551,waarneming
2552,venetakken
2553,achtergronden
2554,aii-antagonisten
2555,verhoogd risico
2556,of st-t-afwijkingen
2557,breedte
2558,vormde
2559,preventieve
2560,multipel
2561,angiotensine converting enzyme
2562,ondervertegenwoordigd
2563,onstabiele angina pectoris
2564,vlakke
2565,calciumantagonisten
2566,diastolisch hartfalen
2567,betere behandeling
2568,doodsoorzaken
2569,leefden
2570,berekend
2571,placebopillen
2572,gaat
2573,plasma
2574,griepvaccinatie
2575,2x
2576,neurohumorale systemen
2577,arteriële stijfheid
2578,hyperfiltratie
2579,isosorbidedinitraat
2580,placebo-gecontroleerde
2581,verder
2582,(nyha)-klasse ii
2583,coronaire hartziekte
2584,gezondheidsvaardigheden
2585,kanmoet
2586,medioclaviculaire lijn
2587,diagnostiek
2588,werkzame
2589,lager
2590,perken
2591,β-receptorblokkerende sympathicolytica
2592,systolische functiestoornis
2593,pathologie
2594,achtergrond
2595,loslaatpijn
2596,voorzorgen
2597,ziektespecifieke
2598,slaapapneu
2599,r-2 cm
2600,voorspellende waarde
2601,gelijktijdige aanwezigheid
2602,kaliumsuppletie
2603,angiotensine-ii-receptorblocker
2604,uitademingsstand
2605,ligt
2606,berustend
2607,beheersen
2608,registraties
2609,lagere
2610,zekere zin
2611,prospectieve onderzoek
2612,modulerend
2613,"36,0°c"
2614,observationeel onderzoek
2615,studieboeken
2616,halveer
2617,beslag
2618,helpt
2619,hartfunctie
2620,kernsymptomen
2621,kwaliteit
2622,waterretentie
2623,cytotoxische metabolieten
2624,voorwaarts
2625,enerzijds carvedilol
2626,24-uurstonometrisch onderzoek
2627,linkerventrikeldysfunctie
2628,negen
2629,crepitaties
2630,hersteld
2631,indicatiegebied
2632,eindsystolische
2633,geringe st-segmentdepressie
2634,ladderpatroon
2635,losartan
2636,hypoxie
2637,pci
2638,echografie
2639,parasympathische inhibitie
2640,carvedilolgroep
2641,werkdiagnose
2642,pathognomonische
2643,abnormale
2644,vasoconstrictie
2645,nct
2646,duizeligheid
2647,exacerbaties
2648,beoordeling
2649,indicaties
2650,afgebouwd
2651,logisch
2652,hospice
2653,kaart
2654,mechanisme
2655,niet-inferieur
2656,slaapstoornissen
2657,behandeld
2658,treedt
2659,verschillende
2660,decompensatio cordis
2661,nagenoeg
2662,dementie
2663,vullingsdruk
2664,apoptosis
2665,derdegraads atrioventriculair blok
2666,renine remmers
2667,levensbedreigende
2668,drukpijn
2669,captoprilgroep
2670,lichaamsoppervlakte
2671,vasopeptidase-remmer
2672,gevoelig
2673,vliegtuig
2674,zuurstofopnamekinetiek
2675,basenoverschot
2676,anderhalf
2677,groeifactoren
2678,tandarts
2679,volstond
2680,borsten
2681,longfunctieonderzoek
2682,mechanische zorg
2683,alcoholinname
2684,64-jarige
2685,dna-fragmentatie
2686,linker ventrikelfunctie
2687,drukcurve
2688,standaardlab
2689,links
2690,behandeladvies
2691,empa-reg
2692,palpitaties
2693,myocardfunctie
2694,10-mmhg-stijging
2695,deficiëntie
2696,interpreteren
2697,5fu-expositie
2698,nier
2699,lactaatacidose
2700,kortweg
2701,minstens
2702,zwakte
2703,streefdoseringen
2704,ace
2705,adolescenten
2706,nadenken
2707,glomerulaire perfusiedruk
2708,( christmas)-studie
2709,implanteerbare cardioverterende
2710,arts-assistenten
2711,doorlezen
2712,vooralsnog
2713,systemische perifere weerstand
2714,oversterfte
2715,renine-angiotensine-aldosteron-systeem
2716,essentieel
2717,overname
2718,specifiek
2719,allhat-onderzoek
2720,geïsoleerde
2721,polsslag
2722,contractie
2723,nettoresultaat
2724,zijde
2725,behoed
2726,plasmaspiegel
2727,kleine
2728,langduriger gebruik
2729,korte
2730,spironolacton
2731,vergrijzing
2732,95%-bi
2733,criteriumvaliditeit
2734,gecontra-indiceerd
2735,verdroegen
2736,betablokker
2737,dood
2738,kan
2739,carvedilol
2740,chromatine
2741,gewogen gemiddelde
2742,mammacarcinoom
2743,polsdruk
2744,diltiazem
2745,teweegbrengen
2746,serumdigoxineconcentratie
2747,correlatie
2748,hem
2749,kwantificeren
2750,bijsluiter
2751,aard
2752,heterogeniteit
2753,presentatie
2754,triamtereen
2755,neprilysine
2756,geriater
2757,spontaan
2758,spiegels
2759,ondersteunende apparaten
2760,type 2 diabetes
2761,intraveneuze diuretica
2762,stomatitis
2763,behulpzaam
2764,vlak
2765,overbruggen
2766,vochtbeleid
2767,omwille
2768,hulpmiddel
2769,neonatale rattencardiomyocyten
2770,ischemische
2771,klepgebreken
2772,thuisinfusie
2773,insufficiency
2774,vene
2775,gestabiliseerde
2776,waarneembaar
2777,ß-
2778,man
2779,ongunstig
2780,cardioverter-defibrillator
2781,stolselvorming
2782,sympatholytisch
2783,wild
2784,metabole acidose
2785,cachexie
2786,gangbare behandeling
2787,icd
2788,teruggeperst
2789,richten
2790,operatieve
2791,asymptomatisch
2792,inleiding
2793,overleefkans
2794,onderscheid
2795,hyperkaliëmie
2796,werkingsprofiel
2797,accidentele celdood
2798,etnische achtergrond
2799,metabole neuropathie
2800,geneeskunde
2801,geïnstrueerd
2802,anti-inflammatoire
2803,getolereerde
2804,hartpomp
2805,geneesmiddelkosten
2806,multifactoriële aandoeningen
2807,systolische linkerventrikelfunctie
2808,overschaduwt
2809,cardiologische
2810,geïsoleerd
2811,bewaking
2812,klagen
2813,diureticumdosis
2814,vervolgtraject
2815,coumarinegroep
2816,medicamenteuze therapie
2817,heterogene
2818,ae
2819,bnp
2820,rust
2821,pijlers
2822,systeemtherapie
2823,vullingsdrukken
2824,goed
2825,heffend
2826,mitralisklepafwijking
2827,afname
2828,stenen
2829,follow-uponderzoek
2830,follow-upperiode
2831,medicamenteuze behandelingsmogelijkheden
2832,ziektebeelden
2833,drijf
2834,aanzienlijk
2835,3e
2836,bloeddrukmeting
2837,inhibitors
2838,ferritinewaarde
2839,toekomstbeeld
2840,verbetering
2841,weloverwogen
2842,zieke
2843,succesvolle strategieën
2844,sublinguaal
2845,cardiovasculaire aandoeningen
2846,ontstekingsremmende
2847,onderzoekers
2848,arb's
2849,gestrand
2850,kijk
2851,levenslang
2852,circulatie
2853,stopgezet
2854,behandelaars
2855,geblokkeerd
2856,acceptabele behandeling
2857,plotseling
2858,opzet
2859,oudere bevolking
2860,felle
2861,85-plussers
2862,hamstrings
2863,aandoeningen
2864,verband
2865,bij overgang
2866,cardiovasculaire middelen
2867,inotropieafhankelijk
2868,contractiele activiteit
2869,agonisten
2870,vrijzetting
2871,vertraagde
2872,zoutvervangers
2873,maligniteiten
2874,thuiszorgverpleegkundigen
2875,behandelbare
2876,osteoporose
2877,uitgangssituatie
2878,non-selectieve nsaid's
2879,natriumsuppletie
2880,optitreerfase
2881,gecontinueerd
2882,schadelijke
2883,specialisten
2884,voedingsintake
2885,aangenomen
2886,zonder
2887,kortademigheidsklachten
2888,ga
2889,kransvatomleidingsoperatie
2890,dokters
2891,oog
2892,publicatiebias
2893,glucoseverlagende
2894,verwijd
2895,ischemische hartziekten
2896,prospectief onderzoek
2897,dikwijls aspecifiek
2898,thiazideachtig
2899,rechts
2900,primaire klacht
2901,twijfelgeval
2902,cardiovasculaire
2903,ritmestoornis
2904,hulpverlener
2905,afwijking
2906,nick end labeling
2907,kali - uretisch
2908,vat
2909,behandelbaar
2910,zag
2911,anamnese
2912,nageleefd
2913,rechtszijdige
2914,furosemide
2915,schatten
2916,verdubbelt
2917,dronk
2918,etnische groepen
2919,asymptomatische
2920,verdraagbaarheid
2921,ingestelde
2922,zorgcentra
2923,pericardaandoeningen
2924,volumedepletie
2925,dosisafhankelijk
2926,matig effectief
2927,gehalveerd
2928,mede
2929,lisinopril
2930,backward failure
2931,vervolgduur
2932,diastolische disfunctie
2933,betrokkenheid
2934,algemeen
2935,na
2936,patiënte
2937,geïntroduceerd
2938,msec
2939,implantatieprocedure
2940,nadelig
2941,jonger
2942,differentiaaldiagnose
2943,kamers
2944,astma
2945,re-entry-mechanismen
2946,bloedtoevoer
2947,polikliniek
2948,ace-inhibitor
2949,huisartsartspraktijk
2950,noot
2951,hartschade
2952,betrof
2953,praktijkondersteuner
2954,gladde spiercellen
2955,diabetes mellitus
2956,tachypnoïsche ademhaling
2957,verschuiving
2958,ernstigere
2959,overlevingsduur
2960,genetisch
2961,eind
2962,gerandomiseerd
2963,hyponatriëmie
2964,druk-volumerelaties
2965,kalium
2966,systolische
2967,relatief
2968,ventrikelrespons
2969,bleef
2970,eindstadium hartfalen
2971,ijzersuppletie
2972,dossiers
2973,niet-acuut
2974,dochter
2975,arts
2976,bevestigde
2977,histologisch
2978,raltitrexed
2979,doeltreffend
2980,stabilisatie
2981,hierop richt
2982,pufje
2983,hartklepstenose
2984,blokkade
2985,mechanische middelen
2986,zetten
2987,nhg-website
2988,onderzoeker
2989,glucose
2990,hand lag
2991,verrichten
2992,veneuze leverstuwing
2993,lichamelijke inspanning
2994,verschijnselen
2995,cardiogene shock
2996,overprikkeling
2997,aldosterone-antagonist
2998,defibrillatortherapie
2999,hartkleplijden
3000,farmacokinetiek
3001,sluiten
3002,kerley-b-lijntjes
3003,interactie
3004,afbraak
3005,pen
3006,leidt
3007,richtlijnen
3008,rechterventrikelfalen
3009,heffende
3010,geblindeerde
3011,meerwaarde
3012,opgetreden
3013,metoprololonderzoek
3014,gerelateerd
3015,uitgangswaarde
3016,onvermoed
3017,delicate
3018,gebleken
3019,longaandoeningen
3020,hartfalenpolikliniek
3021,zekerheid
3022,adviseer
3023,solide
3024,hartgrootte
3025,95%ci
3026,stuwing
3027,uitvoering
3028,startdosis
3029,systolisch hartfalen
3030,hartfalers
3031,prominentere
3032,stuwingsbeeld
3033,spoedeisende hulp
3034,hand
3035,meegenomen
3036,ondersteuningspompen
3037,beluisterd
3038,registreerden
3039,bewezen
3040,slechter
3041,angiotensine-converterendenzym
3042,sterftevermindering
3043,hemodynamische stabilisering
3044,controleharten
3045,huisartsencontract
3046,natriuretisch
3047,grauw
3048,48-uursschema's
3049,veroudering
3050,symptoomverbetering
3051,obstructie
3052,einddoeltherapie
3053,vroege
3054,elderly
3055,blokker
3056,1dd
3057,functionele capaciteit
3058,uitlokkende
3059,middelen
3060,lijden.14
3061,mitralisklepinsufficiëntie
3062,lipidenprofiel
3063,behandeling
3064,gecombineerde behandeling
3065,angiotensine-ii-receptorblokker
3066,toxiciteit
3067,troglitazon
3068,amlodipine
3069,uitvallers
3070,genderverschillen
3071,v. jugularis interna
3072,auteurs
3073,blijken
3074,nierfuncties
3075,gemeenschappelijk gedragen
3076,functionele afwijking
3077,maagkanker
3078,realiteit
3079,2-remmers
3080,euvolemie
3081,buikafwijkingen
3082,filtratieoppervlak
3083,peptiden
3084,behandelverpleegkundige
3085,grenzen
3086,stabiele
3087,verwijzen
3088,infectie
3089,inname
3090,dikke
3091,troponine
3092,therapeutisch
3093,chronische nierschade
3094,functionele klasse ii-iv
3095,ischaemia
3096,liepen
3097,velerlei
3098,nitraatgebruik
3099,programma
3100,(ace)-remmers
3101,regressieanalyse
3102,losartangroep
3103,misselijkheid
3104,aangesloten
3105,aangetoond
3106,angiotensine-ii-antagonisten
3107,chf
3108,revalidatie
3109,laag
3110,ritme-
3111,hartdood
3112,placebo
3113,opgezette
3114,veneuze pulsaties
3115,werkingsmechanismen
3116,cva.2
3117,intrathoracale
3118,start
3119,wegnemen
3120,hartfalenbehandeling
3121,echotechniek
3122,ontsteking
3123,hervat
3124,cross-overonderzoek
3125,eerstehulpafdeling
3126,controlegroep
3127,epidemiologische
3128,schaduwzijde
3129,hartklepaandoening
3130,medicijngebruik
3131,methodologische
3132,legde
3133,linker-ventrikel-ejectiefractie
3134,diastolische functie
3135,cava superior
3136,omega-3-vetzuren
3137,verlaagt
3138,zie
3139,specificiteit
3140,auc
3141,leefstijlinterventies
3142,polymorfisme
3143,passen
3144,omstreden
3145,omapatrilaat
3146,verslechtering
3147,microal-buminurie
3148,ventricular assist devices
3149,niet-selectieve bètablokker
3150,getild
3151,1a
3152,vragenlijst
3153,r-9
3154,geabsorbeerd
3155,ernstig hartfalen
3156,die liefst
3157,venepols
3158,pulmonale pathologie
3159,aandoening
3160,stellen
3161,multidisciplinaire behandeling
3162,vervolgonderzoek
3163,kunstharten
3164,blood institute
3165,hoeverre
3166,automatisch
3167,progressieve karakter
3168,spieren
3169,röntgenonderzoek
3170,vitale organen
3171,falende
3172,klasse ii t
3173,collaps
3174,gevolg.1
3175,ijzergebreksanemie
3176,vernevelen
3177,wisselende
3178,belandde
3179,ervaren
3180,arbeidsvermogen
3181,stolsels
3182,restrictieve
3183,leeggestreken
3184,vitamine e
3185,doseringsvorm
3186,laaggedoseerde
3187,behalen
3188,antibiotica
3189,overigen
3190,bucindolol
3191,ziektekostenverzekeraar
3192,door rondom
3193,aids
3194,langere
3195,nagaan
3196,craniaal
3197,ibuprofen
3198,kaliumspiegel
3199,valideren
3200,kaakhoek
3201,structurele
3202,laparoscopie
3203,ventrikelseptum
3204,significant
3205,zuurstof
3206,gecorreleerd
3207,oncologische
3208,assays
3209,nut
3210,leent
3211,kleplijden
3212,specialistische
3213,ellende
3214,hulpverleners-ambulanciers
3215,instrumenten
3216,bel
3217,capecitabinedosis
3218,remmen
3219,ontstonden
3220,chronisch systolisch hartfalen
3221,remt
3222,trastuzumabtherapie
3223,zeer
3224,b-type-natriuretisch peptide
3225,verhogen
3226,verpleeg
3227,enkele
3228,off-labelgebruik
3229,pacemaker
3230,natriumintake
3231,horizontale ondergrond
3232,hartfalen met bewaarde
3233,valsartan
3234,stoffen
3235,harten
3236,asthma cardiale
3237,orale
3238,vertoonde
3239,diabetische maculopathie
3240,rubriek
3241,diureticadosis
3242,beluisterde
3243,aanvangsdosering
3244,afgaat
3245,terugplaatsing
3246,afkapwaardes
3247,renale effecten
3248,variatie
3249,mortaliteit
3250,integreer
3251,calciuminflux
3252,mechanische ondersteuning
3253,onverwacht
3254,longoedeem
3255,gekenmerkt
3256,verschilden
3257,verlaagde lvef
3258,aldosteronreceptorblokker
3259,acidose
3260,zorgorganisatie
3261,hoge doseringen
3262,kwartiel
3263,wisselend
3264,behandelmethoden
3265,meetpunt
3266,v. jugularis externa
3267,gerapporteerde verband
3268,patiëntenzorg
3269,terugresorptie
3270,inspelen
3271,röntgenfoto
3272,vergetelheid
3273,myocardiale perfusiescintigrafie
3274,volwassenen
3275,perfusie
3276,bindingsplaatsen
3277,av-blok
3278,thuisbehandeling
3279,gecontraïndiceerd
3280,drempel
3281,angst
3282,jejunum
3283,gestuwde lever
3284,roche-diagnostics
3285,receptor
3286,sluit
3287,buikklachten
3288,bcl2
3289,anp
3290,daalden
3291,volume-
3292,perifeer arterieel vaatlijden
3293,fietsergometer
3294,veneuze boog
3295,aspecifieke intraventriculaire geleidingsvertraging
3296,termijn
3297,voorgestelde
3298,rule-out
3299,sympathicusactiviteit
3300,natriuretisch peptide
3301,nische ondersteuning
3302,kwantitatief
3303,65-plussers
3304,raden
3305,cardiomyocytkernen
3306,bronchitis
3307,doseringen
3308,sterke
3309,spoedvisite
3310,hartfrequentie
3311,kwartier
3312,counseling
3313,gevolge
3314,anti-inflammatoir
3315,echografisch
3316,beïnvloedde behandeling
3317,niet-ischemische cardiomyopathie
3318,o.a. activatie
3319,slagvolume
3320,hospitalisaties
3321,x-thorax
3322,uitgangsgewicht
3323,achtergrondinformatie
3324,pijler
3325,arts en tandarts
3326,eenvoudig
3327,afkappunten
3328,piepen
3329,conditietraining
3330,nt-pro
3331,ontoereikende zorgmogelijkheden
3332,ischemische hartziekte
3333,herstelde
3334,micromanometerkatheters
3335,first dose hypotension
3336,ingeval
3337,diarree
3338,captoprilgebruikers
3339,hartmassae
3340,cardiale functie
3341,zieken
3342,kliniek
3343,zwak
3344,recuperatie
3345,netwerk
3346,diastolische bloeddruk
3347,remmende
3348,multidisciplinair
3349,huisartsenregistraties
3350,validering
3351,klepafwijking
3352,hartritmestoornissen
3353,pompen
3354,diuretische therapie
3355,hazardatio
3356,bloeddrukverlaging
3357,voorgeschiedenis
3358,val-heft-
3359,verpleeghuis
3360,vulden
3361,omschrijving
3362,morfine-analogen
3363,zien
3364,therapieduur
3365,angiotensine-ii-receptorantagonist
3366,ß-blokker
3367,beïnvloeden
3368,diabetes mellitus type 2
3369,fietsergometertest
3370,hypotensie
3371,arginine
3372,bumetanide
3373,artsen
3374,kin
3375,criticalcare-afdelingen
3376,angina pectoris
3377,dosisaanpassing
3378,in medline
3379,de lvef
3380,kostenbesparend
3381,infarct
3382,2x2-opzet
3383,evidence-based
3384,bewijzen
3385,overleving
3386,dosishalvering
3387,trials
3388,tegenstelling
3389,eplerenon
3390,brug
3391,menselijke hek293-cellen
3392,toonden
3393,twee
3394,systolische disfunctie
3395,follow-upduur
3396,elektrisch aangedreven pomp
3397,immunomodulerend
3398,medicatiebeleid
3399,lipidenverlagende
3400,korter
3401,preventief
3402,longvaattekening
3403,nurse practitioner
3404,mening
3405,hartactie
3406,kinderen
3407,gezondheidszorginstanties
3408,huisartsdiagnose
3409,transmurale zorg
3410,zorg
3411,arg389-variantcellen
3412,diabetes
3413,serumkalium
3414,herzien
3415,speckle-echo
3416,verhinderen
3417,blokkeren
3418,nadelen
3419,ernstiger
3420,semi-gestructureerde interviews
3421,consequent
3422,acute hartfalen
3423,brady-
3424,hospitalisatiefrequentie
3425,bèta-adrenoceptorblokkade
3426,jicht
3427,hypercapnie
3428,parasympatische activiteit
3429,benen
3430,kern
3431,relatief gebrek
3432,schakel
3433,geïncludeerde
3434,systole
3435,specialist
3436,overleden
3437,klasse-effecten
3438,huisartspraktijk
3439,evenals
3440,onderzoeksgroep
3441,nsaid-gebruik
3442,amiodaron
3443,grijze
3444,positieve zin
3445,onderhavige
3446,bijkomende
3447,ventrikelfibrilleren
3448,captoprilgebruik
3449,vermogen
3450,waterdunne
3451,wachtlijst-
3452,toonde
3453,carcinoom
3454,perifeer vaatlijden
3455,bevestigd
3456,toestellen
3457,hogere
3458,hartkamers
3459,alvast
3460,doorgaans
3461,langzaam
3462,breinnatriuretisch peptide
3463,infusietherapie
3464,ß-receptor
3465,gereedschap
3466,hartafwijkingen
3467,2-toppig
3468,dosisoptitratie
3469,α-blokker
3470,trouw
3471,fibrinogeen
3472,revascularisatie
3473,fluorouracil
3474,elektrocardiografie
3475,angstige blik
3476,volwassen
3477,kwaad
3478,hoge dosering
3479,infarcering
3480,of nt-probnp
3481,oedemen
3482,hypertensief
3483,bekostiging
3484,genen
3485,oestrogeenagonistische werking
3486,paracorporeel systeem
3487,chf-prevalentie
3488,lekkage
3489,kortademigheid
3490,consultatie
3491,aldosteronantagonist
3492,achteruit
3493,pijn
3494,merendeel
3495,sociale ondersteuning
3496,klepoperaties
3497,intraventriculaire geleidingstijd
3498,traject
3499,reanimeren
3500,representatief
3501,lage
3502,vaatanatomie
3503,rechterventrikel
3504,grootschalig onderzoek
3505,handrug
3506,probleem
3507,vaccinatie
3508,concentratie
3509,adjuvante systeemtherapie
3510,bètablokkeerder
3511,eerste hulp
3512,screening
3513,afgestemd
3514,vaststellen
3515,lange
3516,arni's
3517,gereed
3518,cardioloog
3519,medicamenteuze
3520,kussentje
3521,academisch
3522,tumorweefsel
3523,therapieën
3524,rechter bundeltakblokpatroon
3525,bisoprolol
3526,elektrolyten
3527,thuisinfusietherapie
3528,behandelingsstrategieën
3529,diagnostische
3530,geneesmiddel
3531,gehanteerd
3532,pulsaties
3533,lagere sociaaleconomische status
3534,digoxineconcentratiespiegel
3535,voorbehandeling
3536,titrerend
3537,verminderd
3538,dosisresponsrelatie
3539,evidencebased
3540,metoprololgroep
3541,ischemie
3542,spiercellen
3543,niet-farmacologische behandeling
3544,meting
3545,ventrikelfibrillatie
3546,aangrijpingspunt
3547,sd
3548,gevoelsstoornissen
3549,therapieprotocol
3550,stijve linker ventrikel
3551,pijnlijk
3552,hart- en vaatziekte
3553,ace-inhibitoren
3554,wie
3555,beginfase
3556,bèta-2-adrenoceptoren
3557,handhaven
3558,richtlijn
3559,leefstijladviezen
3560,thalidomide
3561,renale
3562,doxazosine
3563,arsenaal
3564,functioneel hartfalen
3565,plotse
3566,invasief
3567,dyspnoïsche
3568,behandelden
3569,stomp
3570,richtlijnen beleid
3571,pathofysiologisch
3572,hartpompen
3573,centimeters
3574,aantonen
3575,heropgenomen
3576,ingesteld
3577,uitgebreidere
3578,harttransplantatie.2
3579,verminderde gevoeligheid
3580,epicardiale vene
3581,indruk
3582,acetylsalicylaat
3583,individuele verschillen
3584,hartfalenzorgprogramma's
3585,gecollabeerde
3586,monitoring
3587,invasiviteit
3588,uitbreiden
3589,angiotensine-'converting'-enzymremmers
3590,interpretatie
3591,lung
3592,alle
3593,icd-drager
3594,palliatieve
3595,digoxine-spiegels
3596,heelkunde
3597,basisreanimatie
3598,positie
3599,genotype-onafhankelijke antagonist
3600,nauwkeurig
3601,operatie
3602,vetzuren
3603,longarts
3604,is
3605,internistisch
3606,vaat-vernauwende
3607,dyspneu
3608,devices
3609,post-hoc
3610,geleider
3611,coumarine
3612,dna
3613,verwees
3614,luchtbel
3615,gespecialiseerde
3616,technieken
3617,literatuuronderzoek
3618,cholesterolsyntheseremmer
3619,indicatoren
3620,laboratoriumuitslagen
3621,ischaemische beroerte
3622,succes
3623,afremmen
3624,effectiviteit
3625,symptoom-gelimiteerde
3626,looien
3627,rule-in
3628,recompenseren
3629,monogenetische
3630,plasma-osmolaliteit
3631,vaatvernauwende
3632,belemmert
3633,myocardziekten
3634,geprotocolleerde
3635,observeren
3636,bypassoperatie
3637,klachten
3638,vochtsuppletie
3639,vroege lvef-daling
3640,moeilijker
3641,cardiomyocytdiameter
3642,echocardiografische
3643,oplossen
3644,algemene bevolking
3645,nierfunctiestoornissen
3646,trial
3647,seksuele hulpverlening
3648,dyspnoe
3649,verapamil
3650,recombinante vorm
3651,zoutretentie
3652,antihypertensiva
3653,differentiatie
3654,verschil
3655,diabeten
3656,uitdroging
3657,rechterbovenbuik
3658,hetgeen
3659,diureticagebruikers
3660,respiratoire
3661,ondersteuning
3662,boog
3663,onderhoudsdosis
3664,nierinsufficiëntie
3665,hartfalenverpleegkundigen
3666,niet-fatale
3667,optie
3668,hiernaar
3669,al. stelden
3670,angststoornissen
3671,genetische polymorfisme
3672,levensverlengende
3673,endomyocardfibrose
3674,lvsd
3675,opgeleid
3676,spier
3677,voorzichtig
3678,noodzaak
3679,voorhanden
3680,prognostische
3681,controlemogelijkheden
3682,dokter
3683,model
3684,feedbackbijeenkomsten
3685,vormt
3686,regulariteit
3687,meta-analyse
3688,had
3689,wetenschappelijk
3690,zoutbeperking
3691,bijgehouden
3692,voorzichtigheid
3693,inbegrip
3694,linker atrium
3695,corrigeerbare
3696,oraal
3697,stroomt
3698,bestonden
3699,contacten
3700,doelstelling
3701,dalen
3702,eindsystolische linkerventrikeldruk
3703,opties
3704,tong
3705,levenseinde
3706,haar
3707,oromucosaal
3708,preëxistente
3709,cardiomyoplastiek
3710,allicht
3711,number needed to harm
3712,kunstklep
3713,gelijktijdige behandeling
3714,progressief hartfalen
3715,verstoring
3716,directe
3717,geïntegreerd
3718,medische zorg
3719,cellulair
3720,hartfalenonderzoek
3721,resultaat
3722,cava inferior
3723,letaal
3724,stemi
3725,60-plussers
3726,coenzym q10
3727,reeds
3728,congestief hartfalen
3729,uitkomstmaten
3730,primaire percutane coronaire interventie
3731,toegenomen
3732,afzonderlijk
3733,vermoedde
3734,niemand
3735,farmacotherapie
3736,controleer
3737,clopidogreltherapie
3738,demping
3739,vergrote
3740,zorgverleners
3741,berekende
3742,sloten
3743,incidentie
3744,tia
3745,gemetaboliseerd
3746,cardiologie
3747,ontbraken
3748,herhospitalisaties
3749,ontwaterd
3750,psychosociale problemen
3751,geneesheren
3752,plaatsvonden
3753,grauwe
3754,coronairaandoeningen
3755,dilatatie
3756,lisinopriltoediening
3757,relatief risico
3758,halfwaardetijd
3759,welk
3760,geïncludeerd
3761,tachyaritmieën
3762,voor-
3763,gastro-enteritis
3764,bolustoediening
3765,onmisbaar
3766,synchronisatie
3767,herseninfarct
3768,metoprolol
3769,chemotherapie
3770,rupturering
3771,dobutaminethuisinfusie
3772,glitazones
3773,uitsluiting
3774,horizontaal gehouden
3775,cardiotoxiciteit
3776,klein
3777,fysiologische
3778,overleed
3779,winterslaap
3780,enzymremmers
3781,klachtenvrije
3782,jama
3783,zorgsysteem
3784,doel
3785,sinoatriaal
3786,tekenen
3787,longcapaciteit
3788,biomarker
3789,coumarines
3790,heviger
3791,remde
3792,serum
3793,omkeerbaarheid
3794,positieve invloed
3795,bijgeluiden
3796,tegenstrijdige
3797,endotheelfunctie
3798,diarree-episoden
3799,farmacologie
3800,viscerale organen
3801,intermitterend gebruik
3802,pathologieën
3803,frequentie
3804,wondzorg
3805,niet-steroïde anti-inflammatoire geneesmiddelen
3806,geen
3807,verpleeghuisbewoners
3808,primaire uitkomstmaat
3809,cardiale-resynchronisatietherapie
3810,voorgedaan
3811,eerstelijnsgezondheidszorg
3812,orthostatische hypotensie
3813,diastolische druk
3814,onbetrouwbare
3815,verkleint
3816,teruggeresorbeerd
3817,slechte
3818,vitamine-e-suppletie
3819,assent-4 pci-studie
3820,reductie
3821,gemoduleerd toe
3822,angiotensine-receptor-blokkers
3823,stuurde
3824,aanvullend
3825,zouthuishouding
3826,video
3827,geleidelijk
3828,primaire uitkomstmaten
3829,hopen
3830,huidtemperatuur
3831,stapsgewijs
3832,bèta-blokkers
3833,cardiomyopathie
3834,dosisverlaging
3835,klachtenverlichtend
3836,kaderhuisarts
3837,patiëntencategorieën
3838,spanningsveld
3839,linkerventrikel-ejectiefractie
3840,95%-b
3841,laten
3842,duwt
3843,retard
3844,nierfunctie
3845,epidemiologie
3846,opsporen
3847,chronisch obstructieve longziekte
3848,angio-oedeem
3849,retentie van water
3850,benadruk
3851,psychofarmaca
3852,bespreken
3853,was
3854,geneesmiddeleffecten
3855,beëindigde
3856,coronairziekte
3857,candesartan
3858,geleide
3859,tricuspidalisklepplastiek
3860,ijzergebrek
3861,geïmplanteerd
3862,wandspanning
3863,apoptose
3864,gezondheidsprobleem
3865,herziening
3866,echter
3867,placebogecontroleerde
3868,afsluiting
3869,veroorzaken
3870,statine
3871,astma astma
3872,röntgenthoraxfotografie
3873,compressies
3874,proto-oncogenen
3875,exacerberen
3876,vermindert
3877,depressie
3878,waarnemer
3879,internist
3880,5fu
3881,psychosociale doelen
3882,aanzienlijke
3883,remming
3884,onvermoede
3885,inspannen
3886,biventriculaire stimulator
3887,apotheek
3888,bestudeerden
3889,analyse
3890,beeldvormend
3891,dobutamine
3892,ß1-adrenerge receptor
3893,hypothese
3894,digoxinespiegel
3895,standaardnazorg
3896,verbeteren
3897,worden.3
3898,patiëntenvoorlichting
3899,dosisafhankelijke effecten
3900,verschijning
3901,fluoropyrimidine
3902,uiting
3903,adrenaline
3904,verslechterde
3905,progressief
3906,overlijdensrisico
3907,behandelingen
3908,persen
3909,waarden
3910,hartfalen klasse 2
3911,trandolapril
3912,cyclo-oxygenase
3913,eerstelijnsbehandeling
3914,hartspiervezel
3915,ejectiefractie
3916,defecatiepatroon
3917,longvaatbed
3918,indien
3919,redmiddel
3920,recompensatiemechanismen
3921,pleura-effusie
3922,idiopathische dilaterende cardiomyopathie
3923,re-
3924,ritme
3925,dosering
3926,overige oorzaken
3927,cerebrale
3928,descendens anterior
3929,costofrenische sinus
3930,denken
3931,tropische landen
3932,heropname
3933,aldosteronantagonisten
3934,sterfte
3935,type 2
3936,verwijzingen
3937,aldus
3938,harde
3939,kaliumsupplementen
3940,partiële ventriculectomie
3941,screenen
3942,leeftijdsgroep
3943,cumarines
3944,werking
3945,darmpakket
3946,uitingsvorm
3947,ventrikelseptumruptuur
3948,vergelijkend onderzoek
3949,geëxtrapoleerd
3950,postoperatief
3951,uitval
3952,partiële linker ventriculectomie
3953,gespannen
3954,gestructureerde telefonische
3955,progressief rechterventrikelfalen
3956,komst
3957,hyperosmolaire hyperglykemische ontregeling
3958,alcohol
3959,oedeem
3960,therapieresistente
3961,voortzet
3962,percutane coronaire interventie
3963,beschouwden
3964,warfarine
3965,cardiovasculaire mortaliteit
3966,vitale
3967,ouderen
3968,langdurige remissie
3969,gezondheidsvaardigheid
3970,gecontroleerd onderzoek
3971,diffuus reticulaire versterking
3972,n=2285
3973,psychopathologie
3974,hart- en vaatziektes
3975,spironolactongroep
3976,ene
3977,expertpanel
3978,bloedige meting
3979,2b
3980,diëtist
3981,galopritme
3982,subgroepanalyses
3983,elektrolytstoornissen
3984,ogen
3985,bevelen
3986,irregulair
3987,angstige
3988,klaring
3989,nogmaals
3990,nsaid's
3991,aanvroegen
3992,comedicatie
3993,lisdiureticuma
3994,ventriculaire bloed
3995,onderzocht
3996,interventies
3997,bescherming
3998,dobutaminetherapie
3999,beloop
4000,vooruitzichten
4001,sensitiviteit
4002,paragraaf
4003,acuut myocardinfarct
4004,steunhart
4005,afnemen
4006,dosisafhankelijke cardiotoxiciteit
4007,compliantie
4008,hyperlipidemie
4009,ascites
4010,cardioselectieve
4011,statines
4012,aortadruk
4013,klam
4014,thiazidediuretica
4015,myocardfibrose
4016,aldosteronsecretie
4017,mortaliteitsgegevens
4018,bradykinine
4019,beoordelen
4020,allelen
4021,eindpunten
4022,systemische bloeddruk.1
4023,telemoni
4024,intercurrente
4025,gewichtsreductie
4026,ter
4027,agarose-gel-elektroforese
4028,literatuurgegevens
4029,studiepopulatie
4030,veneuze insufficiëntie
4031,a-priorikans
4032,trombo-embolische
4033,randomisatie
4034,patiënt
4035,gecombineerde zorg
4036,linker ventrikel
4037,isa
4038,restafwijkingen
4039,zelfbedrog
4040,vertraagd
4041,pacemakers
4042,beoordelend
4043,ventriculaire remodelerende chirurgie
4044,gehoord
4045,ventrikelfunctie
4046,vochtbeperking
4047,gediagnosticeerd
4048,angiotensine-2-receptorblokker
4049,tegengevallen
4050,onderbehandeling
4051,lagere waarde
4052,tsh
4053,positief voorspellende waarde
4054,leiden
4055,ht
4056,clopidogrel
4057,opvolging
4058,klinische
4059,hypovolemie
4060,bloedonderzoek
4061,beta-gonisten
4062,zuurstofsaturatiemeting
4063,over-
4064,thuis
4065,tegenstanders
4066,spier-
4067,tachy-
4068,hartritme
4069,verdere
4070,getransfecteerd
4071,geleidelijk ontstaan
4072,vrouwelijke
4073,crp
4074,gemodificeerde tunel
4075,hartrevalidatieprogramma
4076,implanteerbare automatische
4077,diastolische
4078,bedroeg
4079,bloeding
4080,arterioveneuze trombose
4081,gezondheidswinst
4082,achterstandswijk
4083,vbelangrijke rol
4084,moeder
4085,leegstrijken
4086,angiotensine-ii receptor blokkers
4087,linkerventrikeldisfunctie
4088,stimulering
4089,inverse agonistische werking
4090,aldosteronreceptoren
4091,intoxicaties
4092,doen
4093,stabiel hartfalen
4094,hyperventilatie
4095,kwantitatieve effecten
4096,verdere schade
4097,prospectief
4098,condensatie
4099,overige organen
4100,staand
4101,combinaties
4102,hartfalenpatiënten
4103,onduidelijk
4104,opvolgen
4105,antibioticagebruik
4106,taalproblemen
4107,bestudeerd
4108,hartziekte
4109,uitermate
4110,gunstige
4111,streefdosis
4112,leven
4113,basisprobleem
4114,zorgkosten
4115,splitst
4116,intrathoracale druk
4117,hemodialyse
4118,therapiekeuze
4119,cardiovasculaire ziekte
4120,dorstgevoel
4121,benzbromaron
4122,onderzoeksvraag
4123,afdrukken
4124,acuut coronarialijden
4125,aldosteron
4126,begeleiding
4127,invers agonistisch effect
4128,orthosympathisch zenuwstelsel
4129,calcium
4130,hartstilstand
4131,cognitieve
4132,nierperfusiestoornis
4133,extreem
4134,doelstellingen
4135,aldosteronreceptorantagonist
4136,opname
4137,tussen
4138,cardiovasculaire ziekten
4139,biomedische
4140,primaire preventie
4141,hartpatiënten
4142,vertekeningen
4143,populatie
4144,tegenvallend
4145,magnesiumsupplementen
4146,uitoefenen
4147,verloren
4148,onvoldoende
4149,oedemateuze
4150,dosisafhankelijke
4151,ontsluiering
4152,vertraging
4153,lichaamsgewicht
4154,linker kamer
4155,definitie
4156,partners
4157,curriculum
4158,complicaties
4159,ontbreken
4160,hartklachten
4161,opgesteld
4162,expressie
4163,pretransplantatiekandidaten
4164,grootschalig
4165,nmol
4166,vertragen
4167,tweesnijdend
4168,langzamer
4169,acuut coronair syndroom
4170,coronairlijden
4171,pasten
4172,snel
4173,dikwijls
4174,antracyclinegebruik
4175,pompfunctie
4176,na-
4177,remodeling-theorie
4178,nachts
4179,darmwand
4180,natri-uretische peptiden
4181,hinderlijke
4182,begeleidde
4183,kwalitatieve interviewtechnieken
4184,antibioticavoorschriften
4185,discrepantie
4186,factor.1
4187,literatuurreview
4188,klacht
4189,variaties
4190,overnemen
4191,volgranenontbijt
4192,intraveneus
4193,voorspelbare
4194,schatte
4195,geleidingssnelheid
4196,thoraxdiameters
4197,cardiale resynchronisatietherapie
4198,afwijkingen
4199,diurese
4200,trastuzumab
4201,veronderstelling
4202,gestructureerde telefonische ondersteuning
4203,βètablokkers
