0,ventriculographique
1,face
2,myalgies
3,clivage
4,morphologiques
5,grossesse
6,effet de lutter
7,machine
8,intervention
9,radio-induite
10,postpartum
11,éliminer
12,insuffisant cardiaque
13,gémellaire
14,contre-indiquées
15,connaissances
16,pharmanet
17,antimétabolites
18,aiguë à fonction systolique
19,myocarde infarci
20,béribéri
21,survie à long terme
22,œsophagien
23,comparaison primaire
24,palliative
25,externes
26,greffe cardiaque
27,pro-inflammatoires
28,radiothérapie
29,post-hospitalière
30,contrepulsation externe
31,myocytaire
32,cellules musculaires
33,insee
34,oncopédiatre
35,conseils
36,définitif
37,éviction
38,oxygène de pointe
39,classification
40,rétablissement
41,hémorragies
42,logiciel epi-info
43,insuffisamment
44,le
45,avalent
46,icad
47,capillaire
48,affection cardiovasculaire
49,projets
50,télédiastoliques
51,antiarythmique
52,bénignes
53,mécanisme
54,souffle
55,douze
56,nourrisson
57,perte d' autonomie
58,contre-indique
59,précision
60,manques de personnel
61,ces tératomes
62,bilatérales
63,discale lombaire
64,prédilection
65,oreillette droite
66,protéine sécrétée
67,anse
68,endopelvienne
69,localisation
70,aiguë
71,igm
72,fibres
73,rétrospective
74,reçoivent
75,accidents
76,nette
77,6e
78,fonctionnelles
79,association
80,flash
81,entrée
82,cirrhose
83,planification
84,tensionnelles
85,séronégative
86,insuffisance rénale
87,souffle cardiaque
88,étalent
89,arrêt cardiaque
90,mm
91,classe ii
92,amyloïde
93,étroite
94,récepteur
95,système de soins de santé
96,transversale
97,perspectives
98,toxicité radio-induite
99,cardiologue
100,inhibé
101,sodium
102,fibroblastique
103,réadmission
104,oxygénothérapie
105,extracorporelle
106,survie à 5 ans
107,thiazolidinediones
108,adaptation transculturelle
109,muscle
110,incessantes
111,épreuve
112,coloration
113,diététiques
114,mn
115,remarquables
116,fréquent
117,lits
118,marqueur
119,recombinant
120,complet
121,bloc
122,rythme
123,positif
124,orthostatique
125,émotionnel
126,parasympathique
127,palliatifs
128,défaillante
129,hypertoniques
130,broncho-pneumopathie
131,bévacizumab
132,filtrations
133,tertiaire
134,cohorte
135,pré-implantation
136,sévère
137,malades
138,transplantation cardiaque
139,épreuve d' effort
140,sécuritaire
141,bisoprolol
142,effet de l' enoximone
143,paramétriques
144,promeut
145,hypertendus
146,1er janvier
147,caractéristiques
148,fonctions
149,ventricule
150,réticulohistiocytose multicentrique
151,formes
152,impact économique
153,capacité fonctionnelle
154,prématurité
155,insuffisant cardiaques
156,bris
157,tempères
158,rénale
159,cardiology
160,lésion coronaire
161,interstitielle
162,apport
163,cardio-vasculaires
164,autodétermination
165,ralentisse
166,littératur
167,fraction de raccourcissement
168,évolutions
169,sumatriptan
170,mitral
171,cohérentes
172,ôu
173,obésité
174,sénile
175,protéine bcl-2
176,effectifs
177,zone tropicale
178,rentables
179,successifs
180,soulagement
181,battement
182,alimentaires
183,protocoles
184,foetal
185,immunodosage
186,stade évolué
187,regain d' intérêt
188,intubation
189,profil
190,historique
191,biventriculaire
192,sang
193,congés
194,adaptations
195,anaphylactique
196,fatigue
197,caractérisée
198,entrepris
199,sous-groupe
200,biologiques
201,probnp
202,convergence
203,sepsis
204,réanimateur
205,aléatoire
206,parois
207,contrecarrer
208,tacrolimus
209,valve
210,charge
211,quant
212,resynchronisation cardiaque
213,compensées
214,physiques
215,éosinophiles
216,sensibilité
217,systolique
218,nos
219,perte de poids
220,retenus
221,pente
222,3e
223,entremise d' un programme
224,discussion-conclusion
225,thromboembolique
226,épidémiologiques
227,thyréotrope
228,blocs auriculoventriculaires
229,sains
230,carcinoïde
231,déplacements
232,desépisodes
233,habitudes
234,terme
235,pallier
236,fractions d' éjection
237,écoulées
238,troponine
239,soumettre
240,postéro-inférieure
241,surveillance rapprochée
242,tissus
243,bloc auriculoventriculaire
244,apnées-hypopnées
245,biopsier
246,dyspnée aiguë
247,sénescence
248,diurèse
249,cnchg
250,dimensions
251,régression
252,légères
253,courte durée
254,formation
255,abaisse
256,obstacle
257,rhumatismales
258,récidivé
259,infarctus
260,sous-cutanés
261,flux
262,transrénale
263,simples
264,récidive
265,prévalences
266,apports
267,cancers
268,cerner
269,géogra
270,appareil
271,prévention primaire
272,hypo-albuminémie
273,enceintes
274,remplissage
275,myocardites
276,interne
277,système
278,alcooliques
279,recommandations
280,accrue
281,sous-estimée
282,dysfonctionnement ventriculaire gauche
283,soudain
284,réponse
285,± sd
286,calcium
287,décubitus
288,soixante-dix-neuf
289,observationnelle
290,dosé
291,angiomes
292,financier
293,systèmes d' information
294,élargissent
295,niger
296,covariables
297,dresser
298,mortalité
299,contre
300,rénale aiguë
301,sentiment
302,malade
303,élimine
304,absence d' hta
305,décès annuels
306,pronostique
307,généralistes libéraux
308,corrélation
309,contrainte
310,décennies
311,système de soins
312,alcoolisme
313,évolutionniste
314,dysfonction ventriculaire gauche
315,étude descriptive
316,vus
317,souffraient
318,asa-1
319,nord-est
320,réversibles
321,ventri
322,embolie pulmonaire
323,courbe d' apprentissage
324,galectine-3
325,impact
326,anesthésie
327,objectif
328,différences
329,lymphomes
330,soins tertiaires
331,nitroglycérine
332,stabilité
333,fraction filtrée
334,boîtier
335,série de cas
336,hypo-oncocitémie
337,récupération
338,réopérer
339,augmentation de l' impédance
340,comparateur
341,action
342,dysfonction ventriculaire
343,force musculaires
344,arythmogène
345,en
346,entraînement
347,regroupe
348,juin
349,extracellulaire
350,chlamydia
351,épreuves
352,artériosclérose
353,asynchronisme auriculo-ventriculaire
354,rhumatisme articulaire aigu
355,néoplasique
356,coronarographie
357,ivabradine
358,rétention chronique
359,toux
360,identifiée
361,rénales
362,endovasculaire
363,proportions
364,antibiothérapie
365,meadows
366,branche
367,communications
368,occlusions à coeur
369,correctrices
370,hypothèses
371,souffrant
372,diabétique
373,apte
374,anormalités
375,jonctionnelles
376,lymphocytes
377,perméabilité
378,ralentissement
379,outils
380,anticoagulation
381,dysmétabolismes
382,somnolence
383,infestation
384,radiologique
385,stimulation double chambre
386,congestive
387,béta-2
388,questionnaire
389,lier
390,anévrisme
391,juvénile
392,pronostic vital
393,court
394,norépinéphrine
395,épidémiologie
396,auriculo-ventriculaires
397,retest
398,entraîne
399,anesthésique
400,thyroïdiennes libres
401,précharge ventriculaire
402,réentraînement
403,étude multicentrique
404,asymptomatiques
405,consécutives
406,lymphoplasmocytaire
407,avk
408,touchant
409,technologie
410,cm2
411,obstructive structurelle
412,fortuite
413,myocardlque
414,antipaludéens
415,circulations
416,stress
417,insuffisance valvulaire
418,critique
419,connectivite
420,montré
421,sévères
422,associer
423,fiches
424,autopsie
425,génitales
426,hydroélectrolytique
427,espoir
428,diabete
429,étude princeps
430,thrombose ventriculaire gauche
431,endothéliale
432,remise en question
433,fonctionelle
434,infirmière
435,réversible
436,tachycardie
437,ventriculaire droite
438,vaisseaux
439,facteur
440,vacuolaires
441,disparités régionales
442,obser
443,hémangiomes
444,analyse multivariée
445,fœtal
446,intra-utérine
447,techniques
448,repolarisation
449,somnologues
450,récepteur de l' angiotensine
451,cardiothyréose
452,extrêmes
453,torsades
454,mesurer
455,myxome
456,hypervascularisées
457,biochimique
458,agricole
459,endomyocardique
460,rétroaction
461,extension
462,thérapeutique
463,effet indésirable
464,myopathie
465,phase ii
466,cystatine
467,combler
468,soins palliatifs
469,associe
470,changement
471,radiotherapy
472,vle
473,côte d' ivoire
474,état
475,algorithmes
476,hypertension
477,ventricule gauche
478,péricardites
479,alternative
480,œsophage
481,signes
482,hémangiome
483,bloc opératoire
484,utérine
485,entraînement musculaire
486,concurrents
487,transcriptase-polymerase
488,nécrose myocardique
489,stimulateurs
490,stade
491,cr
492,chu
493,spondylarthrite
494,prise orale
495,hépatomégalie
496,télésurveillés
497,anamnèse
498,captopril
499,gréver
500,hypokinétique
501,lètalité
502,rein
503,systèmes de santé
504,chute
505,sa
506,bactériologique
507,partum
508,congestion veineuse
509,leucémies secondaires
510,courante
511,echocardiographie
512,traitant
513,recommandations françaises
514,permettait
515,salée
516,ment
517,fibrose
518,réclamations
519,cim
520,installation brutale
521,écarts
522,cellulaire
523,régulatrices
524,mco
525,pmsi
526,france
527,référence nationaux
528,éducation
529,obstruction
530,diagnostic
531,car
532,hypertrophique
533,inotropes
534,elle-même
535,esthétique
536,pariétales
537,rythmique
538,dérivations
539,réadaptation segmentaire
540,fuites
541,antiplaquettaire
542,harmonieux
543,cérébrales
544,partie
545,radiologiques
546,alternance
547,dysfonctions organiques
548,cardiologique
549,résonance magnétique
550,personnels
551,apyrexie
552,alkylants
553,étude usik
554,athéroscléreuses
555,énergétique
556,bpco
557,emboliques
558,inadaptation
559,correspondance
560,sélénium
561,endocardique
562,systèmes de soins
563,programme d' assistance circulatoire
564,péricardiques
565,volémie
566,5-fluoro-uracile
567,biodisponibilité
568,ethniques
569,force
570,transgénique
571,sous-jacente
572,vées
573,malformations
574,interruption
575,gymnastique
576,méthodes
577,idiopathiques
578,érythropoïétine
579,épisodes
580,i-care
581,conduit
582,dysfonctionnement cardiaque
583,codes
584,lésion
585,décompensée
586,prise en charge
587,données structurelles
588,orpheline
589,régurgitation valvulaire
590,diamètres
591,déoxyribonucléotide
592,centre de cardiologie tertiaire
593,ère
594,travers
595,trente-trois
596,contractilité
597,musculaires
598,bioprothèse
599,cardiomyopathies
600,supérieur gauche
601,oncocitémie
602,révélateurs
603,nourrissons
604,végétations
605,généralistes
606,immédiats
607,décompensées
608,adénopathies
609,multicentriques
610,mises
611,deux organes
612,caractéristiques démographiques.
613,méconnues
614,antéroseptales
615,rénine-angiotensine
616,a.f.
617,nodulaire
618,soigner
619,fibrillation atriale
620,espérance de vie
621,moyens
622,anticytoplasme
623,hypoxies
624,sténoses
625,fumeurs
626,ancrée
627,homocystéine
628,mise en place
629,cesse de croître
630,hypokinétiques
631,objectifs
632,injections
633,enzyme
634,générés
635,dai
636,euros
637,facteurs
638,stimulations
639,pré-pectorale
640,étude de framingham
641,insuffisant
642,implantables
643,capacités
644,natriuretic
645,surveillance cardio-vasculaire
646,auteurs
647,pédicules
648,type b
649,irm
650,extracardiaque
651,emblée
652,non-prescription
653,documenter
654,dosage
655,pathogénique
656,étude multicentrique française
657,metformine
658,cpk
659,dilatation ventriculaire gauche
660,colligées
661,méta-analyses
662,gènes
663,bord
664,vingtaine d' années
665,effets
666,pharmacologiques
667,abord
668,réticulohistiocytose
669,endocardite
670,cellules
671,évaluation fonctionnelle
672,services de cardiologie
673,croît
674,facteur rhumatoïde
675,échocard
676,imc
677,système de santé
678,soins de santé
679,hormone
680,oncotique
681,soins de fin
682,mal
683,insuffisance
684,neutrophiles
685,effort
686,planimétrie
687,investissement
688,bilan
689,détecter
690,processus
691,mtor
692,résistances
693,asystolie
694,excédentaire
695,micro-immunofluorescence
696,courant
697,auto-immun
698,diastolique aiguë
699,physiopathologique
700,amiodarone
701,s'
702,espoir de rétablissement
703,étude multicentrique nationale
704,oral
705,perte d' efficacité
706,codage
707,compression cardiaque
708,contre-traduits.
709,cohorte française
710,paroxystique
711,globalité
712,contrebalance
713,aiguiller
714,inquiéter
715,valves
716,analyse binaire
717,endoprothèses
718,saharienne
719,complexées
720,hypertrophier
721,hémorragiques
722,ventilation
723,séro-positive
724,embolisations
725,résistant
726,poussées
727,malformation
728,intercurrente
729,étiopathogéniques
730,introduction
731,modèles
732,hypo-osmolarité
733,immunosuppresseurs
734,éducatif
735,non-compaction
736,régurgitation
737,unité
738,rénal
739,ng\l
740,ensuit
741,thérapeutiques
742,jeunes.
743,adrénoméduline
744,rééducative
745,itraconazole
746,identification
747,deux
748,spécificité
749,sinusal
750,rapprochant
751,sept
752,altérer
753,péricarde épaissi
754,polynucléaires
755,déficit
756,cardio-vasculaire
757,aortique
758,dimension
759,service
760,contexte
761,patience
762,automatiques
763,squelettiques
764,machines
765,lyon
766,hémodynamiques
767,16s
768,qualité de vie
769,coronaire
770,coronaire droite
771,ne
772,aspirine®
773,branche gauche
774,tiers
775,opératoire
776,thrombose droite
777,doses
778,structure
779,ultérieur
780,interatrial
781,aiguë diastolique
782,morbide
783,p^0.05
784,temporaire
785,ventriculaires
786,adénovirus
787,hypertension artérielle
788,prendre en main
789,pratiques
790,fibrillation auriculaire
791,multivariée
792,conclusions
793,hospitalisations
794,placebo
795,réanimation
796,décès
797,contrepulsation externe à haut rendement
798,pertes
799,incidence annuelle
800,oculaire
801,saines
802,corticothérapie
803,post-hospitaliers
804,implantable
805,phique
806,améliore
807,obstétricale
808,premier
809,valvulopathie
810,affection inexorablement
811,appareil circulatoire
812,comblement
813,croissant
814,immunoglobuline
815,pro
816,sud
817,scintigraphie
818,antihypertenseurs
819,multiplicité
820,calcul
821,décennie
822,aériennes supérieures
823,localisés
824,maladaptées
825,dialyse
826,traitements
827,mixte
828,décrit en france
829,défaillance cardiogénique
830,orientation
831,obstructif
832,radioactif
833,antiarythmiques
834,paraclinique
835,non-répondeurs
836,patiente jeune
837,peptides natriurétiques
838,déterminant
839,anémie
840,177000fcfa
841,dysplasie
842,index cardiaque
843,clampage aortique
844,coûts
845,éosinophilie
846,incidence apicale
847,β-bloquants
848,dynamique
849,fournissent
850,étiologique
851,accouchements
852,éléments œuvre
853,vagal
854,peripartum
855,± é.-t
856,dépistage
857,pré-mortem
858,thrombo-emboliques
859,transitoire
860,aa
861,embryogenèse
862,lévosimendan
863,séniles
864,nouveau-né
865,niveau
866,calibrateur international
867,urgence
868,endoveineuse
869,inotropisme
870,pneumologique
871,arthrites
872,stimulant
873,fièvre
874,spontanée
875,congénitale
876,takotsubo
877,agit d' accidents
878,clairance
879,retentissement
880,exérèse chirurgicale
881,méthodologiques
882,prophylaxie
883,testostérone
884,modifier
885,surcharge d' impédance
886,21e
887,nodule
888,cardiogénique
889,embolique
890,éducation thérapeutique
891,insuffisance cardiaque droite
892,volets
893,majorer
894,interaction
895,présomption
896,contre-indications
897,apnées
898,secondairement
899,performances
900,centres
901,révélateur
902,élévation
903,gravité
904,expérimentales
905,troponine étalent
906,veines pulmonaires
907,adapter
908,whipple
909,avant
910,critères
911,surcharge
912,adénosine
913,hormones
914,ventriculaire
915,cardiaque droite
916,intra-vd
917,ordonnances
918,guider
919,agissait de deux hommes
920,évolutives
921,essouffle
922,distendre
923,autosomiques
924,distensibilité passive ventriculaire
925,antidiurétique
926,effractive
927,intraveineuses
928,surmortalité cardiaque
929,annuel
930,sachant
931,endoluminale
932,muqueuses
933,obstructive chronique
934,sérologie vih
935,non-invasive
936,vitro
937,bronchopneumopathie
938,artérioveineuse
939,roc
940,réabsorbent
941,épanchement
942,cinquième
943,salé
944,hémodynamique
945,contre-pression
946,réseaux
947,injection
948,cm
949,pneumoniae
950,natriurétique
951,augmenter
952,tubulaires
953,sexe
954,retenue
955,en thiamine
956,remplissage vasculaire
957,clampage
958,baisse
959,actifs
960,négative
961,mation
962,attaque d' apoplexie
963,combinaison hydralazine-isosorbide
964,épisode
965,hystérectomie
966,prospective
967,métabolites
968,corrige
969,mise en route
970,natriurèse
971,aggravation
972,étude charm-alternative
973,diurétique
974,plasmatique
975,grossesses
976,jours
977,cadence
978,oreillette
979,cardiaques
980,chimiothérapie
981,hamilton
982,doubler
983,gy
984,écho-doppler
985,septale
986,sousjacente
987,pathophysiologie
988,glitazones
989,199s
990,thyroïdectomie
991,rétrospectif
992,guérison
993,intoxication
994,interféron
995,accru
996,ac
997,cas
998,invalidantes
999,postcharge
1000,radiographie pulmonaire
1001,stéroïdes
1002,avantages
1003,positive
1004,échocardiographiques
1005,fonction diastolique
1006,millimètre
1007,hématopoïétiques
1008,métastases
1009,kg-1
1010,obstructives
1011,evolution
1012,intracrânienne
1013,atteints
1014,données
1015,faisabilité
1016,améliorent
1017,orale
1018,hémorragie aiguë
1019,nésiritide
1020,nerveux
1021,douleur
1022,évaluation
1023,normal
1024,électromagnétique
1025,11ans
1026,accumulation
1027,lipomes
1028,aborderons
1029,comas
1030,artériopathie
1031,périopératoire
1032,canal
1033,mise au point
1034,urgence hypertensive
1035,insuffisance aortique
1036,désaturation
1037,surveillance
1038,jugés
1039,embolie
1040,stable
1041,jeunes
1042,comparées
1043,supraventriculaires
1044,déplétion de pile
1045,paracliniques
1046,micro-angiopathie
1047,génériques
1048,interindividuelle
1049,accouchement
1050,péripartum
1051,oxymètres
1052,télésurveillance
1053,igg
1054,montrant
1055,peptide natriurétique
1056,abouchait
1057,aps
1058,voie thérapeutique
1059,contrôle
1060,prévalence annuelle
1061,révélatrice
1062,éjection
1063,thorax
1064,émaillée
1065,pessimisme
1066,agit
1067,inactif
1068,humeur
1069,infusions
1070,suppléance
1071,dix
1072,bétabloquants
1073,double chambre
1074,mise sur pied
1075,tolérance
1076,dysfonction myocardique
1077,entrevues
1078,physique
1079,myocardique
1080,post-hoc
1081,ventilatoires
1082,phénomène inflammatoire
1083,insuffisance coronaire
1084,normaux
1085,valvulaire
1086,postopératoire
1087,immunosuppresseur
1088,distance parcourue
1089,fc
1090,sel
1091,soins curatifs
1092,polymédicamenté
1093,aortiques
1094,met
1095,handicapés
1096,bénéfices
1097,hyperinsulinisme
1098,souches
1099,stimulation multisite biventriculaire
1100,thrombose
1101,surcharge de pression
1102,iec
1103,marqueur de gravité
1104,cardio-rénal
1105,noradrénaline
1106,normalité
1107,méthode
1108,grevée
1109,cardiowest
1110,échocardiographie-doppler
1111,hyperpigmentation
1112,fœtoplacentaire
1113,test
1114,terminale
1115,annuels
1116,marche
1117,classiquement
1118,mmhg
1119,signes classiques
1120,iga
1121,modifications
1122,vitesse systolique
1123,rigoureuses
1124,affection
1125,insuffisances
1126,filtration
1127,5fu
1128,organisationnels alternatifs
1129,prolongeants
1130,sein
1131,auto-questionnaires
1132,marqueurs biologiques
1133,jumeau à jumeau
1134,phases
1135,hypertrophie
1136,admissions
1137,éprouvés
1138,voles
1139,toxocarose
1140,résistantes
1141,onéreux
1142,hyponatrémies aiguës
1143,échelle locale
1144,grasse
1145,exercices
1146,anémie sévère
1147,phase i
1148,pistes
1149,ère thérapeutique
1150,embole
1151,aspects
1152,dépressions
1153,mönckeberg
1154,cérébral
1155,amyloses
1156,hyperthyroïdie
1157,dépressive
1158,fibrilation auriculaire
1159,cardiopathie
1160,prothèse valvulaire
1161,anatomique
1162,équimolaire
1163,sommeil
1164,énoximone
1165,irt
1166,mâles
1167,récupération fonctionnelle
1168,échocardiographie
1169,créatininémie
1170,électrocardiographie
1171,implantés
1172,arrêter
1173,médecine
1174,télésystoliques
1175,cardiaques droites
1176,lombotomie
1177,marqueur d' insuffisance
1178,antagonistes
1179,chiffres
1180,réside
1181,littérature
1182,fil
1183,new york health association
1184,facteur déclenchant
1185,cardiospécificité
1186,réfractaires
1187,löffler
1188,diététique
1189,réabsorption
1190,aidants
1191,fraction d' éjection ventriculaire gauche
1192,laryngée
1193,infectieuses
1194,inhomogène
1195,échocardiographies
1196,lésions coronaires
1197,entité pathophysiologique
1198,pression
1199,apnée-hypopnée
1200,vieillissement
1201,progressif
1202,voyages
1203,cardiologie
1204,ankylosante
1205,angine
1206,doppler
1207,poursuivra
1208,induction
1209,règles de gestion
1210,hospitalière
1211,apnéiques
1212,cardiaque.
1213,contre placebo
1214,prévalence
1215,insuffisants
1216,échappement
1217,système novacor
1218,pharmacologie
1219,distale
1220,ventricules
1221,coronaropathie
1222,lignes directrices
1223,électroencéphalogramme
1224,aimant
1225,endocarde
1226,taille
1227,récessives
1228,pluies
1229,batts
1230,goitre
1231,échocardiagraphique
1232,oxydation
1233,traiter
1234,remplacements
1235,délétères
1236,résumé
1237,physiologiques
1238,sujets
1239,péricarde
1240,protéolyse
1241,réhospitalisations
1242,greffé
1243,transthoracique
1244,arthrite
1245,régresser
1246,utilisation
1247,impédancemétrie
1248,rétention d' eau
1249,artères
1250,services
1251,héparine
1252,fibroélastomes
1253,valeurs
1254,autopsiques
1255,caractérise
1256,système nerveux central
1257,affiliation
1258,interventions
1259,oxygène
1260,apoplexie
1261,articulaire
1262,athérosclérose
1263,éventail bactériologique
1264,fin de vie
1265,génique
1266,cours
1267,hypertensives
1268,acc
1269,actif
1270,épaississement
1271,whipplei
1272,syncopes
1273,échographiques
1274,étude etics
1275,bradycardie
1276,réfractoire
1277,carence maternelle
1278,ascite
1279,hémiplégie
1280,sondes
1281,méthodologie
1282,en avant
1283,blocs
1284,échelle mondiale
1285,récidives
1286,trait
1287,cavité auriculaire droite
1288,étude pilote
1289,synthèse
1290,recul
1291,veines
1292,néonataux
1293,contre-indiquer
1294,nt-probnp
1295,rhumatisme
1296,pairs
1297,répercussions
1298,valvulaires
1299,décrit
1300,tranche
1301,hospitaliers
1302,effet
1303,centrales
1304,plasma
1305,breast
1306,trompeuses
1307,β-bloquant
1308,fraction d' éjection
1309,hypokinésie
1310,transduction
1311,auto-soins
1312,taux de réhospitalisation
1313,distribution intra-rénale
1314,stimulus
1315,aboutissement
1316,stimuli
1317,forte dose
1318,prescripteur
1319,montréal
1320,diminution
1321,étude qualitative
1322,remplissage diastolique
1323,avec
1324,cardiopathies
1325,pronosgtic
1326,insuffisance cardiaque
1327,squelettique
1328,étude
1329,défibrillateur
1330,rattachent
1331,sonde
1332,satellite
1333,cellulaire anormale
1334,service de médecine
1335,antithrombotique
1336,antibiotique
1337,prématurités
1338,hémoculture
1339,polymorphisme
1340,urinaire
1341,stimulateur cardiaque
1342,leucémies
1343,cmipp
1344,moelle
1345,précurseurs vasculaires
1346,npr-a
1347,soins
1348,artériographie
1349,éducative
1350,précordiales
1351,exercer
1352,bris de sonde
1353,corrélations
1354,métastatique
1355,admission
1356,mitrale
1357,cellules endothéliales
1358,fient
1359,soins de la somme
1360,coronariens
1361,micro-éveils
1362,circulant
1363,activer
1364,révélation
1365,index
1366,affection grave
1367,congénital
1368,cyclophosphamide
1369,hyperchromique
1370,contrôles
1371,divers
1372,heart
1373,entérocolite
1374,performance cardiaque
1375,déficit en thiamine
1376,effectif
1377,hypotension
1378,antiviraux
1379,exacerbations
1380,protocole
1381,stimulateur biventriculaire
1382,traitement classique
1383,mois
1384,évaluation nutritionnelle
1385,événement embolique
1386,vecteurs
1387,déformation systolique myocardique
1388,électrocardiographiques
1389,ménopause
1390,insuffisants cardiaques
1391,mesurées
1392,plaquettes
1393,biomarqueurs
1394,résistance
1395,peropératoire
1396,adipocyte
1397,réserve coronarienne
1398,élevée.
1399,augmentation de créatininémie
1400,eas
1401,marqueurs alternatifs
1402,boîtiers
1403,constriction
1404,répertorier
1405,dégradation
1406,gêne fonctionnelle
1407,vingt
1408,vd
1409,coeur gauche
1410,voie orale
1411,basses
1412,myriade
1413,génétique
1414,sombre
1415,éjection ventriculaire
1416,implanter
1417,hypertensif
1418,rétablis
1419,myxomes
1420,réduction
1421,couplage
1422,mis en avant
1423,type 2
1424,jugé insuffisant
1425,assistances
1426,thyrotoxicose
1427,300pg
1428,toxocara
1429,cérébrale
1430,mesures
1431,g·l–1
1432,fibrillation
1433,staphylocoque
1434,engendrer
1435,radicalaire
1436,infrahissien
1437,endocardites
1438,circulation
1439,auriculoventriculaire
1440,rsus
1441,aide
1442,mé
1443,pré-hospitalière
1444,essais
1445,endopeptidase
1446,étape
1447,temps
1448,carentielle
1449,établissement
1450,transculturelle
1451,osmolarité
1452,calculé
1453,innocuité
1454,dues
1455,ralentir
1456,nécrose antérieure
1457,étiologies
1458,mille
1459,mitoxantrone
1460,séquestrationextralobaire
1461,dysfonction diastolique
1462,implantable ventriculaire
1463,index de masse
1464,supplémentation
1465,envisager
1466,développer
1467,pacemaker
1468,perte
1469,précoces
1470,cinquante
1471,trachomatis
1472,aspirine
1473,basedow
1474,axées
1475,digestive
1476,veine cave
1477,conditions
1478,prometteur
1479,hydroxychloroquine
1480,angio-œdèmes
1481,prophylactique
1482,asymptomatique
1483,étiopathogénie
1484,sacrococcygien
1485,embolisation
1486,noire
1487,évolution
1488,activités
1489,absence d' insuffisance
1490,aiguillés
1491,amaigrissement
1492,myocardiopathies
1493,post-charge ventriculaire gauche
1494,facteurs démographiques
1495,apparition retardée
1496,péricardite
1497,relais
1498,ve
1499,erreurs
1500,évaluation échocardiographique
1501,dupliqué
1502,bronchopulmonaire
1503,ecg
1504,psoriasique
1505,biopsie
1506,couplée
1507,récepteurs
1508,blocage
1509,gcest
1510,propos
1511,psychologue
1512,circulatoires
1513,fraction d' ejection
1514,aspergilloses
1515,touche
1516,15e
1517,ballonnet
1518,dilatée primitive
1519,étendue
1520,souffrances
1521,cytosquelette
1522,contraintes
1523,vp
1524,anti-vitamines
1525,médication
1526,production d' espèces
1527,pouls
1528,exactitude
1529,épidémie d' obésité
1530,superposé à la dysplasie
1531,essoufflement
1532,conjointe d' anthracyclines
1533,race
1534,dyspnée d' effort
1535,neurologiques
1536,rétrécissement aortique
1537,ic
1538,pénurie de moyens
1539,renouveler
1540,technique
1541,castration
1542,approche intégrée
1543,dépistage systématique
1544,carences
1545,duodénales
1546,métastatiques
1547,artérielle
1548,diastolique
1549,diurétiques
1550,études antérieures
1551,nutritionnel
1552,échelle d' activité
1553,nigeria
1554,validité
1555,dysfonction organique
1556,sous-clavière
1557,peropératoires
1558,mises à jour
1559,kg
1560,approche structurée
1561,anamnestiques
1562,arthralgies
1563,cnamts
1564,fonctionnement
1565,toxiques
1566,calculer
1567,hyperéosinophilie
1568,persistante
1569,mise à jour
1570,mécaniques
1571,fonction myocardique
1572,asynchronisme mécanique
1573,récepteur de clairance
1574,entité
1575,cytotoxiques
1576,fistules coronarocardiaques
1577,récurrente
1578,ruraux
1579,hyposodé
1580,endocardite fibroblastique
1581,échographie
1582,paclitaxel
1583,antihypertenseur
1584,des
1585,physiologie
1586,héparines
1587,adénome toxique
1588,stables
1589,pioglitazone
1590,concurrent multifactorielle
1591,remodelage fibrotique
1592,cela
1593,hyponatrémies
1594,fibroblastes
1595,implanté
1596,membres
1597,dissection
1598,anti-chronologique
1599,biventriculaires
1600,double insu
1601,régressive
1602,indésirables
1603,charm
1604,onéreuse
1605,carte délivrée
1606,force musculaire
1607,dénutrition
1608,taux
1609,distension
1610,rats
1611,transplantation
1612,cardiorénal
1613,sténose pulmonaire
1614,voie d' administration
1615,péri
1616,bilan biologique
1617,statistique
1618,agressifs
1619,qualité de la vie
1620,igs
1621,appel téléphonique
1622,cycle
1623,stimulation
1624,myocardiques
1625,intraopératoire
1626,cd4
1627,réadaptation
1628,instruments
1629,circulatoire mécanique
1630,ans
1631,fréquence
1632,sensibilisateur
1633,anthracyclines
1634,paroi
1635,artificiel
1636,pré-probnp
1637,aveugle
1638,b1
1639,non-spécialistes
1640,endurance
1641,dilatation
1642,buts
1643,système nerveux
1644,bioélectrique
1645,hypersensibilité
1646,organisation
1647,greffe
1648,asynchronisme
1649,choc
1650,dysfonction endothéliale
1651,considérablement
1652,noradrénaline plasmatique
1653,sécurité
1654,exerce
1655,stratégies
1656,t-elle
1657,ventriculaire gauche
1658,contrôler
1659,amélioré
1660,facteurs aggravants
1661,idiopathique
1662,nébuleuse
1663,dosages
1664,convaincants
1665,myélinolyse
1666,contre-indication
1667,durée
1668,révélatrices
1669,hplc
1670,cardiomyocyte
1671,endocarties
1672,hypertendu
1673,gault
1674,thrombopénie
1675,prolongé
1676,ablation
1677,perte d' autonomie fonctionnelle
1678,inhiber
1679,échographie-doppler
1680,oxydatives
1681,transoesophagienne
1682,périopératoires
1683,louis-pradel
1684,consécutifs
1685,second
1686,non-peptidiques
1687,débit
1688,péjoratif
1689,développement
1690,série de pathologies
1691,trans-mitral
1692,bloqueurs
1693,pneumothorax
1694,paroi libre
1695,radiographie thoracique
1696,surveillance permanente
1697,rétablie
1698,néonatale
1699,parrainage
1700,surmortalité
1701,respectivement
1702,angiotensine
1703,courbes
1704,tubulaire
1705,diabète
1706,séronégatives
1707,exégèse
1708,essentiels
1709,expansion volémique
1710,méta-analyse
1711,antiangineux
1712,épidémiologique
1713,atrio-ventriculaire
1714,conversion
1715,ntg
1716,agissait
1717,équipes
1718,suivi
1719,rémission
1720,macrophages
1721,organiques
1722,inciter
1723,antithyroïdiens
1724,hla
1725,infection
1726,oedemes
1727,systoliques
1728,viraux
1729,thrombophilie
1730,insuffi
1731,électrocardiographique
1732,observation
1733,péricardique
1734,grave
1735,routine
1736,diastole
1737,éjection ventriculaire gauche
1738,postcapillaire
1739,prometteurs
1740,perfusion
1741,cérébraux
1742,ligature
1743,incapacités
1744,apoptose
1745,changements
1746,anticoaaulation
1747,rique
1748,nette corrélation
1749,thérapeutiques in utero
1750,dépression
1751,immunohistochimiques
1752,technologiques
1753,tour
1754,cardiac
1755,pulmonaire
1756,canis
1757,burkina faso
1758,plasmatiques
1759,circulantes libres
1760,artère rénale
1761,défibrillateurs
1762,min
1763,anasarque
1764,évolution progressive
1765,myofibrilles
1766,après-midi
1767,avitaminose
1768,arrêt
1769,eau
1770,percutanée
1771,vitesse de propagation
1772,remplacement valvulaire
1773,inapparente
1774,hémoglobinémie
1775,europe
1776,patiente
1777,statines
1778,français
1779,myofibrillaire
1780,enregistrement holter
1781,circulatoire
1782,extension intra-cardiaque
1783,délimiter
1784,justification
1785,foetale
1786,traitement
1787,févg
1788,rôle
1789,bosentan
1790,différence
1791,isotopique
1792,multiviscérales
1793,appoint
1794,hypertensive
1795,qt
1796,patients
1797,thrombi
1798,hospitalisation
1799,soins de confort
1800,extra-corporelle
1801,œdème pulmonaire
1802,hta
1803,mère
1804,repose
1805,point de vue
1806,interroger
1807,inflammation
1808,masse
1809,affection circulatoire
1810,plateau
1811,sériques
1812,étudier
1813,long
1814,facteur indépendant
1815,anticoagulant
1816,moléculaire
1817,sous-groupes
1818,poids
1819,pics
1820,thiaminémie
1821,biomarqueur
1822,facteurs de risque
1823,psychique
1824,échographie cardiaque
1825,v3
1826,pu
1827,thrombolyse
1828,complexe
1829,équipe paramédicale
1830,oncologues
1831,obstructifs
1832,mise
1833,assurance-maladie
1834,vaptans
1835,dispositions
1836,battements
1837,thrombolytiques
1838,churg-strauss
1839,morbide mortalité
1840,symptômes
1841,natriurétiques
1842,acv
1843,systématique
1844,étude prospective
1845,séropositives
1846,néonatologues
1847,positifs
1848,augmente
1849,rétention
1850,tension
1851,conclusion
1852,permi
1853,bienfaits
1854,biopsies
1855,secondes
1856,électrocardiogramme
1857,échocardiographique
1858,fevg
1859,énergie
1860,relaxer
1861,défaillance
1862,perdue de vue
1863,inexpliquées
1864,a-t-elle
1865,électriques
1866,1'icc
1867,système cardiovasculaire
1868,vérapamil
1869,étude épidémiologique
1870,cinétique
1871,dispositifs
1872,distribution binomiale
1873,hypothyroïdie
1874,fibromes
1875,tachyarythmie
1876,erreur
1877,myocardite
1878,endormir
1879,implantation
1880,progression
1881,icd
1882,transductal
1883,décompensés
1884,bénigne
1885,pays en développement
1886,facteurs nutritionnels
1887,prenantes
1888,inexpliquée
1889,évolutifs
1890,endomyocardiques
1891,diabétiques
1892,rhabdomyomes
1893,clivé
1894,demi
1895,évacuation
1896,coefficient de corrélation
1897,stimulation cardiaque
1898,négligée
1899,congolais
1900,cœur
1901,jonctions
1902,ira
1903,partiel
1904,morphologique
1905,musculaire
1906,paramètres
1907,évolutif
1908,absorption
1909,foetaux
1910,approche globale
1911,recruté
1912,prématuré
1913,échographique
1914,réactives
1915,hypercapnie
1916,réadaptation physique
1917,étaint allongé
1918,interprétation
1919,combinés
1920,pompes
1921,remplacement
1922,abdominale
1923,se
1924,artériel
1925,suite
1926,dilatation ventriculaire droite
1927,fractionnelle
1928,heures
1929,physiopathologie
1930,électromécaniques
1931,secondaires
1932,anévrysme
1933,interroge
1934,récupéré
1935,cancérologie
1936,cathétérisme
1937,peptide
1938,directives
1939,myocardiopathie
1940,isolation
1941,antécédents
1942,sous-utilisés
1943,hypoxémie
1944,turbine
1945,maniable
1946,a fortiori
1947,agressions
1948,malnutries
1949,surinfection bronchique
1950,relaxation
1951,crt
1952,expression
1953,réponse aiguë
1954,polyarthrite destructrice
1955,cardio(néphro)
1956,fonction rénale
1957,évidence
1958,séquelle
1959,secondaire
1960,tendent
1961,réponse anormale
1962,regroupant
1963,généraux
1964,système de conduction
1965,intriquer
1966,résistine
1967,redoutables
1968,arsenic
1969,retenu
1970,péri-opératoires
1971,baroréflexe
1972,furosémide
1973,enfance
1974,intra-veineuse cave
1975,entourées de fibrose
1976,défaillance cardiaque
1977,nouveau-nés
1978,dysfonction
1979,béribéri cardiaque
1980,forts
1981,activité
1982,désensibilisation
1983,isomérisme gauche
1984,faisceau
1985,équipe éducative
1986,réciproque
1987,alimentaire
1988,desmosomes
1989,endocarditiques
1990,matrice
1991,détresse
1992,avant-bras
1993,point
1994,angor
1995,déclampage
1996,mitro-aortiques
1997,augmenté
1998,aggravants
1999,pierre d' angulaire
2000,systèmes pneumatiques
2001,paramédicaux
2002,rénine–angiotensine–aldostérone
2003,abaisser
2004,auc
2005,augmentation
2006,cardiaque gauche
2007,polyarthrite
2008,tout-trans-rétinoïque
2009,abaissée
2010,aldostérone
2011,hyponatrémie
2012,adénoviraux
2013,parité
2014,technologies
2015,étude rétrospective
2016,systole auriculaire
2017,apparition
2018,peptides
2019,expansion
2020,adrénergiques
2021,sance cardiaque
2022,hospitalier
2023,électrolytes
2024,symptomatologie
2025,atriale
2026,affectif
2027,hémocultures
2028,variabilité
2029,réentraînement physique
2030,émergence
2031,artérielles
2032,prostaglandines
2033,veineuse
2034,co-morbidités
2035,pulmonaires
2036,type-b
2037,handicap
2038,dilaté
2039,douleurs
2040,débit cardiaque
2041,protéomique
2042,aggravantes
2043,tsm
2044,complique fréquemment
2045,génique cardiaque
2046,phase
2047,dipyridamole-thallium
2048,de15
2049,amylose cardiaque
2050,détectés
2051,psychomoteur
2052,étiologie
2053,électrodes
2054,apposition
2055,inadvertance
2056,seize
2057,pointe
2058,mort
2059,ara2
2060,sarcomes
2061,renouvellements
2062,hmg
2063,pressions
2064,décompensation
2065,mcdi
2066,cause primaire
2067,cardiovasculaires
2068,oeuvre
2069,contrepulsion
2070,périphériques
2071,européenne de cardiologie
2072,post-infarctus
2073,bradykinine
2074,fonction respiratoire
2075,hypothèse d' une infection
2076,planifier
2077,dosage plasmatique
2078,vascularisation
2079,réponse rénale
2080,rhumatoïde
2081,coeur
2082,mouvement
2083,hémopathies
2084,intoxications
2085,tubulo-affins
2086,anp
2087,antérieur
2088,bloquer
2089,endoprothèse
2090,sous la courbe
2091,para-annulaires
2092,épiphénomène
2093,d'
2094,intensité
2095,comparaison
2096,insuffisance cardique
2097,physiopathologiques
2098,contractiles
2099,fonction vd
2100,carcinoïdes
2101,généraliste
2102,étude a permis.
2103,cd8
2104,cibles
2105,infracellulaires
2106,excrétion urinaire
2107,réinductibles
2108,dysfonctionnement
2109,révéla-tion
2110,consommation d' oxygène
2111,intra-thoraciques
2112,thromboses
2113,classifications
2114,anti
2115,mitraux
2116,hémoglobine
2117,poursuivi
2118,syndrome cardio-rénal
2119,cim-10
2120,défaillance multiviscérale
2121,dépister
2122,cohortes
2123,hémodynamique droite
2124,statut
2125,rendement
2126,défaillances
2127,pompe
2128,incapacité
2129,antiprolifératif
2130,condition
2131,new york heart association
2132,affections
2133,réseau
2134,conduction
2135,pluridisciplinaire
2136,récurrence
2137,coronaires
2138,intrarénale
2139,gences
2140,cardiologues
2141,cardiotoxicité
2142,phase aiguë
2143,lymphoplasmocytaires
2144,automatique
2145,reprise
2146,parent
2147,accent
2148,phosphodiestérases
2149,ml
2150,ré-admission
2151,étudiés
2152,ordonnance
2153,cardioversion
2154,géographiques
2155,medline®
2156,évolution démographique
2157,altération
2158,tachycardies
2159,étude doppler
2160,latéral
2161,élimination
2162,pilier
2163,ras
2164,interquartile
2165,cavités
2166,mortalité périopératoire
2167,stimulateur
2168,princeps
2169,série
2170,porteurs
2171,antécédent cardia-vasculaire
2172,antitumoraux
2173,aorto-cave
2174,urodilatine
2175,sécrétion
2176,place en france
2177,décortication
2178,prometteuse
2179,localisations
2180,fonction systolique altérée
2181,cardites
2182,atrioventriculaire
2183,prédicteurs indépendants
2184,congestives
2185,négatives
2186,minéralocorticoïde
2187,abdomen
2188,réanimations
2189,dose
2190,manœuvres
2191,testt
2192,défaillances multiviscérales
2193,agir
2194,soixante
2195,dimension physique
2196,anneau tricuspide
2197,électrique
2198,immunofluorimétriques
2199,porteuse
2200,extralobaire
2201,survie
2202,anténatale
2203,microcirculatoire
2204,complications
2205,approche-t-on
2206,galop
2207,trompeur
2208,ulcéronécrosante
2209,post-charge ventriculaire
2210,pharmacologique
2211,stimulation neurohormonale
2212,scores
2213,c2
2214,ajusté
2215,protéines
2216,gestité
2217,thromboemboliques
2218,dyspnée
2219,prévention primaire de la mort
2220,boissons
2221,bnp
2222,fonction systolique
2223,lésions cardiaques
2224,rénine-angiotensine-aldostérone
2225,héparine relayé
2226,fuites valvulaires
2227,général
2228,dysthyroïdie
2229,aigu fébrile mimant
2230,dialysé
2231,tests
2232,apex
2233,néo-angiogenèse
2234,remède authentique
2235,étiologiques
2236,fœtus
2237,milieu cardiologique
2238,congestifs
2239,sèche
2240,internes
2241,pénurie de greffons
2242,valvulopathies
2243,insulinorésistantes
2244,néonatales
2245,exercice
2246,patient
2247,débit pulmonaire
2248,sous-jacents
2249,approche thérapeutique
2250,variations
2251,juger
2252,introduits
2253,cyanose
2254,amélioration
2255,période
2256,aigu
2257,septum
2258,génique myocardique
2259,sodé
2260,orthotopique
2261,endothéline
2262,française
2263,unités
2264,cim-9
2265,nucléaire
2266,retenir
2267,ni
2268,tumeurs
2269,étude epical
2270,épuisement
2271,système conductif
2272,gestes
2273,transplantation pulmonaire
2274,antérieure
2275,marqueurs
2276,moyen
2277,dysfonctionnements
2278,sclérose en plaques
2279,pédiatres
2280,fraction
2281,administratives
2282,sus-hépatiques
2283,trompeurs
2284,fréquence cardiaque
2285,dysfonction cardiaque
2286,processus continu
2287,double
2288,évolution défavorable
2289,fréquemment
2290,mitrale fonctionnelle
2291,authentifier
2292,mécanismes
2293,élucidée
2294,métabolisme
2295,dysthyroïdies
2296,vingtième
2297,hypocalcémie
2298,valables
2299,pédiatrie
2300,dispositif
2301,confirmer
2302,œdème
2303,aiguë fulminante
2304,congénitales
2305,compétence
2306,oreillettes
2307,rhumatologique
2308,croyance courante
2309,cardiomyopathie
2310,septal
2311,paires
2312,cardiaque
2313,central
2314,vecteurs viraux
2315,multicentrique
2316,découpée
2317,étude charm-added
2318,galien
2319,tsh
2320,canal artériel
2321,tissu
2322,perturbations
2323,centrer
2324,abcès
2325,soins en fin de vie
2326,molécules
2327,thrombus
2328,groupes
2329,vieillard
2330,hypertensions
2331,resynchronisation
2332,remplissage ventriculaire
2333,amyloïdose
2334,conduite
2335,ms
2336,pronostic
2337,suractivation
2338,épanchements
2339,montrait
2340,bradycardisants
2341,dialogue
2342,diastoliques
2343,normalisation
2344,alitement
2345,inférieure
2346,couchement
2347,sollicitation active
2348,jonctionnelle
2349,résumeé
2350,indométacine
2351,pratique
2352,tad
2353,vasculaire
2354,an
2355,icb
2356,fœtale
2357,mise en garde
2358,lacunes
2359,énalapril
2360,chimiothérapies
2361,immunosuppression
2362,anatomopathologique
2363,retardé
2364,lésions
2365,co-morbidité
2366,somnologue
2367,isotopiques
2368,classe iii
2369,cesse
2370,quasinormal
2371,contractile
2372,ouverture
2373,mutations
2374,intraventriculaires
2375,décompensation cardiaque
2376,icfep
2377,créatinine
2378,pronostiques
2379,efficacité
2380,prothrombine
2381,rétrograde
2382,variable
2383,nécropsiques
2384,phase terminale
2385,aiguës
2386,systèmes
2387,compétences
2388,ultérieure
2389,augmentation d' hospitalisation
2390,coronaropathies
2391,épidémie
2392,endothélial
2393,intensités
2394,cardiologues libéraux
2395,hypoxie
2396,crpus
2397,600fca
2398,insuffisance coronarienne
2399,repos
2400,auto-immune
2401,enquête nationale
2402,font
2403,points
2404,cardiovasculaire
2405,stimulation cardiaque multisite
2406,droit
2407,ccc
2408,élève
2409,réanimateurs
2410,bactériologiques
2411,haute performance
2412,lymphoma
2413,midodrine
2414,progressive
2415,surveillance cardiaque
2416,amélioration fonctionnelle
2417,introduite en france
2418,morts
2419,génétiques
2420,anatomie
2421,revascularisation
2422,lisinopril
2423,trois
2424,suraiguë
2425,fonction cardiaque
2426,capacité d' effort
2427,matériel
2428,fistules
2429,rétention hydrosodée
2430,sortie
2431,interrogés
2432,courantes
2433,valsartan
2434,risque
2435,études en population
2436,poumon
2437,cnp
2438,estimée
2439,dysfonction neurohormonale
2440,mécanique
2441,séquestration
2442,système rénine-angiotensine
2443,constitution
2444,échocardiogramme
2445,prix
2446,transition
2447,cellulaires
2448,angioplastie
2449,thiazide
2450,médiastinale
2451,1er
2452,pas
2453,constrictive
2454,variables
2455,diurne
2456,surrénales
2457,isoprotérénol
2458,fonctionnelle
2459,casseurs de ponts
2460,rr
2461,stabilisants de membrane
2462,anti-aldostérone
2463,éléments
2464,réfractaire
2465,chloroquine
2466,nord
2467,suites
2468,fonctionnel
2469,post-ischémique
2470,dépressif
2471,climatique
2472,amsacrine
2473,agressivité
2474,apprentissage
2475,répondeurs
2476,classification fonctionnelle
2477,observations
2478,épaisseur
2479,lien
2480,hyperkinésie
2481,diamètre de la coronaire fistuleuse
2482,prostacycline
2483,surpoids
2484,pic de vo2
2485,antivitamines
2486,clef
2487,myocarde
2488,biopsie endomyocardique
2489,antérieures
2490,congé hospitalier
2491,réadaptation cardiovasculaire
2492,relaxation active
2493,fœtales
2494,branches
2495,réglons
2496,envergure
2497,léiomyomatose
2498,production de cellules
2499,obstétrique
2500,pg
2501,im
2502,remodelage
2503,entre
2504,antécédent cardiaque
2505,diurétiques parentéraux
2506,amlodipine
2507,préliminaires
2508,n-terminal
2509,urgences
2510,anticancéreux
2511,classique
2512,coûteuse
2513,séances
2514,dysfonction systolique
2515,contraction
2516,évolutive
2517,torpide
2518,éloignement
2519,azolé
2520,écart-type
2521,classe iv
2522,fistule
2523,préopératoire
2524,travail
2525,stimulation biventriculaire
2526,brazzaville
2527,ampoule
2528,vasculaires
2529,postopératoires
2530,atteinte thyroïdienne
2531,séquestration pulmonaire
2532,ľinsuffisance
2533,reins
2534,ventriculogramme
2535,antiplaquettaires
2536,urémie
2537,auriculo-ventriculaire
2538,patientes
2539,population
2540,correction
2541,comparaisons
2542,démence
2543,myocytes
2544,feinstein
2545,obstétricales
2546,bras
2547,amorce
2548,intrapleurales
2549,cardiomyoplastie
2550,post-partum
2551,antérieurement
2552,dt2
2553,étude a porté
2554,anticorps
2555,dimension incapacité
2556,améliorations
2557,production de cytokines
2558,dilatées
2559,longitudinale
2560,vole
